province,year,track,name_anon,gender,total_score,high_school,hs_city,is_tie,is_bonus_adj,college,note
河南,1985,理,岳*,M,NA,民权高中,NA,0,0,清华,录取清华
河南,1985,文,马*,M,NA,开封二十五中,NA,0,0,NA,
河南,1986,理,张*,NA,641,信阳高中,NA,0,0,NA,
河南,1986,文,吴*,M,584,罗山高中,NA,0,0,NA,
河南,1986,外,朱*,NA,556,信阳高中,NA,0,0,NA,文科外语类状元
河南,1988,理,欧*,NA,622,信阳高中,NA,0,0,NA,并列
河南,1988,理,乐*,M,NA,开封高中,NA,0,0,NA,并列
河南,1988,文,马*,NA,NA,舞钢一高,NA,0,0,NA,
河南,1989,理,周*,NA,NA,开封高中,NA,0,0,NA,
河南,1990,理,李*,NA,NA,柘城一高,NA,0,0,NA,
河南,1990,文,张*,M,NA,驻马店高中,NA,0,0,人大国际金融,并列;录取人大国际金融
河南,1990,文,张*,M,507,禹州一高,NA,0,0,NA,并列
河南,1990,外,张*,NA,NA,淮滨高中,NA,0,0,NA,文科外语类状元
河南,1991,理,(佚名),NA,622,洛阳一高,NA,0,0,北大无线电,姓名未公开;录取北大无线电
河南,1991,文,傅*,NA,546,邓州一高,NA,0,0,NA,
河南,1992,理,李*,NA,637,偃师高中,NA,0,0,NA,
河南,1993,理,杨*,NA,602,新乡一中,NA,0,0,NA,
河南,1993,理,(佚名),NA,NA,洛阳一高,NA,0,0,NA,并列;姓名未公开
河南,1993,文,穆*,M,NA,舞钢一高,NA,0,0,北大,录取北大
河南,1994,理,朱*,NA,900,信阳高中,NA,0,0,清华自动控制,标准分900制;录取清华自动控制;并列
河南,1994,理,高*,M,900,清丰一高,NA,0,0,清华,标准分900制;录取清华;并列
河南,1994,理,杨*,NA,900,新乡一中,NA,0,0,NA,标准分900制;并列
河南,1994,文,宋*,NA,900,孟津一高,NA,0,0,NA,标准分900制;并列
河南,1994,文,魏*,NA,900,郑州外国语学校,NA,0,0,NA,标准分900制;并列
河南,1994,外,田*,F,NA,郑州外国语学校,NA,0,0,NA,文科外语类状元
河南,1995,理,李*,NA,900,临颍一高,NA,0,0,NA,标准分900制;并列
河南,1995,理,朱*,M,900,洛阳一高,NA,0,0,NA,标准分900制;并列
河南,1995,理,崔*,M,900,温县一高,NA,0,0,清华土木建筑,标准分900制;并列;录取清华土木建筑
河南,1995,文,张*,F,900,许昌二高,NA,0,0,NA,标准分900制;并列
河南,1995,文,邹*,F,900,光山二高,NA,0,0,NA,标准分900制;并列
河南,1996,理,崔*,NA,900,新密实验高中,NA,0,0,NA,标准分900制
河南,1996,文,朱*,NA,900,信阳四高,NA,0,0,NA,标准分900制;并列
河南,1996,文,唐*,NA,900,浚县一中,NA,0,0,北大,标准分900制;并列;录取北大
河南,1996,文,孙*,NA,900,河南大学附中,NA,0,0,NA,标准分900制;并列
河南,1997,理,曹*,NA,900,新郑一中,NA,0,0,NA,标准分900制;并列
河南,1997,理,贾*,NA,900,鲁山一高,NA,0,0,NA,标准分900制;并列
河南,1997,文,窦*,NA,900,濮阳油田一中,NA,0,0,NA,"标准分900制;注:知乎旧版误标理科,以原文修正为文科"
河南,1997,文,胡*,NA,900,新郑一中,NA,0,0,NA,标准分900制
河南,1998,理,王*,F,900,新乡一中,NA,0,0,NA,标准分900制;并列
河南,1998,理,丁*,M,900,信阳高中,NA,0,0,北大计算机,标准分900制;并列;录取北大计算机
河南,1998,理,冯*,M,900,潢川高中,NA,0,0,NA,标准分900制;并列
河南,1998,文,魏*,NA,900,遂平一高,NA,0,0,武大法学,标准分900制;并列;录取武大法学
河南,1998,文,盛*,F,900,长葛一高,NA,0,0,北大,标准分900制;并列;录取北大
河南,1999,理,柳*,NA,900,开封高中,NA,0,0,NA,标准分900制;并列;当年原始分最高:理681文627
河南,1999,理,刘*,NA,900,柘城一高,NA,0,0,清华化学,标准分900制;并列;录取清华化学
河南,1999,理,别*,M,900,内乡高中,NA,0,0,NA,标准分900制;并列
河南,1999,理,赵*,NA,900,内黄一中,NA,0,0,NA,标准分900制;并列
河南,1999,理,徐*,NA,900,新乡一中,NA,0,0,NA,标准分900制;并列
河南,1999,文,刘*,M,900,平顶山实验高中,NA,0,0,NA,标准分900制
河南,2000,理,穆*,M,900,项城一高,NA,0,0,北大计算机,标准分900制;复读生(1999=729);原始分691;语793数855英824物780化755;录取北大计算机
河南,2000,理,李*,F,900,洛阳理工学院附中,NA,0,0,清华自动化,标准分900制;语815数895英750物691化873;录取清华自动化;并列
河南,2000,理,关*,NA,900,辉县一中,NA,0,0,北大计算机,标准分900制;语851数794英766物848化678;录取北大计算机;并列
河南,2000,理,何*,F,900,新乡一中,NA,0,0,清华生物,标准分900制;女(原文'她');14岁;语698数802英837物822化774;录取清华生物;并列
河南,2000,文,高*,F,900,濮阳县三中,NA,0,0,北大经济学院,标准分900制;女(原文'她');原始分635(语118数138英137政116史126);录取北大经济学院;并列
河南,2000,文,陈*,NA,900,邓州一高,NA,0,0,NA,标准分900制;并列
河南,2001,综,赵*,NA,559,信阳高中,NA,0,1,清华,3+大综合;含加分20裸分539;总分状元;录取清华
河南,2001,综,刘*,M,543,南阳二中,NA,0,0,北大天文,3+大综合;男(原文'他');裸分状元;大综合139;录取北大天文
河南,2001,综,王*,NA,543,濮阳油田一中,NA,0,0,NA,3+大综合;裸分状元并列
河南,2002,综,刘*,F,686,社旗一高,NA,0,0,清华计算机,3+大综合;女(原文'她');语140数144英136综266;录取清华计算机
河南,2002,综,孟*,NA,NA,开封高中,NA,0,0,NA,3+大综合;并列
河南,2003,综,徐*,NA,697,郑州一零一中学,NA,0,1,北大光华,3+大综合;含加分20裸分677;总分状元;录取北大光华
河南,2003,综,马*,M,680,杞县高中,NA,0,0,清华计算机,3+大综合;男(原文'他');裸分状元;语123数139英133综285;录取清华计算机
河南,2004,理,刘*,M,739,信阳高中,NA,0,1,清华生命科学,男(原文'他');含加分20裸分719;语124数148英147综300;录取清华生命科学
河南,2004,文,杨*,NA,681,项城一高,NA,0,0,NA,语130数147英138综266
河南,2005,理,王*,M,708,河南省实验中学,NA,0,1,NA,含加分20裸分688;语116数144英148综280
河南,2005,文,杨*,F,662,驻马店高中,NA,0,0,北大元培,女(原文'她');语127数138英143综254;录取北大元培
河南,2006,理,张*,M,692,新郑二中分校,NA,0,0,NA,语121数150英138综283
河南,2006,文,王*,NA,680,濮阳油田一中,NA,0,0,NA,语118数145英139综278
河南,2007,理,樊*,NA,712,淮阳中学,NA,0,1,NA,含加分20裸分692;总分状元
河南,2007,理,范*,F,705,安阳一中,NA,0,0,北大,女(原文'她');裸分状元;语138数146英138综283;录取北大
河南,2007,文,马*,F,667,洛阳一高,NA,0,0,北大,女(原文'她');语127数150英142综248;录取北大
河南,2008,理,刘*,M,698,项城三高,NA,0,0,NA,语131数142外144综281
河南,2008,文,尤*,F,667,北大附中河南分校,NA,0,0,北大元培,女(原文'她');复读生(2007=611);语130数129英146综262;录取北大元培
河南,2009,理,杨*,F,705,开封高中,NA,0,1,清华,含加分20裸分685;总分状元;录取清华
河南,2009,理,庞*,M,693,禹州一高,NA,0,0,清华,男(原文'他');裸分状元;复读生(2008=621);语117数143英142综291;录取清华
河南,2009,文,李*,NA,657,开封高中,NA,0,1,北大,含加分20裸分637;总分状元;录取北大
河南,2009,文,张*,F,648,新郑一中分校,NA,0,0,清华,女(原文'她');裸分状元;复读生;语128数142英143综235;录取清华
河南,2010,理,姚*,M,681,洛阳东方高中,NA,0,1,NA,含加分20裸分661;总分状元;语118数135英139综269
河南,2010,理,杨*,M,678,濮阳油田一中,NA,0,0,清华计算机,男(原文'他');裸分状元;语117数135英143综283;录取清华计算机
河南,2010,文,何*,F,645,罗山高中,NA,0,0,NA,语116数144英139综246
河南,2011,理,谢*,M,720,固始慈济高中,NA,0,1,NA,含加分20裸分700;总分状元;语123数149外138综290
河南,2011,理,卞*,NA,707,濮阳油田一中,NA,0,0,清华,裸分状元;语119数144外146综298;录取清华
河南,2011,文,王*,NA,680,开封高中,NA,0,1,清华,含加分20裸分660;总分状元;录取清华
河南,2012,理,陈*,NA,716,郸城一高,NA,0,1,清华,含加分20裸分696;语127数142英139综288;录取清华
河南,2012,文,于*,NA,673,林州一中,NA,0,0,NA,语137数136外141综259
河南,2013,理,孙*,NA,684,淮阳中学,NA,0,0,清华电子工程,语128数148英138综270;录取清华电子工程
河南,2013,文,王*,NA,658,内黄一中,NA,0,1,NA,含加分20裸分638
河南,2014,理,曹*,F,706,开封高中,NA,0,0,北大,女(原文'她');语138数139英148综281;录取北大
河南,2014,文,齐*,NA,665,漯河高中,NA,0,1,北大光华,含加分10裸分655;总分状元;录取北大光华
河南,2014,文,齐*,NA,662,郑州外国语学校,NA,0,0,北大光华,裸分状元;录取北大光华
河南,2015,理,祝*,NA,704,太康一高,NA,0,0,NA,
河南,2015,文,胡*,NA,638,扶沟高中,NA,0,0,NA,
河南,2016,理,刘*,M,709,南阳一中,NA,0,0,NA,语124数144英144综297
河南,2016,文,刘*,M,660,南阳一中,NA,0,0,NA,语130数141英145综244
河南,2017,理,陈*,M,703,临颍一高,NA,0,0,NA,语129数143英146综285
河南,2017,文,吴*,F,676,西峡一高,NA,0,0,北大光华,女(原文'她');录取北大光华
河南,2018,理,朱*,F,707,郸城一高,NA,0,0,NA,女(原文'她');复读生(原郑州一中);语128数148英142综289
河南,2018,文,勾*,F,689,南阳一中,NA,0,0,北大光华,女(原文'她');语127数147英142综273;录取北大光华
河南,2019,理,李*,F,702,郑州外国语学校,NA,0,0,清华自动化与工业工程,并列;录取清华自动化与工业工程
河南,2019,理,鲁*,NA,702,焦作宇华实验学校,NA,0,0,清华新雅,并列;语138数137英144综283;录取清华新雅
河南,2019,文,高*,M,663,信阳二高,NA,0,0,NA,语135数141英134综253
河南,2020,理,李*,M,724,固始高中,NA,0,0,清华计算机与金融双学位,男(原文'他');并列;语136数147英147综294;录取清华计算机与金融双学位
河南,2020,理,李*,F,724,郑州外国语学校,NA,0,0,北大元培,并列;语137数145外144综298;录取北大元培
河南,2020,文,赵*,F,679,荥阳高中,NA,0,0,北大艺术学院,女(原文'她');语133数144英146综256;录取北大艺术学院
河南,2021,理,彭*,M,732,开封高中,NA,0,1,清华交叉信息研究院,男(原文'他');含加分5裸分727;语134数149英149综295;录取清华交叉信息研究院
河南,2021,文,彭*,M,689,开封高中,NA,0,0,清华新雅,男(原文'他');语139数149英147综254;录取清华新雅
河南,2022,理,赵*,M,709,洛阳一高,NA,0,0,清华自动化,男(原文'他');语139数141英146综283;录取清华自动化
河南,2022,文,李*,F,675,郑州外国语学校,NA,0,0,北大光华,女(原文'她');语133数136外146综260;录取北大光华
河南,2023,理,职*,NA,718,南阳一中,NA,0,0,北大元培,语140数143英142综293;录取北大元培
河南,2023,文,郑*,F,693,林州一中,NA,0,0,清华新雅,女(原文'她');语139数150英141综263;录取清华新雅
河南,2024,理,原*,M,721,林州一中,NA,0,0,清华计算机,男(原文'他');语141数141外142综297;录取清华计算机
河南,2024,文,潘*,F,687,信阳高中,NA,0,0,NA,女(原文'她');复读生(2022年考入上交后退学);语140数123英145综279
河南,2025,物理类,代*,F,724,开封高中,NA,0,0,北大元培,女(搜狐报道确认);语140数150外141物98化99生96;录取北大元培;新高考3+1+2
河南,2025,历史类,冯*,F,697,济源一中,NA,0,0,清华,语132数136英145史86政98地100;录取清华;新高考3+1+2
河南,2026,物理类,韩*,NA,718,郸城一高,NA,0,0,NA,语134数145外145物99化97生98
河南,2026,历史类,张*,NA,695,信阳高中,NA,0,0,NA,语138数126外147史92政96地96
甘肃,1984,理,刘*,NA,NA,兰州一中,NA,0,0,清华,录取清华
甘肃,1984,文,王*,NA,NA,兰州一中,NA,0,0,复旦,录取复旦
甘肃,1986,外,杨*,NA,NA,兰州一中,NA,0,0,北大,文科外语类最高分;录取北大
甘肃,1987,文,金*,NA,NA,兰州一中,NA,0,0,复旦,录取复旦
甘肃,1988,文,宋*,NA,NA,兰州一中,NA,0,0,北京第二外国语学院,录取北京第二外国语学院
甘肃,1989,文,吴*,NA,NA,兰州一中,NA,0,0,对外经济贸易大学,录取对外经济贸易大学
甘肃,1996,理,刘*,NA,NA,兰炼一中,NA,0,0,清华,录取清华
甘肃,1997,理,张*,F,NA,兰州一中,NA,0,0,清华,录取清华
甘肃,1999,理,颉*,M,677,靖远矿务局一中,NA,0,0,北大元培,录取北大元培
甘肃,1999,文,张*,NA,NA,白银公司二中,NA,0,0,北大,录取北大
甘肃,2000,理,陈*,NA,669,兰铁一中,NA,0,0,清华电子工程,录取清华电子工程
甘肃,2000,文,郭*,NA,607,会宁一中,NA,0,0,北大法学,录取北大法学
甘肃,2001,理,张*,M,692,兰州一中,NA,0,0,清华,录取清华
甘肃,2001,文,于*,NA,638,酒钢三中,NA,0,0,北大法学,录取北大法学
甘肃,2002,理,高*,NA,683,白银十中,NA,0,0,清华,录取清华
甘肃,2002,文,张*,F,652,酒钢三中,NA,0,0,北大,录取北大
甘肃,2003,理,陈*,NA,677,兰州一中,NA,0,0,北大,录取北大
甘肃,2003,文,陈*,NA,643,皋兰一中,NA,0,0,北大,录取北大
甘肃,2004,理,郭*,F,711,张掖中学,NA,0,0,中科大,录取中科大
甘肃,2004,文,庆*,NA,683,临洮中学,NA,0,0,北大工商管理,录取北大工商管理
甘肃,2005,理,李*,M,703,兰州二中,NA,0,0,清华工商管理类,录取清华工商管理类
甘肃,2005,文,张*,NA,668,陇东中学,NA,0,0,人大,录取人大
甘肃,2006,理,周*,NA,702,兰州一中,NA,0,0,清华,录取清华
甘肃,2006,文,薛*,M,664,酒钢三中,NA,0,0,北大,录取北大
甘肃,2007,理,马*,M,711,会宁二中,NA,0,0,清华,录取清华
甘肃,2007,文,魏*,F,670,皋兰一中,NA,0,0,人大,录取人大
甘肃,2008,理,陈*,NA,698,庄浪一中,NA,0,0,清华,录取清华
甘肃,2008,文,阚*,NA,658,嘉峪关一中,NA,0,0,NA,
甘肃,2009,理,赵*,NA,690,天水一中,NA,0,0,清华,录取清华
甘肃,2009,文,梁*,NA,622.5,临夏中学,NA,0,0,清华金融系,录取清华金融系
甘肃,2010,理,党*,F,685,西北师大附中,NA,0,0,清华,录取清华
甘肃,2010,文,金*,NA,620,民乐一中,NA,0,0,清华经管,并列;录取清华经管
甘肃,2010,文,贺*,NA,620,酒钢三中,NA,0,0,北大光华,并列;录取北大光华
甘肃,2010,文,汪*,NA,620,西北师大附中,NA,0,0,北大光华,并列;录取北大光华
甘肃,2011,理,陈*,NA,685,天水一中,NA,0,0,清华,录取清华
甘肃,2011,文,赵*,F,648,兰州一中,NA,0,0,北大,录取北大
甘肃,2012,理,唐*,M,695,天水九中,NA,0,1,清华建筑,含加分10裸分685;录取清华建筑
甘肃,2012,文,郑*,NA,637,兰州一中,NA,0,0,清华经管,并列;录取清华经管
甘肃,2012,文,郭*,F,637,西北师大附中,NA,0,0,港大,并列;女(eol报道'留着短发的女孩');录取港大
甘肃,2013,理,李*,NA,674,西北师大附中,NA,0,0,清华,录取清华
甘肃,2013,文,祁*,NA,642,西北师大附中,NA,0,0,北大元培,录取北大元培;别名'祁萧'
甘肃,2014,理,柴*,F,687,西北师大附中,NA,0,0,北大,并列;录取北大
甘肃,2014,理,郭*,M,687,庆阳一中,NA,0,0,北大,并列;录取北大
甘肃,2014,文,张*,NA,646,西北师大附中,NA,0,0,清华,录取清华
甘肃,2015,理,王*,NA,676,民乐一中,NA,0,0,清华,录取清华
甘肃,2015,文,惠*,F,660,西北师大附中,NA,0,0,北大,录取北大
甘肃,2016,理,范*,F,690,通渭一中,NA,0,0,清华医学实验班,并列;录取清华医学实验班
甘肃,2016,理,胡*,M,690,西北师大附中,NA,0,0,北大,并列;录取北大
甘肃,2016,理,王*,NA,690,西北师大附中,NA,0,0,清华,并列;录取清华
甘肃,2016,文,李*,F,638,白银十中,NA,0,0,北大,录取北大
甘肃,2017,理,肖*,NA,691,兰州一中,NA,0,0,清华钱学森力学班,录取清华钱学森力学班
甘肃,2017,文,熊*,NA,654,西北师大附中,NA,0,0,北大,录取北大
甘肃,2018,理,朱*,NA,691,定西一中,NA,0,0,清华经管,录取清华经管
甘肃,2018,文,姚*,F,643,平凉一中,NA,0,0,北大,录取北大
甘肃,2019,理,李*,M,694,西北师大附中,NA,0,0,北大元培,并列;录取北大元培
甘肃,2019,理,程*,NA,694,西北师大附中,NA,0,0,清华,并列;录取清华
甘肃,2019,文,杨*,M,666,西北师大附中,NA,0,0,北大,录取北大
甘肃,2020,理,赵*,NA,704,西北师大附中,NA,0,0,清华经管,录取清华经管
甘肃,2020,文,杨*,F,686,民乐一中,NA,0,0,清华经管,录取清华经管
甘肃,2021,理,李*,M,693,西北师大附中,NA,0,0,清华,录取清华
甘肃,2021,文,王*,NA,666,天水一中,NA,0,0,北大,录取北大
甘肃,2022,理,王*,M,674,西北师大附中,NA,0,0,清华,录取清华
甘肃,2022,文,谢*,F,637,兰州衡文中学,NA,0,0,北大文科试验班,复读;录取北大文科试验班
甘肃,2023,理,王*,M,696,西北师大附中,NA,0,0,NA,
甘肃,2023,文,刘*,NA,655,兰炼一中,NA,0,0,北大元培,录取北大元培
甘肃,2024,物理类,马*,NA,702,武威一中,NA,0,0,清华,录取清华
甘肃,2024,历史类,李*,NA,677,北师大庆阳实验学校,NA,0,0,北大元培,录取北大元培
甘肃,2025,物理类,口*,NA,683,平凉一中,NA,0,0,NA,
甘肃,2025,历史类,杨*,NA,690,敦煌中学,NA,0,0,北大,录取北大
甘肃,2026,物理类,安*,NA,706,武威一中,NA,0,0,NA,
甘肃,2026,历史类,王*,F,683,武威一中,NA,0,0,NA,
湖南,1977,文,裴*,NA,NA,安仁一中,NA,0,0,北大历史系考古,录取北大历史系考古
湖南,1979,理,陈*,NA,NA,怀化三中,NA,0,0,中科大,录取中科大
湖南,1980,理,唐*,NA,NA,湘潭市一中,NA,0,0,北大数学,录取北大数学
湖南,1981,理,饶*,M,NA,岳阳县一中,NA,0,0,北大,录取北大
湖南,1983,理,陈*,NA,NA,益阳箴言中学,NA,0,0,清华,录取清华
湖南,1983,文,杨*,NA,NA,邵东三中,NA,0,0,北大,录取北大
湖南,1984,理,曹*,M,NA,益阳箴言中学,NA,0,0,清华,并列;录取清华
湖南,1984,理,陈*,M,NA,新邵一中,NA,0,0,北大,并列;录取北大
湖南,1984,文,汪*,M,NA,湖南师大附中,NA,0,0,北大,录取北大
湖南,1985,理,周*,NA,616,沅江一中,NA,0,0,NA,
湖南,1985,文,杨*,NA,519,湘潭十一中,NA,0,0,北大,录取北大
湖南,1985,外,龙*,NA,547,隆回一中,NA,0,0,复旦中文,文科外语类状元;录取复旦中文
湖南,1986,理,张*,M,NA,武冈二中,NA,0,0,清华现代物理应用,录取清华现代物理应用
湖南,1986,文,刘*,NA,NA,涟源五中,NA,0,0,北师大,录取北师大
湖南,1987,理,胡*,NA,NA,临湘一中,NA,0,0,中科大,录取中科大
湖南,1988,文,李*,F,NA,安仁一中,NA,0,0,北大,女(原文'她');录取北大
湖南,1989,理,李*,NA,NA,临澧太浮镇中学,NA,0,0,中科大,录取中科大
湖南,1989,文,周*,NA,NA,耒阳二中,NA,0,0,北大,录取北大
湖南,1990,理,曾*,NA,NA,冷水江一中,NA,0,0,NA,
湖南,1990,文,彭*,NA,NA,冷水江一中,NA,0,0,NA,
湖南,1991,理,王*,NA,NA,邵东三中,NA,0,0,北大,录取北大
湖南,1992,理,戴*,NA,660,汨罗一中,NA,0,0,清华,录取清华
湖南,1992,文,陈*,NA,NA,岳阳县一中,NA,0,0,北大,并列;录取北大
湖南,1992,文,周*,M,NA,汨罗一中,NA,0,0,人大,并列;录取人大
湖南,1993,文,邓*,NA,NA,桂阳三中,NA,0,0,南京政治学院,并列;录取南京政治学院
湖南,1993,文,戴*,NA,NA,绥宁一中,NA,0,0,NA,并列
湖南,1994,理,游*,NA,675,醴陵一中,NA,0,0,NA,并列
湖南,1994,理,杨*,NA,NA,岳阳县一中,NA,0,0,清华,并列;录取清华
湖南,1994,文,谭*,M,613,醴陵一中,NA,0,0,NA,
湖南,1995,理,李*,NA,675,涟源一中,NA,0,0,清华,录取清华
湖南,1995,文,陈*,M,NA,岳阳县一中,NA,0,0,北大,录取北大
湖南,1996,理,李*,F,657,长沙一中,NA,0,0,清华建筑,女(原文'她');录取清华建筑
湖南,1996,文,欧*,NA,NA,新化一中,NA,0,0,北大社会学,录取北大社会学
湖南,1997,理,秦*,F,NA,郴州一中,NA,0,0,清华自动化,录取清华自动化
湖南,1997,文,刘*,M,NA,冷水江一中,NA,0,0,北大,录取北大
湖南,1998,理,夏*,NA,NA,桃江一中,NA,0,0,清华,录取清华
湖南,1998,文,赵*,M,641,益阳箴言中学,NA,0,0,北大,录取北大
湖南,1999,理,许*,NA,705,株洲二中,NA,0,0,清华,录取清华
湖南,1999,文,龙*,NA,NA,郴州一中,NA,0,0,北大,录取北大
湖南,2000,理,徐*,M,685,长郡中学,NA,0,0,清华计算机,男(原文'他');语113数140英139物147化146;录取清华计算机
湖南,2000,文,宋*,F,675,慈利一中,NA,0,1,北大,含加分;总分状元;录取北大
湖南,2000,文,雷*,F,651,澧县一中,NA,0,0,北大经院,女(原文'她');裸分状元;语137数136外128政126史124;录取北大经院
湖南,2000,外,李*,M,638,湘潭大学子弟学校,NA,0,0,北大外国语德语,男(原文'他');语116数136英136政130史120;录取北大外国语德语
湖南,2001,理,邓*,NA,688,衡阳八中,NA,0,0,清华,录取清华
湖南,2001,文,谭*,F,668,衡东一中,NA,0,0,北大光华,女(原文'她');录取北大光华
湖南,2002,理,刘*,NA,719,涟源一中,NA,0,1,清华,含加分20裸分699;总分状元;录取清华
湖南,2002,理,肖*,M,703,华容一中,NA,0,0,北大,男(原文'他');裸分状元;语126数146外137综294;录取北大
湖南,2002,文,李*,NA,666,湘乡一中,NA,0,0,北大,语130数134外133综269;录取北大
湖南,2003,理,赵*,M,689,桃源一中,NA,0,1,NA,含加分30裸分659;总分状元
湖南,2003,理,彭*,M,661,涟源行知中学,NA,0,0,清华,男(原文'他');裸分状元;语121数144英126综270;录取清华
湖南,2003,文,黄*,F,696,湘潭县一中,NA,0,1,北大,女(原文'她');含加分10裸分686;语132数148外134综272;录取北大
湖南,2004,理,龚*,M,723,桑植一中,NA,0,1,清华电子,男(原文'他');含加分30裸分693;语127数142英132综292;录取清华电子
湖南,2004,文,周*,M,697,长郡中学,NA,0,1,北大,男(原文'他');含加分10裸分687;语120数149英142综276;录取北大
湖南,2005,理,王*,M,716,常宁一中,NA,0,1,清华数理基础,男(原文'他');含加分20裸分696;语127数139英138综292;录取清华数理基础
湖南,2005,文,向*,F,701,湘西民族中学,NA,0,1,北大元培,女;含加分20裸分681;总分状元;录取北大元培
湖南,2005,文,陈*,M,682,衡阳实验中学,NA,0,0,北大光华,男(原文'他');裸分状元;语118数146英136综282;录取北大光华
湖南,2006,理,李*,M,707,郴州一中,NA,0,1,北大,男(原文'他');含加分20裸分687;语128数141英139综279;录取北大
湖南,2006,文,刘*,F,696,怀化铁一中,NA,0,1,北大,女;含加分20裸分676;总分状元;录取北大
湖南,2006,文,高*,F,692,雅礼中学,NA,0,0,清华外语,女(原文'她');裸分状元;语127数140英139综286;录取清华外语
湖南,2007,理,戴*,F,707,湖南师大附中,NA,0,1,清华,女(原文'她');含加分20裸分687;语126数144外137综280;录取清华
湖南,2007,文,李*,F,673,湖南师大附中,NA,0,1,北大,女;含加分20裸分653;总分状元;录取北大
湖南,2007,文,戴*,F,658,长郡中学,NA,0,0,北大,女(原文'她');裸分状元;语122数136英132综268;录取北大
湖南,2007,文,杨*,F,658,长郡中学,NA,0,0,港大,女(原文'她');裸分状元并列;语134数129英140综255;录取港大
湖南,2008,理,张*,M,709,郴州一中,NA,0,1,北大,含加分20裸分689;录取北大
湖南,2008,文,吴*,F,687,湘西民族中学,NA,0,1,北大,女(原文'她');含加分20裸分667;语130数141英134综262;录取北大
湖南,2009,理,柴*,F,702,慈利一中,NA,0,1,清华,女(原文'她');含加分20裸分682;语125数139英142综276;录取清华
湖南,2009,文,徐*,NA,672,怀化铁一中,NA,0,1,NA,含加分20裸分652;总分状元
湖南,2009,文,金*,NA,654,石门一中,NA,0,0,北大,裸分状元;录取北大
湖南,2010,理,王*,NA,710,湖南师大附中,NA,0,1,清华,含加分20裸分690;总分状元;录取清华
湖南,2010,理,龙*,F,695,雅礼中学,NA,0,0,北大,女(原文'她');裸分状元;语121数142英144综288;录取北大
湖南,2010,文,胡*,NA,670,岳阳市一中,NA,0,1,清华,含加分15裸分655;总分状元;录取清华
湖南,2010,文,殷*,F,657,常德芷兰实验学校,NA,0,0,清华法学,女(原文'她');裸分状元;语134数140外140综243;录取清华法学
湖南,2011,理,杨*,F,717,同升湖实验学校,NA,0,1,港大,女(原文'她');含加分20裸分697;复读生(2010=610);语130数133英146综288;录取港大;总分状元
湖南,2011,理,彭*,M,708,石门一中,NA,0,1,清华,男(原文'他');含加分5裸分703;裸分状元;语131数141英142综289;录取清华
湖南,2011,文,何*,F,675,长沙一中,NA,0,1,港大,女(原文'她');含加分20裸分655;总分状元;语127数133英143综252;录取港大
湖南,2011,文,徐*,F,675,湘西民族中学,NA,0,1,北大,女;含加分20裸分655;总分状元并列;录取北大
湖南,2011,文,周*,M,666,长郡中学,NA,0,0,北大元培,男(原文'他');裸分状元;语126数140英144综256;录取北大元培
湖南,2012,理,胡*,M,705,长沙一中,NA,0,1,清华电子,男(原文'他');含加分20裸分685;语116数132英143综294;录取清华电子
湖南,2012,文,袁*,F,682,长沙一中,NA,0,1,港大,女(原文'她');含加分20裸分662;总分状元;录取港大
湖南,2012,文,龙*,F,665,雅礼中学,NA,0,0,清华经管,女(原文'她');裸分状元;语116数138英141综270;录取清华经管
湖南,2013,理,李*,NA,704,雅礼中学,NA,0,1,清华,含加分20裸分684;录取清华
湖南,2013,理,刘*,M,684,耒阳正源中学,NA,0,0,清华,男(原文'他');裸分状元;语115数141英143综285;录取清华
湖南,2013,文,周*,NA,682,湘钢一中,NA,0,1,北大光华,含加分20裸分662;语124数145英142综251;录取北大光华
湖南,2014,理,宋*,M,723,安乡一中,NA,0,1,清华,男(原文'他');含加分15裸分708;语126数142英146综294;录取清华
湖南,2014,文,陈*,M,691,吉首一中,NA,0,1,北大,含加分20裸分671;总分状元;录取北大
湖南,2014,文,陈*,F,684,衡阳八中,NA,0,0,清华外文,女(原文'她');裸分状元;录取清华外文
湖南,2015,理,孙*,M,718,湖南师大附中,NA,0,0,清华,男(原文'他');语133数148英147综290;录取清华
湖南,2015,文,顾*,F,680,桑植一中,NA,0,1,北大,含加分20裸分660;语134数135外146综245;录取北大
湖南,2016,理,杨*,M,708,长郡中学,NA,0,1,北大,男(原文'他');含加分20裸分688;总分状元;语118数140英139综291;录取北大
湖南,2016,理,仇*,M,704,邵东一中,NA,0,0,北大光华,男(原文'他');裸分状元;语124数140英147综293;录取北大光华
湖南,2016,文,李*,F,666,永顺一中,NA,0,1,清华,女(原文'她');含加分20裸分646;总分状元;语120数134英139综253;录取清华
湖南,2016,文,张*,F,655,浏阳田家炳实验中学,NA,0,0,北大,女(原文'她');裸分状元;语122数141英143综249;录取北大
湖南,2017,理,李*,M,703,双峰一中,NA,0,0,清华,男(原文'他');语129数147英141综286;录取清华
湖南,2017,文,刘*,NA,683,会同一中,NA,0,1,NA,含加分10裸分673;总分状元;语128数142外135综268
湖南,2017,文,雷*,F,681,浏阳一中,NA,0,0,北大,女(原文'她');裸分状元;语132数144英142综263;录取北大
湖南,2017,文,王*,NA,681,澧县一中,NA,0,0,北大,裸分状元并列;录取北大
湖南,2018,理,彭*,M,716,湘西民族中学,NA,0,1,清华自动化,男(原文'他');含加分20裸分696;总分状元;录取清华自动化
湖南,2018,理,郑*,M,713,永州四中,NA,0,0,清华计算机,男(原文'他');裸分状元;语125数149英145综294;录取清华计算机
湖南,2018,文,刘*,F,701,雅礼中学,NA,0,0,清华新雅(社会学),女(原文'她');语135数150英148综268;录取清华新雅(社会学)
湖南,2019,理,孟*,F,702,常德一中,NA,0,0,清华,女(原文'她');语125数144外141综292;录取清华
湖南,2019,文,黄*,NA,681,雅礼中学,NA,0,0,北大,并列;语126数145英146综264;录取北大
湖南,2019,文,黄*,NA,681,澧县一中,NA,0,0,北大,并列;数144综270;录取北大
湖南,2020,理,杜*,M,718,文郡洋沙湖中学,NA,0,1,清华,男(原文'他');含加分20裸分698;复读生;总分状元;录取清华
湖南,2020,理,游*,M,710,长郡中学,NA,0,0,北大,男(原文'他');裸分状元;语132数147英143综288;录取北大
湖南,2020,文,何*,M,707,鼎城一中,NA,0,1,清华新雅,男(原文'他');含加分20裸分687;语131数139英148综269;录取清华新雅
湖南,2021,物理类,肖*,F,700,长沙一中,NA,0,0,北大元培(通用人工智能),女(原文'她');语130数137英150物92化95生96;录取北大元培(通用人工智能)
湖南,2021,历史类,代*,NA,683,怀化三中,NA,0,1,北大光华,含加分20裸分663;总分状元;选科史化生;录取北大光华
湖南,2021,历史类,漆*,F,681,慈利一中,NA,0,1,北大光华,女(原文'她');含加分10裸分671;裸分状元;语138数124外142史86政91地90;录取北大光华
湖南,2022,物理类,邹*,M,703,桑植一中,NA,0,1,清华计算机,男(原文'他');含加分20裸分683;总分状元;语126数137外138物89化97生96;录取清华计算机
湖南,2022,物理类,颜*,F,698,衡阳八中,NA,0,0,清华工业工程,男(原文'他');裸分状元;语125数142英142物93化99生97;录取清华工业工程
湖南,2022,历史类,蔡*,NA,672,会同一中,NA,0,1,NA,含加分20裸分652;总分状元;选科史政地
湖南,2022,历史类,李*,F,659,湖南师大二附中,NA,0,0,北大光华,"女(原文'她');裸分状元;复读生(2021考入华中科大,2021八省联考历史类第1);语124数118外143史83政93地98;录取北大光华"
湖南,2023,物理类,陈*,M,717,长郡中学,NA,0,0,北大元培(通用人工智能),男(原文'他');语133数146外146物98化99生95;录取北大元培(通用人工智能)
湖南,2023,历史类,李*,M,686,冷水江一中,NA,0,0,清华新雅,语127数139英145史88政93地94;录取清华新雅
湖南,2024,物理类,林*,NA,720,永州四中,NA,0,0,清华自动化,语137数142外148物98化98生97;录取清华自动化
湖南,2024,历史类,王*,NA,682,长郡中学,NA,0,0,北大,录取北大
湖南,2025,物理类,叶*,NA,719,雅礼中学,NA,0,0,NA,语142数139外150物93化98生97
湖南,2025,历史类,杨*,F,686,靖州一中,NA,0,1,NA,含加分10裸分676;总分状元;语135数130英144史82政92地93
湖南,2025,历史类,喻*,NA,685,长郡中学,NA,0,0,NA,裸分状元;语133数134英143史85生96政94
湖南,2026,物理类,张*,M,711,桑植一中,NA,0,1,NA,含加分10裸分701;总分状元
湖南,2026,物理类,傅*,NA,709,衡阳八中,NA,0,0,NA,裸分状元;语127数144外144物97化100生97
湖南,2026,历史类,杨*,F,688,桃源一中,NA,0,0,NA,并列
湖南,2026,历史类,李*,M,688,益阳一中,NA,0,0,NA,并列
黑龙江,1979,文,高*,M,NA,NA,NA,0,0,北大日语,录取北大日语
黑龙江,1981,理,徐*,NA,NA,哈师大附中,NA,0,0,NA,
黑龙江,1981,文,陈*,NA,NA,佳木斯一中,NA,0,0,NA,
黑龙江,1982,理,李*,F,NA,牡丹江十五中,NA,0,0,NA,
黑龙江,1982,文,杨*,NA,NA,哈尔滨二十四中,NA,0,0,NA,
黑龙江,1983,理,刘*,F,NA,哈师大附中,NA,0,0,NA,并列
黑龙江,1983,理,吕*,NA,NA,龙江一中,NA,0,0,NA,并列
黑龙江,1984,理,吴*,NA,NA,哈师大附中,NA,0,0,NA,
黑龙江,1984,文,曹*,NA,NA,哈师大附中,NA,0,0,NA,
黑龙江,1987,理,(佚名),NA,NA,肇东一中,NA,0,0,NA,姓名未公开
黑龙江,1987,文,赵*,NA,580,哈尔滨六中,NA,0,0,NA,
黑龙江,1989,理,徐*,NA,NA,NA,NA,0,0,清华电机,录取清华电机
黑龙江,1989,文,谷*,M,NA,鸡西一中,NA,0,0,NA,
黑龙江,1990,理,张*,NA,NA,讷河一中,NA,0,0,NA,
黑龙江,1990,文,刘*,NA,NA,七台河高中,NA,0,0,NA,
黑龙江,1992,理,(佚名),NA,NA,齐齐哈尔中学,NA,0,0,NA,姓名未公开
黑龙江,1993,理,孙*,NA,NA,黑河一中,NA,0,0,NA,
黑龙江,1993,文,刘*,NA,NA,哈师大附中,NA,0,0,NA,
黑龙江,1994,理,李*,NA,NA,哈尔滨六中,NA,0,0,NA,
黑龙江,1994,文,李*,NA,640,宁安朝鲜族中学,NA,0,0,NA,语140政110史119
黑龙江,1995,理,杨*,NA,NA,哈尔滨三中,NA,0,0,NA,
黑龙江,1995,文,刘*,M,NA,佳木斯一中,NA,0,0,NA,
黑龙江,1996,理,(佚名),NA,NA,齐齐哈尔中学,NA,0,0,NA,姓名未公开
黑龙江,1996,文,张*,NA,NA,哈尔滨六中,NA,0,0,NA,
黑龙江,1997,理,吕*,M,NA,绥芬河高级中学,NA,0,0,NA,
黑龙江,1997,文,栾*,NA,NA,哈尔滨三中,NA,0,0,NA,
黑龙江,1998,理,肖*,M,692,望奎一中,NA,0,0,北大,男(原文'他');东北三省理科状元;录取北大
黑龙江,1998,文,朴*,NA,NA,尚志朝鲜族中学,NA,0,0,NA,
黑龙江,1999,理,姜*,M,NA,绥滨一中,NA,0,0,清华,男(原文'他');录取清华
黑龙江,1999,文,胡*,F,661,哈尔滨三中,NA,0,0,北大经院,录取北大经院
黑龙江,2000,理,杨*,M,685,肇东一中,NA,0,0,清华自动化,男(原文'他');语128数135英135物140化147;录取清华自动化
黑龙江,2000,文,王*,F,641,大庆实验中学,NA,0,0,北大经院,女(原文'她');语120数136英144政129史112;录取北大经院;并列
黑龙江,2000,文,赵*,NA,NA,哈尔滨三中,NA,0,0,NA,并列
黑龙江,2001,理,沈*,NA,689,牡丹江一中,NA,0,0,NA,语143数141英132综273
黑龙江,2001,文,潘*,F,662,哈尔滨三中,NA,0,0,北大光华,女(原文'她');录取北大光华
黑龙江,2002,理,孙*,F,711,哈尔滨三中,NA,0,0,清华经管,女(原文'她');语126数145英140综300;录取清华经管
黑龙江,2002,文,郑*,F,668,尚志朝鲜族中学,NA,0,0,北大,女(原文'她');语137数142英130综259;录取北大
黑龙江,2003,理,宋*,M,679,哈尔滨三中,NA,0,0,清华电子信息,男(原文'他');录取清华电子信息
黑龙江,2003,文,赵*,F,662,哈尔滨三中,NA,0,0,北大光华,女(原文'她');录取北大光华
黑龙江,2004,理,尹*,F,693,大庆一中,NA,0,0,清华建筑,女(原文'她');录取清华建筑
黑龙江,2004,文,方*,F,650,海林朝鲜族中学,NA,0,0,NA,
黑龙江,2005,理,程*,F,703,佳木斯一中,NA,0,0,北大光华,女(原文'她');并列;录取北大光华
黑龙江,2005,理,刘*,M,703,佳木斯一中,NA,0,0,北大元培,男(原文'他');并列;语138数136英135综294;录取北大元培
黑龙江,2005,理,吴*,NA,703,大庆铁人中学,NA,0,0,NA,并列
黑龙江,2005,文,任*,M,676,鸡西一中,NA,0,0,北大光华,男(原文'他');语126数142英133综275;录取北大光华
黑龙江,2006,理,徐*,NA,712,哈师大附中,NA,0,0,清华生命科学,录取清华生命科学
黑龙江,2006,文,魏*,F,673,佳木斯一中,NA,0,0,北大光华,录取北大光华
黑龙江,2007,理,马*,F,718,哈尔滨三中,NA,0,0,清华经管,女(原文'她');并列;语138数146英141综293;录取清华经管
黑龙江,2007,理,鄂*,M,718,佳木斯一中,NA,0,0,清华,并列;语134数149外140综295;录取清华
黑龙江,2007,文,禹*,M,667,尚志朝鲜族中学,NA,0,0,北大公共管理,男(原文'他');语134数147外138综248;录取北大公共管理
黑龙江,2008,理,符*,NA,715,大庆一中,NA,0,0,港大,语133数146英145综291;录取港大
黑龙江,2008,文,纪*,F,663,佳木斯一中,NA,0,0,南大英语,女(原文'她');复读生(2007=607);录取南大英语
黑龙江,2009,理,王*,M,716,哈尔滨三中,NA,0,0,港大精算,男(原文'他');16岁;语128数149外144综295;录取港大精算
黑龙江,2009,文,郝*,M,653,佳木斯一中,NA,0,0,北大元培,男(原文'他');语129数146外137综241;录取北大元培
黑龙江,2010,理,于*,NA,702,哈尔滨三中,NA,0,0,北大光华,并列;语120数147英144综291;录取北大光华
黑龙江,2010,理,马*,M,702,哈尔滨三中,NA,0,0,清华化学,男(原文'他');并列;语134数145英138综285;录取清华化学
黑龙江,2010,文,魏*,NA,667,牡丹江一中,NA,0,0,北大光华,语129数147英139综252;录取北大光华
黑龙江,2011,理,马*,M,710,大庆实验中学,NA,0,0,清华电子信息,男(原文'他');语125数141英145综299;录取清华电子信息
黑龙江,2011,文,陈*,NA,681,哈尔滨三中,NA,0,0,北大中文,语132数144英144综261;录取北大中文
黑龙江,2012,理,蒋*,M,705,哈师大附中,NA,0,0,清华电机,男(原文'他');语126数146英139综294;录取清华电机
黑龙江,2012,文,李*,F,667,牡丹江一中,NA,0,0,北大光华,女(原文'她');语135数142英139综251;录取北大光华
黑龙江,2013,理,井*,F,701,大庆实验中学,NA,0,0,清华建筑,女(原文'她');并列;语124数150英139综288;录取清华建筑
黑龙江,2013,理,朱*,NA,701,大庆一中,NA,0,0,清华建筑,并列;录取清华建筑
黑龙江,2013,文,于*,F,663,大庆实验中学,NA,0,0,北大法学,女(原文'她');复读生;比全省第2名高23分;语139数150外145综229;录取北大法学
黑龙江,2014,理,刘*,M,716,北安一中,NA,0,0,北大物理,男(原文'他');四次高考(高二试考+应届+复读两次);语130数147英149综290;录取北大物理
黑龙江,2014,文,景*,M,687,牡丹江一中,NA,0,0,清华,语136数147外143综261;录取清华
黑龙江,2015,理,魏*,M,708,大庆实验中学,NA,0,0,清华医学试验班,男(原文'他');语129数145英144综290;录取清华医学试验班
黑龙江,2015,文,张*,M,661,哈尔滨三中,NA,0,0,北大法学,男(原文'他');语129数145外139综248;录取北大法学
黑龙江,2016,理,王*,M,709,鹤岗一中,NA,0,0,清华,男(原文'他');语122数147英149综291;录取清华
黑龙江,2016,文,曲*,M,655,大庆实验中学,NA,0,0,北大哲学,男(原文'他');语125数150英149综231;录取北大哲学
黑龙江,2017,理,白*,M,712,哈尔滨三中,NA,0,0,清华,男(原文'他');语134数147英140综291;录取清华
黑龙江,2017,文,李*,F,648,哈尔滨三中,NA,0,0,北大经院国贸,女(原文'她');语126数142英144综236;录取北大经院国贸
黑龙江,2018,理,崔*,M,701,鹤岗一中,NA,0,0,北大,男(原文'他');语130数150外141综280;录取北大
黑龙江,2018,文,陈*,F,652,哈尔滨朝鲜族一中,NA,0,0,北大光华,女(原文'她');语142数139外138综233;录取北大光华
黑龙江,2018,文,孙*,M,649,佳木斯一中,NA,0,0,北大光华,男(原文'他');汉语言文科状元;语120数139外139综251;录取北大光华
黑龙江,2019,理,王*,F,707,哈尔滨德强高中,NA,0,0,清华交叉信息,女(原文'她');从鸡西一中转学;语125数146英143综293;录取清华交叉信息
黑龙江,2019,文,张*,M,672,牡丹江一中,NA,0,0,清华经管,男(原文'他');语135数144英145综248;录取清华经管
黑龙江,2020,理,李*,M,724,佳木斯一中,NA,0,0,清华电子信息,男(原文'他');语133数150英148综293;录取清华电子信息
黑龙江,2020,文,张*,F,677,大庆实验中学,NA,0,0,北大,女(原文'她');语135数150英149综243;录取北大
黑龙江,2021,理,张*,NA,706,哈尔滨德强高中,NA,0,0,北大光华,录取北大光华
黑龙江,2021,文,徐*,F,682,牡丹江一中,NA,0,0,清华经管,女(原文'她');语142数146外144综250;录取清华经管
黑龙江,2022,理,吉*,M,708,大庆实验中学,NA,0,0,清华计算机,男(原文'他');语128数142外147综291;录取清华计算机
黑龙江,2022,文,张*,F,667,大庆铁人中学,NA,0,0,北大元培,女(原文'她');比全省第2名高22分;语135数145外144综243;录取北大元培
黑龙江,2023,理,金*,M,714,哈尔滨德强高中,NA,0,0,清华交叉信息,男(原文'他');语131数150外144综289;录取清华交叉信息
黑龙江,2023,文,王*,M,648,伊春一中,NA,0,0,北大光华,男(原文'他');语132数142外144综230;录取北大光华
黑龙江,2024,物理类,孙*,M,731,哈尔滨德强高中,NA,0,0,北大元培(物理),男(原文'他');语143数147外145物96化100生100;录取北大元培(物理)
黑龙江,2024,历史类,于*,NA,691,哈尔滨德强高中,NA,0,0,北大元培,并列;选科史政地;录取北大元培
黑龙江,2024,历史类,王*,F,691,佳木斯一中,NA,0,0,清华新雅,女(原文'她');并列;录取清华新雅
黑龙江,2024,历史类,王*,F,691,牡丹江一中,NA,0,0,清华新雅,女(原文'她');并列;语139数134外140史89政98地91;录取清华新雅
黑龙江,2025,物理类,于*,F,716,哈尔滨三中,NA,0,0,清华自强书院,女(原文'她');录取清华自强书院
黑龙江,2025,历史类,吴*,NA,681,哈师大附中,NA,0,0,NA,语128数132外142史85政97地97
黑龙江,2026,物理类,狄*,NA,711,哈尔滨三中,NA,0,0,NA,语135数143外140物96化97生100
黑龙江,2026,历史类,黄*,M,692,牡丹江一中,NA,0,0,NA,
北京,1977,文,刘*,F,NA,和平街二中,NA,0,0,北大新闻,女(原文'她');录取北大新闻;并列
北京,1977,文,郭*,NA,NA,北师大附中,NA,0,0,北大历史,并列;录取北大历史
北京,1979,文,顾*,F,441,NA,NA,0,0,人大,录取人大
北京,1980,文,姚*,NA,473,北京四中,NA,0,0,NA,
北京,1981,理,杨*,NA,NA,北京一零一中学,NA,0,0,NA,
北京,1981,文,金*,M,NA,北京三十五中,NA,0,0,北大经院国经,男(原文'他');并列;录取北大经院国经
北京,1981,文,沙*,NA,NA,北京四中,NA,0,0,NA,并列
北京,1983,文,杨*,NA,NA,北京二中,NA,0,0,NA,
北京,1984,理,王*,NA,NA,北师大附属实验中学,NA,0,0,北大计算机,录取北大计算机
北京,1984,文,齐*,M,NA,北京二中,NA,0,0,北大光华,男(原文'他');录取北大光华
北京,1985,理,刘*,NA,620,北师大附中,NA,0,0,NA,
北京,1985,文,刘*,M,566,北京二中,NA,0,0,NA,
北京,1985,外,张*,M,559,北京二十六中,NA,0,0,NA,外语类状元;并列
北京,1985,外,王*,NA,559,外语附校,NA,0,0,NA,外语类状元;并列
北京,1986,理,李*,M,657,北京十二中,NA,0,0,NA,
北京,1987,文,刘*,F,NA,汇文中学,NA,0,0,NA,
北京,1990,理,张*,M,NA,北京四中,NA,0,0,NA,
北京,1993,理,赵*,NA,NA,东直门中学,NA,0,0,NA,
北京,1994,理,徐*,NA,NA,北大附中,NA,0,0,NA,
北京,1994,文,李*,NA,NA,北师大二附中,NA,0,0,NA,
北京,1995,理,葛*,F,688,北师大附属实验中学,NA,0,0,北大生科,女(原文'她');录取北大生科
北京,1995,文,段*,F,610,北京四中,NA,0,0,北大国贸,女(原文'她');并列;录取北大国贸
北京,1995,文,马*,F,610,北京八中,NA,0,0,北大,女(原文'她');并列;录取北大
北京,1995,文,赵*,F,610,汇文中学,NA,0,0,北大,女(原文'她');并列;录取北大
北京,1996,理,陈*,NA,NA,汇文中学,NA,0,0,NA,
北京,1996,文,于*,M,NA,人大附中,NA,0,0,NA,
北京,1997,理,李*,F,663,北师大二附中,NA,0,0,NA,
北京,1997,文,啜*,M,604,牛栏山一中,NA,0,0,北大光华,男(原文'他');录取北大光华
北京,1998,理,施*,M,692,北京八十中,NA,0,0,清华计算机,男(原文'他');录取清华计算机
北京,1998,文,贾*,NA,628,北京四中,NA,0,0,北大光华,录取北大光华
北京,1999,理,杨*,M,684,汇文中学,NA,0,0,清华自动化,男(原文'他');语128数143英126物146化141;录取清华自动化
北京,1999,文,王*,M,622,北京一零一中学,NA,0,0,北大文史哲实验班,男(原文'他');语116数126英128政126史126;录取北大文史哲实验班
北京,2000,理,何*,M,683,顺义一中,NA,0,0,清华计算机,男(原文'他');录取清华计算机
北京,2000,文,权*,F,641,北京八十中,NA,0,0,NA,语130数144英133政119史115
北京,2001,理,陈*,NA,690,北京八十中,NA,0,0,NA,
北京,2001,文,王*,F,637,北京十五中,NA,0,0,北大光华,女(原文'她');英128;录取北大光华
北京,2002,理,陆*,M,704,北京八十中,NA,0,0,清华,男(原文'他');语132数138英141综293;录取清华
北京,2002,文,史*,NA,646,北京四中,NA,0,0,北大光华金融,语127数127外140综252;录取北大光华金融
北京,2003,理,肖*,F,703,北大附中,NA,0,1,北大生科,女(原文'她');含加分10裸分693;语135数140英140综278;录取北大生科
北京,2003,文,阎*,NA,665,北师大二附中,NA,0,1,北大光华,含加分10裸分655;语138数132英128综257;录取北大光华
北京,2004,理,汪*,M,719,北师大附中,NA,0,1,清华电子,男(原文'他');含加分20裸分699;语131数146外136综286;录取清华电子
北京,2004,文,费*,M,640,人大附中,NA,0,0,北大光华,男(原文'他');高三才从理科转文科;语138数127英130综245;录取北大光华
北京,2005,理,田*,NA,707,东直门中学,NA,0,1,NA,含加分20裸分687;并列
北京,2005,理,陈*,F,707,人大附中,NA,0,1,港科大生化,女(原文'她');含加分20裸分687;并列;语122数137英140综288;录取港科大生化
北京,2005,文,易*,F,661,北师大二附中,NA,0,1,北大元培,含加分20裸分641;语112数147英138综244;录取北大元培
北京,2006,理,杨*,F,731,北京八中,NA,0,1,港科大商学院,女(原文'她');含加分20裸分711;语139数140英141综291;录取港科大商学院
北京,2006,文,何*,F,692,北京二中,NA,0,1,港科大商学院,女(原文'她');含加分20裸分672;录取港科大商学院
北京,2007,理,林*,F,709,人大附中,NA,0,0,NA,语132数148外141综288
北京,2007,文,张*,F,685,北京一零一中学,NA,0,0,北大中文,女(原文'她');语136数143英143综263;录取北大中文
北京,2008,理,胡*,NA,702,人大附中,NA,0,0,NA,语136数145英133综288
北京,2008,文,丁*,F,667,北京四中,NA,0,0,港大工商管理(法学),女(原文'她');语132数150英129综256;录取港大工商管理(法学)
北京,2009,理,宁*,NA,703,人大附中,NA,0,0,NA,语140数147英142综274
北京,2009,文,刘*,NA,688,北京一零一中学,NA,0,0,NA,语132数142英142综272
北京,2010,理,李*,M,703,人大附中,NA,0,0,港大,男(原文'他');语138数146英140综279;录取港大
北京,2010,文,齐*,F,685,北京五中,NA,0,1,北大中文,女(原文'她');含加分10裸分675;语142数142英131综260;录取北大中文
北京,2011,理,梁*,M,717,人大附中,NA,0,1,港科大生化,男(原文'他');含加分20裸分697;语123数145英141综288;录取港科大生化
北京,2011,文,伊*,F,676,人大附中,NA,0,0,港大新闻,女(原文'她');并列;语134数144英141综257;录取港大新闻
北京,2011,文,梁*,F,676,北京四中,NA,0,0,北大元培,女(原文'她');并列;语132数141英140综263;录取北大元培
北京,2011,文,朱*,NA,676,北师大二附中,NA,0,0,NA,并列;语112数148英137综269
北京,2012,理,李*,M,712,人大附中,NA,0,0,清华经管,男(原文'他');语136数145英140综291;录取清华经管
北京,2012,文,韩*,NA,670,人大附中,NA,0,0,NA,语135数150英137综248
北京,2013,理,苏*,NA,738,北京十二中,NA,0,1,NA,含加分20裸分718;总分状元
北京,2013,理,朱*,M,735,清华附中,NA,0,1,清华电子信息,男(原文'他');含加分10裸分725;裸分状元;语142数148外145综290;录取清华电子信息
北京,2013,文,侯*,NA,698,清华附中,NA,0,1,NA,含加分10裸分688;总分状元;语140数144英144综260
北京,2013,文,张*,F,695,北京四中,NA,0,0,北大西语,女(原文'她');裸分状元;语132数141英144综278;录取北大西语
北京,2014,理,王*,F,726,清华附中,NA,0,1,清华经金国际班,含加分10裸分716;总分状元;语144数148英145综279;录取清华经金国际班
北京,2014,理,刘*,F,719,北师大二附中,NA,0,0,北大,女(原文'她');裸分状元;语137数148英146综288;录取北大
北京,2014,文,孙*,NA,704,清华附中,NA,0,0,NA,语141数145英143综275
北京,2015,理,华*,NA,730,清华附中,NA,0,1,NA,含加分10裸分720;总分状元
北京,2015,理,刘*,F,721,人大附中,NA,0,0,北大光华金融,女(原文'她');裸分状元;普通班;语136数145英147综293;录取北大光华金融
北京,2015,文,蔡*,F,699,北师大二附中,NA,0,0,北大元培,女(原文'她');语142数150英135综272;录取北大元培
北京,2016,理,周*,M,715,人大附中,NA,0,0,清华软件,男(原文'他');语141数150英148综276;录取清华软件;中考裸分状元
北京,2016,文,俞*,F,700,北京四中,NA,0,0,NA,并列;语140数142外144综274
北京,2016,文,钟*,NA,700,中央民大附中,NA,0,0,清华经管,并列;录取清华经管
北京,2017,理,李*,M,705,北京八中,NA,0,0,北大信科,男(原文'他');语137数144英143综281;录取北大信科
北京,2017,文,熊*,M,690,北京二中,NA,0,0,清华经管,男(原文'他');语132数150英140综268;录取清华经管;文综全市单科第1
北京,2018,理,刘*,M,722,人大附中,NA,0,0,北大光华,男(原文'他');语137数149外144综292;录取北大光华
北京,2018,文,曹*,F,713,北京二中,NA,0,0,北大法学,女(原文'她');语137数145外141综290;录取北大法学
北京,2019,理,黄*,F,721,北京十二中,NA,0,1,清华交叉信息,女(原文'她');含加分10裸分711;总分状元;语128数148英141综294;录取清华交叉信息
北京,2019,理,张*,F,714,中央民大附中,NA,0,0,清华,女(原文'她');裸分状元;语134数146英142综292;录取清华
北京,2019,文,胡*,F,698,育英学校,NA,0,0,北大中文,女(原文'她');录取北大中文
北京,2020,不分,王*,F,722,人大附中,NA,0,0,北大元培,2020新高考3+3首届;语135数140外147物100史100地100;录取北大元培
北京,2021,不分,(佚名),NA,NA,清华附中,NA,0,0,NA,"禁炒期,据称'朴同学';存疑"
北京,2022,不分,张*,M,721,北师大附属实验中学,NA,0,0,北大元培,"禁炒期,据称,分数存疑;录取北大元培"
北京,2023,不分,董*愉,NA,NA,十一学校,NA,0,0,NA,"禁炒期,据称;另一说北京四中陈应涵728(存疑)"
北京,2024,不分,王*,NA,NA,清华附中,NA,0,0,清华为先书院,"禁炒期,据称;录取清华为先书院"
北京,2025,不分,李*,NA,NA,北京十二中,NA,0,0,NA,"禁炒期,据称"
山西,1962,文,梁*,NA,NA,太原铁一中,NA,0,0,北大经济系,录取北大经济系
山西,1963,理,李*,F,NA,汾阳中学,NA,0,0,清华电机,"女(原文'她');数理化外四科满分,总平均95+,全国理科第3;录取清华电机"
山西,1964,理,王*,M,NA,巡镇中学,NA,0,0,太原理工,男(原文'他');数学满分+附加题6分;录取太原理工
山西,1977,理,杜*,NA,NA,太原五中,NA,0,0,NA,
山西,1978,文,吴*,NA,NA,太原五中,NA,0,0,NA,
山西,1979,理,刘*,NA,NA,太原五中,NA,0,0,NA,
山西,1979,文,王*,F,NA,NA,NA,0,0,北大中文,录取北大中文
山西,1980,文,马*,M,455,成成中学,NA,0,0,北大中文,录取北大中文
山西,1981,理,张*,F,NA,孝义中学,NA,0,0,清华无线电,录取清华无线电
山西,1981,文,李*,NA,NA,太原五中,NA,0,0,NA,
山西,1982,理,赵*,NA,NA,太原五中,NA,0,0,NA,
山西,1982,文,聂*,NA,NA,太原五中,NA,0,0,NA,
山西,1983,理,郑*,NA,NA,太原五中,NA,0,0,NA,
山西,1983,文,宋*,NA,NA,成成中学,NA,0,0,北大法学,录取北大法学
山西,1984,文,周*,NA,576,康杰中学,NA,0,0,北大社会学,录取北大社会学
山西,1985,理,葛*,NA,619,太原五中,NA,0,0,NA,
山西,1985,文,陈*,M,559,太原五中,NA,0,0,NA,
山西,1986,理,张*,F,663.5,太钢一中,NA,0,0,北大计算机,女(原文'她');高考成绩全国第3;录取北大计算机;并列
山西,1986,理,彭*,M,NA,太原五中,NA,0,0,NA,并列
山西,1987,理,侯*,NA,NA,太原五中,NA,0,0,NA,
山西,1988,理,杨*,M,NA,平遥中学,NA,0,0,清华,录取清华
山西,1988,文,张*,NA,NA,太原实验五中,NA,0,0,NA,
山西,1989,理,崔*,M,NA,太原五中,NA,0,0,NA,
山西,1990,理,赵*,NA,NA,进山中学,NA,0,0,NA,
山西,1991,理,杨*,NA,631,太原十二中,NA,0,0,清华电子,录取清华电子
山西,1991,文,赵*,F,534,成成中学,NA,0,0,北京广播学院,录取北京广播学院
山西,1991,外,李*,NA,531,昔阳中学,NA,0,0,NA,文科外语类状元
山西,1992,理,武*,M,NA,太原五中,NA,0,0,NA,
山西,1992,文,谭*,NA,NA,太原五中,NA,0,0,NA,
山西,1993,理,张*,NA,601,太原五中,NA,0,0,NA,并列
山西,1993,理,李*,F,601,临汾三中,NA,0,0,NA,并列
山西,1994,理,栗*,M,NA,山西省实验中学,NA,0,0,NA,
山西,1995,理,王*,M,655,天镇一中,NA,0,0,清华,录取清华
山西,1995,文,郭*,NA,NA,襄垣一中,NA,0,0,北大经济管理,录取北大经济管理
山西,1996,理,李*,NA,677,康杰中学,NA,0,0,清华,录取清华
山西,1996,文,任*,F,628,平遥中学,NA,0,0,人大法学,并列;录取人大法学
山西,1996,文,李*,M,NA,阳泉十五中,NA,0,0,NA,并列
山西,1997,文,阎*,NA,612,临猗中学,NA,0,0,北大法学,录取北大法学
山西,1998,文,毛*,NA,626,昔阳中学,NA,0,0,北大,录取北大
山西,1999,理,董*,NA,682,康杰中学,NA,0,0,清华计算机,录取清华计算机
山西,1999,文,陈*,NA,632,康杰中学,NA,0,0,北大,录取北大
山西,2000,理,段*,NA,NA,太谷中学,NA,0,0,清华,录取清华
山西,2000,文,杨*,M,607,平遥中学,NA,0,0,北大经院,男(原文'他');语123数139英134综211;录取北大经院
山西,2001,理,张*,NA,690,康杰中学,NA,0,0,NA,
山西,2001,文,米*,M,643,太原外国语学校,NA,0,0,北大财政,男(原文'他');录取北大财政
山西,2002,理,张*,F,696,阳城一中,NA,0,0,清华,女(原文'她');复读生(2001=650);语126数138英132综300;录取清华
山西,2002,文,郝*,NA,667,山西省实验中学,NA,0,0,北大光华,语121数143英133综270;录取北大光华
山西,2003,理,黄*,F,663,成成中学,NA,0,0,对外经贸德语,女(原文'她');语145全省单科第1(作文满分);录取对外经贸德语
山西,2003,文,郑*,M,613,盂县一中,NA,0,0,苏州大学金融,男(原文'他');语127数108英134综244;录取苏州大学金融
山西,2004,理,解*,NA,711,太原五中,NA,0,0,清华建筑,英143全省单科第2;录取清华建筑
山西,2004,文,郭*,NA,664,太原十八中,NA,0,0,北大经院,录取北大经院
山西,2005,理,陈*,F,689,康杰中学,NA,0,0,北大元培,语124数135英144综286;录取北大元培
山西,2005,文,马*,NA,634,河津永民中学,NA,0,0,清华文科实验班,录取清华文科实验班
山西,2006,理,丁*,NA,689,山西省实验中学,NA,0,1,NA,含加分10裸分679;语108数149英140综282
山西,2006,文,郝*,F,680,阳泉一中,NA,0,0,北大,女(原文'她');语126数150英143综261;录取北大
山西,2007,理,贺*,M,692,太谷二中,NA,0,0,清华建筑,男(原文'他');复读生;小升初与中考均晋中市状元;语132数147英143综270;录取清华建筑
山西,2007,文,赵*,M,653,平定一中,NA,0,0,人大金融,男(原文'他');语124数140英137综252;录取人大金融
山西,2008,理,李*,F,687,太原十八中,NA,0,0,北大元培,女(原文'她');语125数141外144综277;录取北大元培
山西,2008,文,王*,NA,633,阳泉永旺教育中心,NA,0,0,北大光华,"复读生(2007=587,原三矿中学);语121数131外132综249;录取北大光华"
山西,2009,理,杨*,NA,689,阳泉一中,NA,0,1,清华电子,含加分10裸分679;总分状元;录取清华电子
山西,2009,理,谌*,M,682,长治太行中学,NA,0,0,清华,男(原文'他');裸分状元;复读生;录取清华
山西,2009,文,杨*,M,628,灵丘豪洋中学,NA,0,0,北大,录取北大
山西,2010,理,吉*,M,673,山西大学附中,NA,0,0,清华电子,录取清华电子
山西,2010,文,赵*,F,638,太原五中,NA,0,0,北大光华,15岁参加高考;语110数131英143综254;录取北大光华
山西,2011,理,邢*,NA,699,太原五中,NA,0,0,清华电气,并列;录取清华电气
山西,2011,理,郝*,NA,699,小店一中,NA,0,0,清华电子信息,并列;录取清华电子信息
山西,2011,文,杨*,F,639,同煤一中,NA,0,0,清华经管,女(原文'她');数142;录取清华经管
山西,2012,理,安*,F,689,山西大学附中,NA,0,1,清华,含加分10裸分679;总分状元;录取清华
山西,2012,理,贺*,M,686,康杰中学,NA,0,0,北大,"男(原文'他');裸分状元;复读生(原临汾一中,2011=658);语115数149英135综287;录取北大"
山西,2012,文,刘*,M,632,新绛海泉学校,NA,0,0,北大,"男(原文'他');复读生(2010超一本12分,2011超一本44分);语115数134英132综251;录取北大"
山西,2013,理,王*,F,679,山西大学附中,NA,0,1,清华工业工程,女(原文'她');含加分10裸分669;数144;录取清华工业工程
山西,2013,文,李*,NA,614,山西现代双语学校,NA,0,0,清华社科学院,语119数140英132综223;录取清华社科学院
山西,2014,理,马*,M,705,山西大学附中,NA,0,1,清华,含加分10裸分695;语120数144英142综289;录取清华
山西,2014,文,李*,NA,623,阳泉一中,NA,0,0,NA,语118数123英137综245
山西,2015,理,王*,NA,686,新绛海泉学校,NA,0,0,清华环境科学与工程,语120数142英139综285;录取清华环境科学与工程
山西,2015,文,翟*,F,627,山西大学附中,NA,0,0,北大光华,语118数148英138综223;录取北大光华
山西,2016,理,张*,F,707,山西现代双语学校,NA,0,0,NA,语125数144英147综291
山西,2016,文,周*,M,634,康杰中学,NA,0,0,北大光华,男(原文'他');16岁;语119数141英141综233;录取北大光华
山西,2017,理,鲍*,NA,686,山西大学附中,NA,0,0,北大光华,录取北大光华
山西,2017,文,朱*,M,651,太原新希望双语学校,NA,0,0,北大元培,语125数145外141综240;录取北大元培
山西,2018,理,顼*,F,702,怀仁一中,NA,0,0,清华计算机,录取清华计算机
山西,2018,文,卢*,F,663,阳泉一中,NA,0,0,清华法学,录取清华法学
山西,2019,理,罗*,M,695,康杰中学,NA,0,0,清华交叉信息,录取清华交叉信息
山西,2019,文,宋*,F,655,阳城一中,NA,0,0,NA,女(原文'她');录取清华新雅(PPE)
山西,2020,理,宁*,NA,703,山西大学附中,NA,0,0,清华计算机与金融双学位,语130数143外143综287;录取清华计算机与金融双学位
山西,2020,文,李*,NA,655,山西大学附中,NA,0,0,北大元培,语125数150英149综231;录取北大元培
山西,2021,理,刘*,NA,712,长治太行中学,NA,0,0,北大光华,数150综285;录取北大光华
山西,2021,文,薛*,NA,671,晋城一中,NA,0,0,清华经管,并列;语133数150外148综240;录取清华经管
山西,2021,文,陆*,F,671,晋城一中,NA,0,0,北大元培,并列;语137数147外144综243;录取北大元培
山西,2022,理,郭*,F,709,晋城一中,NA,0,0,清华化学,语135数142外149综283;录取清华化学
山西,2022,文,杨*,M,646,晋城一中,NA,0,0,NA,男(原文'他');语128数142英149综227;录取北大元培PPE
山西,2023,理,王*,NA,710,孝义中学,NA,0,0,清华,语131数149英140综290;录取清华
山西,2023,文,高*,NA,659,晋城一中,NA,0,0,北大元培,语132数143外144综240;录取北大元培
山西,2024,理,刘*,M,710,忻州一中,NA,0,0,北大元培,男(原文'他');语133数145英147综285;录取北大元培
山西,2024,文,牛*,M,668,晋城一中,NA,0,0,北大元培,男(原文'他');语134数141外145综248;录取北大元培
山西,2025,物理类,李*,M,717,忻州一中,NA,0,0,北大元培,男(原文'他');语139数144外145物95化98生96;录取北大元培
山西,2025,历史类,郭*,NA,686,晋城一中,NA,0,0,NA,语136数127外139史90政94地100
山西,2026,物理类,司*,M,706,晋城一中,NA,0,0,NA,
山西,2026,历史类,赵*,NA,688,翼城汉德园中学,NA,0,0,NA,语135数132外136史88政98地99
江苏,1977,理,潘*,M,NA,黎里中学,NA,0,0,清华,录取清华
江苏,1977,文,童*,NA,NA,南京一中,NA,0,0,南大哲学,录取南大哲学
江苏,1978,理,萧*,M,447,南京一中,NA,0,0,南大数学,录取南大数学
江苏,1979,理,姚*,NA,NA,杨园中学,NA,0,0,NA,
江苏,1980,理,章*,NA,493,常熟中学,NA,0,0,NA,
江苏,1982,文,严*,NA,NA,南通中学,NA,0,0,NA,
江苏,1982,文,张*,NA,505,潥阳光华高中,NA,0,0,NA,并列
江苏,1983,文,张*,NA,573,无锡一中,NA,0,0,南大中文,录取南大中文
江苏,1984,文,王*,M,590,海安中学,NA,0,0,复旦,男(原文'他');录取复旦
江苏,1986,理,范*,NA,641,如东高级中学,NA,0,0,NA,
江苏,1987,理,王*,M,NA,南通中学,NA,0,0,NA,
江苏,1990,文,叶*,NA,NA,南京三中,NA,0,0,南大中文,录取南大中文
江苏,1991,理,夏*,NA,653,睢宁中学,NA,0,0,NA,
江苏,1991,文,严*,NA,559,睢宁中学,NA,0,0,NA,
江苏,1992,理,徐*,NA,NA,海安高级中学,NA,0,0,NA,
江苏,1994,理,严*,NA,703,盐城中学,NA,0,0,NA,
江苏,1994,文,王*,NA,632,海安高级中学,NA,0,0,人大新闻,录取人大新闻
江苏,1995,理,黄*,F,702,南通一中,NA,0,0,北京协和医学院,录取北京协和医学院
江苏,1995,文,俞*,NA,NA,南通中学,NA,0,0,北大,录取北大
江苏,1996,理,张*,M,693,丰县中学,NA,0,0,清华计算机,录取清华计算机
江苏,1996,文,胡*,M,NA,南通一中,NA,0,0,北外,录取北外
江苏,1997,理,赵*,F,NA,常州高级中学,NA,0,0,复旦经管,录取复旦经管
江苏,1997,文,陆*,F,NA,南通中学,NA,0,0,复旦,录取复旦
江苏,1998,理,罗*,NA,704,金坛华罗庚中学,NA,0,0,NA,
江苏,1998,文,沈*,NA,NA,如东高级中学,NA,0,0,NA,
江苏,1999,理,徐*,M,687,常州高级中学,NA,0,0,清华自动化,男(原文'他');物理147;录取清华自动化
江苏,1999,文,季*,NA,634,如东高级中学,NA,0,0,人大新闻,并列;录取人大新闻
江苏,1999,文,仲*,M,634,南菁高级中学,NA,0,0,复旦法律,男(原文'他');并列;语119数136史141;录取复旦法律
江苏,1999,外,徐*,NA,NA,江都中学,NA,0,0,NA,文科外语类状元
江苏,2000,理,仇*,M,NA,盐城中学,NA,0,0,NA,并列
江苏,2000,理,陶*,NA,NA,苏州中学,NA,0,0,NA,并列
江苏,2000,文,沈*,F,599,如皋一中,NA,0,0,复旦国际金融,女(原文'她');录取复旦国际金融
江苏,2001,理,蔡*,M,699,常熟中学,NA,0,0,上海交大,男(原文'他');录取上海交大
江苏,2001,文,陈*,M,644,南通中学,NA,0,0,北大法学,男(原文'他');录取北大法学
江苏,2001,外,杜*,NA,654,江都中学,NA,0,0,NA,文科外语类状元
江苏,2002,不分,张*,F,685,常州高级中学,NA,0,0,清华,女(原文'她');3+X大综合;语120数150英147综268;录取清华
江苏,2003,不分,曹*,M,697,南通一中,NA,0,1,清华电子,男(原文'他');3+X;含加分20裸分677;选科物化;语126数120物148;录取清华电子
江苏,2003,不分,洪*,M,687,苏州中学,NA,0,0,清华自动化,男(原文'他');3+X;裸分状元;语114数144英139物146化144;录取清华自动化
江苏,2004,不分,钱*,M,727,姜堰中学,NA,0,1,清华,男(原文'他');3+X;含加分20裸分707;语130数144英139物150化144;录取清华
江苏,2005,不分,朱*,F,707,苏州中学,NA,0,1,清华计算机,女(原文'她');3+X;含加分10裸分697;语129数146英135物142化145;录取清华计算机
江苏,2006,不分,刘*,M,700,南京师大附中,NA,0,0,NA,男(原文'他');3+X;无冕状元(已保送清华自动化不参与排名);语127数138英143物144化148
江苏,2006,不分,黄*,F,692,天一中学,NA,0,0,清华生物,女(原文'她');3+X;16岁;语134;录取清华生物
江苏,2007,不分,汪*,M,709,曲塘中学,NA,0,0,清华电子,男(原文'他');3+X;语130数138英146物146化149;录取清华电子
江苏,2008,理,祁*,F,460,盐城中学,NA,0,1,清华经管,女(原文'她');480分制;含加分10裸分450;语143数156(+附加35)英116物A+化A;录取清华经管
江苏,2008,文,杨*,F,439,常熟中学,NA,0,1,北大光华,女(原文'她');480分制;含加分10裸分429;语141(+附加31)数144英113史A+政A;录取北大光华
江苏,2009,理,吴*,M,443,梁丰高级中学,NA,0,1,清华经金国际班,男(原文'他');480分制;含加分10裸分433;语139数194(含附加)英100物A+化A+;录取清华经金国际班
江苏,2009,文,潘*,F,421,苏州中学,NA,0,1,北大光华,女(原文'她');480分制;含加分10裸分411;语165(含附加)数142英104史A+政A+;录取北大光华
江苏,2010,理,毛*,M,436,南通中学,NA,0,1,中科大,男(原文'他');480分制;含加分5裸分431;语134数183(含附加)英114;录取中科大
江苏,2010,文,姜*,NA,412,姜堰中学,NA,0,0,清华,480分制;语164(含附加)数131;录取清华
江苏,2011,理,刘*,M,426,如东高级中学,NA,0,1,清华电子,男(原文'他');480分制;含加分5裸分421;语126数183(含附加)英112物A+化A+;录取清华电子
江苏,2011,文,孙*,F,414,宜兴中学,NA,0,1,复旦新闻,女(原文'她');480分制;含加分5裸分409;语123(+附加35)数137英114史A+政B+;录取复旦新闻
江苏,2012,理,华*,F,444,锡山高级中学,NA,0,1,北大光华,女(原文'她');480分制;含加分5裸分439;语135数189(含附加)外115物A化A+;录取北大光华
江苏,2012,文,许*,F,417,南京师大附中,NA,0,1,港大,女(原文'她');480分制;含加分5裸分412;语166(含附加)数137外109政A史A+;录取港大
江苏,2012,文,顾*,F,417,张家港外国语学校,NA,0,1,北大,女(原文'她');480分制;含加分5裸分412;语134(+附加37)数130英111;录取北大
江苏,2012,文,高*,F,417,溧阳中学,NA,0,1,NA,女(原文'她');480分制;含加分3裸分414;语135(+附加34)数132英113;录取北大元培PPE
江苏,2013,理,黄*,F,427,常州高级中学,NA,0,1,北大法语,女(原文'她');480分制;含加分3裸分424;语137数180(含附加)英107物A+化A;录取北大法语
江苏,2013,文,龚*,F,414,前黄高级中学,NA,0,1,清华经金国际班,女(原文'她');480分制;含加分5裸分409;语127(+附加37)数143外102政A+史A+;录取清华经金国际班
江苏,2014,理,吴*,M,430,天一中学,NA,0,1,北大光华,男(原文'他');480分制;含加分5裸分425;语141数183(含附加)英101物A+化A+;录取北大光华
江苏,2014,文,吉*,NA,410,海安高级中学,NA,0,1,北大,480分制;含加分5裸分405;语134(+附加35)数141外95史A+政A+;录取北大
江苏,2015,理,蒋*,F,425,姜堰中学,NA,0,1,清华生科,女(原文'她');480分制;含加分5裸分420;语131数148(+附加30)英111物A+化A+;录取清华生科
江苏,2015,文,袁*,F,418,南通中学,NA,0,1,NA,女(原文'她');480分制;含加分5裸分413;语137(+附加29)数139英108史A+政A+
江苏,2016,理,李*,F,445,如东高级中学,NA,0,1,清华,女(原文'她');480分制;含加分5裸分440;语129数160(+附加40)英111物A+化A+;录取清华
江苏,2016,文,魏*,F,427,姜堰中学,NA,0,1,上海交大安泰金融,女(原文'她');480分制;含加分5裸分422;语137(+附加32)数143外110史A政A;录取上海交大安泰金融
江苏,2017,理,潘*,F,443,姜堰中学,NA,0,1,清华计算机,女(原文'她');480分制;含加分3裸分438;语143数148(+附加36)英111物A+化A+;录取清华计算机
江苏,2017,文,李*,NA,428,淮阴中学,NA,0,1,NA,480分制;含加分5裸分423;语138(+附加35)数148外102史A+政A+
江苏,2018,理,袁*,F,434,通州高级中学,NA,0,1,清华,女(原文'她');480分制;含加分5裸分431;语133数157(+附加32)英107物A+化A+;录取清华
江苏,2018,文,陈*,M,418,丹阳高级中学,NA,0,1,清华,男(原文'他');480分制;含加分5裸分413;语155(+附加34)数146外112;录取清华
江苏,2019,理,李*,F,436,天一中学,NA,0,1,北大光华,女(原文'她');480分制;含加分5裸分431;并列;语134数149(+附加38)英110物A+化A+;录取北大光华
江苏,2019,理,郭*,F,436,天一中学,NA,0,1,北大,女(原文'她');480分制;含加分5裸分431;并列;语127数160(+附加36)外108物A+化A+;录取北大
江苏,2019,文,范*,F,420,海安高级中学,NA,0,1,北大光华,女(原文'她');480分制;含加分5裸分415;语133(+附加32)数144英106史A+政A+;录取北大光华
江苏,2020,理,时*,M,441,天一中学,NA,0,0,清华人工智能学堂班,男(原文'他');480分制;语134数160(+附加40)外107物A+化A+;录取清华人工智能学堂班
江苏,2020,文,白*,F,430,淮阴中学,NA,0,0,港大,"女(原文'她');480分制;语146(+附加34)数141英109史B+政A;著名案例:选测等级未达A被清北拒,录取港大"
江苏,2021,物理类,李*,M,691,沭阳高级中学,NA,0,0,北大信科,男(原文'他');3+1+2;语109数149英143物100化94生96;录取北大信科
江苏,2021,历史类,耿*,F,656,扬中高级中学,NA,0,0,清华,女(原文'她');3+1+2;语116数135外139史76政95地95;录取清华
江苏,2021,历史类,刘*,F,656,天一中学,NA,0,0,北大元培,女(原文'她');3+1+2;并列;选科史政地;录取北大元培
江苏,2022,物理类,施*,M,697,丹阳高级中学,NA,0,0,北大元培,男(原文'他');3+1+2;语123数142外143物100化97生92;录取北大元培
江苏,2022,历史类,丁*,M,658,宜兴中学,NA,0,0,北大元培,男(原文'他');3+1+2;语126数119外143史79政94地97;录取北大元培
江苏,2023,物理类,郑*,M,703,淮阴中学,NA,0,0,北大元培,男(原文'他');3+1+2;并列;语134数140英145物99化93生92;录取北大元培
江苏,2023,物理类,苗*,F,703,宿迁中学,NA,0,0,清华新雅,女(原文'她');3+1+2;并列;语129数139外148物100化93生94;录取清华新雅
江苏,2023,历史类,李*,F,702,天一中学,NA,0,0,清华新雅,女(原文'她');3+1+2;比全省历史类第2名高25分;语136数141外144史86政99地96;录取清华新雅
江苏,2024,物理类,陈*,M,713,金坛华罗庚中学,NA,0,0,北大数学,男(原文'他');3+1+2;语136数139英147物100化94生97;录取北大数学
江苏,2024,历史类,王*,F,686,宿迁中学,NA,0,0,北大元培,女(原文'她');3+1+2;语129数135外142史85政98地97;录取北大元培
江苏,2025,物理类,司*,M,702,丹阳高级中学,NA,0,0,北大元培,男(原文'他');3+1+2;并列;语131数140英141物99化96生95;录取北大元培
江苏,2025,物理类,洪*,M,702,南通中学,NA,0,0,清华计算机,男(原文'他');3+1+2;并列;语129数141英144物99化94生95;录取清华计算机
江苏,2025,历史类,孟*,M,691,金陵中学,NA,0,0,南大,男(原文'他');3+1+2;语132数138外143史91政91地96;录取南大
江苏,2026,物理类,李*,M,706,镇江一中,NA,0,0,NA,男(原文'他');3+1+2;语133数136外145物99化96生97
江苏,2026,历史类,陈*,NA,688,金陵中学,NA,0,0,NA,3+1+2;语128数139外142史92政90地97
江西,1965,理,吴*,NA,NA,进贤中学,NA,0,0,清华工程物理,录取清华工程物理
江西,1978,文,黎*,NA,NA,南昌二中,NA,0,0,南昌大学,录取南昌大学
江西,1979,理,陈*,NA,NA,南昌十中,NA,0,0,清华自动化,并列;录取清华自动化
江西,1979,理,周*,NA,NA,南昌一中,NA,0,0,西安交大计算机,并列;录取西安交大计算机
江西,1980,理,邓*,NA,NA,南昌十九中,NA,0,0,NA,
江西,1980,文,邓*,F,NA,南昌二中,NA,0,0,NA,
江西,1981,理,王*,M,NA,南昌十中,NA,0,0,NA,并列
江西,1981,理,肖*,NA,NA,南昌二中,NA,0,0,NA,并列
江西,1981,文,周*,NA,NA,玉山一中,NA,0,0,北大,录取北大
江西,1982,理,徐*,NA,NA,洪都中学,NA,0,0,中科大化学,录取中科大化学
江西,1982,文,袁*,NA,NA,分宜中学,NA,0,0,NA,
江西,1983,文,赖*,NA,NA,南昌二中,NA,0,0,NA,
江西,1984,理,郑*,F,608,九江一中,NA,0,0,中科大物理,并列;录取中科大物理
江西,1984,理,李*,M,NA,丰城中学,NA,0,0,北大物理,并列;录取北大物理
江西,1985,理,许*,NA,NA,南昌二中,NA,0,0,NA,并列
江西,1985,理,刘*,NA,NA,洪都中学,NA,0,0,NA,并列
江西,1985,文,庄*,M,NA,泰和中学,NA,0,0,北大国政,录取北大国政
江西,1985,外,匡*,NA,NA,泰和中学,NA,0,0,NA,文科外语类状元
江西,1986,理,聂*,NA,650,九江一中,NA,0,0,中科大物理,录取中科大物理
江西,1987,理,程*,NA,NA,南昌十中,NA,0,0,NA,
江西,1988,理,周*,NA,NA,南昌二中,NA,0,0,NA,
江西,1989,理,谭*,NA,NA,南昌二中,NA,0,0,中科大,录取中科大
江西,1989,文,刘*,NA,NA,吉安一中,NA,0,0,NA,华东六省一市文科状元
江西,1990,理,余*,NA,628,资溪一中,NA,0,0,清华,录取清华
江西,1991,文,朱*,NA,NA,江西师大附中,NA,0,0,NA,并列
江西,1991,文,赵*,M,NA,江西师大附中,NA,0,0,NA,并列
江西,1992,理,徐*,NA,NA,南昌二中,NA,0,0,中科大生物,录取中科大生物
江西,1992,文,刘*,F,NA,湾里一中,NA,0,0,NA,
江西,1993,理,廖*,M,NA,吉安一中,NA,0,0,NA,
江西,1993,文,卜*,F,NA,上饶一中,NA,0,0,复旦,女(原文'她');录取复旦
江西,1993,外,冷*,NA,NA,江西师大附中,NA,0,0,NA,文科外语类状元
江西,1994,理,涂*,NA,NA,江西师大附中,NA,0,0,NA,
江西,1994,文,周*,NA,NA,九江二中,NA,0,0,NA,
江西,1995,理,刘*,NA,NA,泰和中学,NA,0,0,NA,并列
江西,1995,理,刘*,NA,NA,南昌二中,NA,0,0,NA,并列
江西,1995,文,宣*,NA,NA,赣州一中,NA,0,0,NA,并列
江西,1995,文,邓*,F,NA,南昌二中,NA,0,0,NA,并列
江西,1996,理,王*,M,NA,白鹭洲中学,NA,0,0,NA,
江西,1996,文,张*,NA,631,景德镇一中,NA,0,0,NA,
江西,1997,理,林*,NA,662,南昌十中,NA,0,0,清华,录取清华
江西,1997,文,黄*,F,609,九江一中,NA,0,0,外交学院英语,录取外交学院英语
江西,1998,理,杨*,NA,NA,洪都中学,NA,0,0,清华,录取清华
江西,1998,文,洪*,M,NA,鄱阳一中,NA,0,0,北大外语,录取北大外语
江西,1999,理,胡*,M,672,分宜中学,NA,0,0,清华,录取清华
江西,1999,文,吴*,NA,638,南城一中,NA,0,0,北大经院,录取北大经院
江西,2000,理,余*,M,696,景德镇二中,NA,0,0,清华电子信息,男(原文'他');语130数142英134物143化147;录取清华电子信息
江西,2000,文,周*,F,643,宜春中学,NA,0,0,北大法学,女(原文'她');语132数135英133政114史129;录取北大法学
江西,2001,理,邓*,NA,704,南昌十中,NA,0,0,中科大,并列;录取中科大
江西,2001,理,黄*,M,704,九江一中,NA,0,0,清华电子,男(原文'他');并列;语129数150英139物136化150;录取清华电子
江西,2001,文,宋*,F,652,上高二中,NA,0,0,北大光华,录取北大光华
江西,2002,理,黄*,M,729,景德镇一中,NA,0,1,清华建筑,男(原文'他');含加分20裸分709;语134数146英134综295;录取清华建筑
江西,2002,文,刘*,F,647,上饶一中,NA,0,0,北大,女(原文'她');语120数139英139综249;录取北大
江西,2003,理,余*,M,670,万年中学,NA,0,0,清华材料,男(原文'他');语132数141英133综264;录取清华材料
江西,2003,文,张*,F,641,瑞昌一中,NA,0,0,北大光华,女(原文'她');语121数129英130综261;录取北大光华
江西,2004,理,汪*,F,743,鹰潭一中,NA,0,1,清华工业工程,女(原文'她');含加分20裸分723;语133数150英140综300;录取清华工业工程
江西,2004,文,廖*,NA,673,宁都中学,NA,0,0,北大英文,录取北大英文
江西,2005,理,李*,NA,690,吉安一中,NA,0,1,NA,含加分10裸分680;总分状元;语131数142外133综274
江西,2005,理,傅*,M,684,黎川一中,NA,0,0,清华电子,男(原文'他');裸分状元;语126数143英141综274;录取清华电子
江西,2005,文,肖*,F,660,新余一中,NA,0,0,北大光华会计,女(原文'她');语130数135英140综255;录取北大光华会计
江西,2006,理,干*,NA,685,南昌二中,NA,0,1,NA,含加分10裸分675;总分状元
江西,2006,理,刘*,M,679,江西师大附中,NA,0,0,NA,男(原文'他');裸分状元;语128数133英141综277
江西,2006,文,周*,NA,667,万年中学,NA,0,0,港中文,录取港中文
江西,2007,理,张*,NA,709,吉安一中,NA,0,1,NA,含加分10裸分699;语140数135英137综287
江西,2007,文,朱*,F,663,南康中学,NA,0,0,NA,女(原文'她');语文作文满分;语138数144英142综239
江西,2008,理,周*,M,693,江西师大附中,NA,0,1,北大,男(原文'他');含加分10裸分683;语134数126英140综283;录取北大
江西,2008,文,陈*,M,638,新余四中,NA,0,0,北大,男(原文'他');语115数140英136综247;录取北大
江西,2009,理,龚*,M,689,江西师大附中,NA,0,0,NA,语131数133英144综281
江西,2009,文,李*,F,608,临川一中,NA,0,0,北大光华,女(原文'她');并列;语126数122英138综222;录取北大光华
江西,2009,文,王*,NA,608,鹰潭一中,NA,0,0,NA,并列;语117数130英134综227
江西,2010,理,徐*,NA,671,临川一中,NA,0,0,清华自动化,录取清华自动化
江西,2010,文,管*,M,627,丰城中学,NA,0,0,北大元培,男(原文'他');语115数147英133综232;录取北大元培
江西,2011,理,桂*,M,712,临川一中,NA,0,0,北大光华,男(原文'他');语140数137英140综295;录取北大光华
江西,2011,文,李*,F,637,临川一中,NA,0,0,北大经院,女(原文'她');语131数145英142综219;录取北大经院
江西,2012,理,张*,M,703,江西师大附中,NA,0,1,清华,男(原文'他');含加分10裸分693;总分状元;录取清华
江西,2012,理,杜*,M,693,安远一中,NA,0,0,清华,男(原文'他');裸分状元;语129数136英146综282;录取清华
江西,2012,文,周*,F,662,临川二中,NA,0,0,北大,女(原文'她');并列;语130数144英148综240;录取北大
江西,2012,文,陈*,M,662,鹰潭一中,NA,0,0,北大,男(原文'他');并列;语135数148英144综235;录取北大
江西,2013,理,谢*,NA,689,江西师大附中,NA,0,1,清华,含加分10裸分679;总分状元;语123数137英142综277;录取清华
江西,2013,理,龚*,NA,684,吉安一中,NA,0,0,清华建筑,裸分状元;语124数135英144综281;录取清华建筑
江西,2013,文,刘*,F,636,临川一中,NA,0,0,北大光华,并列;语131数137英132综236;录取北大光华
江西,2013,文,许*,NA,636,临川一中,NA,0,0,北大光华,并列;语129数142英142综223;录取北大光华
江西,2014,理,张*,M,698,广昌一中,NA,0,0,清华,男(原文'他');语140数137英142综279;录取清华
江西,2014,文,胡*,F,654,临川一中,NA,0,0,清华经管金融,女(原文'她');语135数144英145综230;录取清华经管金融
江西,2015,理,夏*,M,715,江西师大附中,NA,0,0,港大,男(原文'他');南昌市中考状元;语137数140英146综292;录取港大
江西,2015,文,虞*,NA,637,江西师大附中,NA,0,0,NA,并列;语122数146外147综222
江西,2015,文,朱*,NA,637,婺源天佑中学,NA,0,0,NA,并列;语122数150外137综228
江西,2016,理,计*,M,700,临川一中,NA,0,0,清华计算机,男(原文'他');语120数143英146综291;录取清华计算机
江西,2016,文,胡*,M,643,新余一中,NA,0,0,北大光华,男(原文'他');语118数144外144综237;录取北大光华
江西,2017,理,刘*,M,700,临川一中,NA,0,0,北大光华,男(原文'他');语137数150英140综273;录取北大光华
江西,2017,文,金*,NA,675,丰城中学,NA,0,0,清华,语133数147英139综256;录取清华
江西,2018,理,傅*,M,718,九江一中,NA,0,0,北大化学与分子工程,男(原文'他');语138数148英147综285;录取北大化学与分子工程
江西,2018,文,刘*,F,674,江科附中,NA,0,0,NA,语131数147英147综249
江西,2019,理,高*,M,703,吉安一中,NA,0,0,北大元培(物理),男(原文'他');语125数147英144综287;录取北大元培(物理)
江西,2019,文,邱*,M,671,临川一中,NA,0,0,清华新雅,男(原文'他');语125数144英149综253;录取清华新雅
江西,2020,理,尹*,M,705,南昌二中,NA,0,0,清华计算机与金融双学位,男(原文'他');语143数143英143综276;录取清华计算机与金融双学位
江西,2020,文,杨*,F,671,江科附中,NA,0,0,清华新雅,女(原文'她');语128数141外142综260;录取清华新雅
江西,2021,理,文*,M,708,南昌五中,NA,0,0,清华交叉信息,男(原文'他');语128数150英148综282;录取清华交叉信息
江西,2021,文,郭*,F,674,赣州厚德外国语学校,NA,0,0,北大光华,女(原文'她');语127数144英146综257;录取北大光华
江西,2022,理,彭*,M,683,上高二中,NA,0,0,清华计算机,并列;语115数142外147综279;录取清华计算机
江西,2022,理,朱*,M,683,赣州厚德外国语学校,NA,0,0,北大光华,男(原文'他');并列;语119数139外148综277;录取北大光华
江西,2022,理,黄*,NA,683,丰城中学,NA,0,0,清华计算机,并列;语115数135外145综288;录取清华计算机
江西,2022,文,徐*,F,663,铜鼓中学,NA,0,0,清华新雅(法学),女(原文'她');语124数142英148综249;录取清华新雅(法学)
江西,2023,理,周*,M,707,乐平中学,NA,0,0,北大元培,男(原文'他');语135数150外143综279;录取北大元培
江西,2023,文,张*,M,683,新余一中,NA,0,0,北大光华,男(原文'他');语140数140外146综257;录取北大光华
江西,2024,物理类,乐*,M,694,江科附中,NA,0,0,清华电子信息,男(原文'他');3+1+2首批;语121数142英147物95化97生92;录取清华电子信息
江西,2024,历史类,张*,NA,684,江科附中,NA,0,0,清华新雅,语128数134英146史91政94地91;录取清华新雅
江西,2025,物理类,廖*,M,700,玉山一中,NA,0,0,北大信科计算机,男(原文'他');语121数143英146物94化97生99;录取北大信科计算机
江西,2025,历史类,黄*,F,677,新余一中,NA,0,0,北大法学,女(原文'她');语137数136英143史80生92政89;录取北大法学
江西,2026,物理类,江*,NA,712,贵溪一中,NA,0,0,NA,语131数141英149物98化97生96
江西,2026,历史类,谢*,F,689,高安二中,NA,0,0,NA,并列;语130数137英150史81政93地98
江西,2026,历史类,祖*,F,689,江科附中,NA,0,0,NA,并列;语128数133英149史88政97地94
湖北,1977,文,王*,M,NA,丹江口肖川中学,NA,0,0,武大中文,男(原文'他');语文满分;录取武大中文
湖北,1979,理,蒋*,NA,NA,马湾中学,NA,0,0,清华核物理,并列;录取清华核物理
湖北,1979,理,周*,NA,NA,黄冈中学,NA,0,0,NA,并列
湖北,1979,文,董*,NA,NA,大悟二中,NA,0,0,NA,
湖北,1980,理,杨*,NA,NA,黄冈中学,NA,0,0,NA,
湖北,1980,文,余*,NA,NA,三角路中学,NA,0,0,NA,
湖北,1981,理,黄*,NA,NA,武汉六中,NA,0,0,NA,
湖北,1981,文,张*,F,NA,华中师大一附中,NA,0,0,NA,
湖北,1982,理,刘*,F,NA,武钢三中,NA,0,0,NA,
湖北,1982,文,刘*,NA,494,黄陂一中,NA,0,0,NA,
湖北,1983,理,张*,NA,598,红安一中,NA,0,0,NA,
湖北,1983,文,潘*,F,558,鄂州二中,NA,0,0,武大国际金融管理,录取武大国际金融管理
湖北,1984,理,何*,M,NA,武汉三中,NA,0,0,中科大,高考成绩全国最高;录取中科大
湖北,1984,文,刘*,M,NA,黄陂一中,NA,0,0,北大,录取北大
湖北,1985,理,张*,NA,NA,华中师大一附中,NA,0,0,复旦,录取复旦
湖北,1985,文,王*,NA,567,宜都一中,NA,0,0,北大,录取北大
湖北,1986,理,洪*,NA,NA,黄冈中学,NA,0,0,北大物理,录取北大物理
湖北,1986,文,余*,NA,NA,武汉六中,NA,0,0,武大,录取武大
湖北,1987,理,刘*,NA,635,新洲一中,NA,0,0,NA,
湖北,1987,文,胡*,F,NA,仙桃中学,NA,0,0,NA,
湖北,1988,理,刘*,NA,630,夷陵中学,NA,0,0,NA,
湖北,1988,文,李*,M,NA,仙桃中学,NA,0,0,NA,
湖北,1989,文,白*,F,NA,仙桃中学,NA,0,0,NA,并列
湖北,1989,文,杨*,F,NA,武钢三中,NA,0,0,NA,并列
湖北,1990,理,肖*,NA,623,荆州中学,NA,0,0,清华计算机,录取清华计算机
湖北,1990,文,(佚名),NA,NA,黄冈中学,NA,0,0,NA,姓名未公开
湖北,1991,理,史*,M,NA,襄阳四中,NA,0,0,中科大,录取中科大
湖北,1992,理,甘*,M,NA,武大附中,NA,0,0,NA,
湖北,1993,理,杨*,NA,NA,武钢三中,NA,0,0,NA,
湖北,1993,文,(佚名),NA,NA,黄冈中学,NA,0,0,NA,姓名未公开
湖北,1994,理,张*,NA,693,当阳一中,NA,0,0,清华,录取清华
湖北,1994,文,韩*,NA,NA,武钢三中,NA,0,0,NA,
湖北,1995,理,肖*,NA,686,荆州中学,NA,0,0,清华生科,录取清华生科
湖北,1995,文,闫*,NA,615,老河口一中,NA,0,0,北大,录取北大
湖北,1996,理,丁*,NA,693,武汉六中,NA,0,0,NA,并列
湖北,1996,理,方*,NA,693,宜都一中,NA,0,0,NA,并列;语120数146英139物150化138
湖北,1997,理,梁*,M,NA,襄阳四中,NA,0,0,中科大电子工程,录取中科大电子工程
湖北,1997,文,赵*,NA,624,沙市中学,NA,0,0,NA,
湖北,1998,理,党*,M,700,胡集高中,NA,0,0,NA,
湖北,1998,文,秦*,M,652,黄冈中学,NA,0,0,NA,
湖北,1999,理,黄*,NA,688,华中师大一附中,NA,0,0,NA,
湖北,1999,文,赵*,F,639,丹江口一中,NA,0,0,武大政法,录取武大政法
湖北,1999,外,黎*,F,NA,宜都一中,NA,0,0,北大外国语,文科外语类状元;录取北大外国语
湖北,2000,理,张*,M,695,天门中学,NA,0,0,清华计算机,男(原文'他');语132数140英134物142化147;录取清华计算机
湖北,2000,文,刘*,F,646,武汉外国语学校,NA,0,0,北大中文,女(原文'她');录取北大中文
湖北,2001,理,洪*,M,705,麻城一中,NA,0,0,清华经管,男(原文'他');录取清华经管
湖北,2001,文,王*,F,635,襄阳四中,NA,0,0,北大国贸,女(原文'她');录取北大国贸
湖北,2002,理,刘*,M,701,潜江中学,NA,0,0,北大元培,男(原文'他');语128数145英135综293;录取北大元培
湖北,2002,文,宋*,NA,644,武汉外国语学校,NA,0,0,北大元培,语125数142英132综245;录取北大元培
湖北,2003,理,邹*,F,693,沙市中学,NA,0,0,清华机械,女(原文'她');语122数141英142综288;录取清华机械
湖北,2003,文,周*,M,638,沔州中学,NA,0,0,NA,男(原文'他');比全省第2名高20分;语117数150英136综235
湖北,2004,理,王*,M,705,华中师大一附中,NA,0,0,北大,男(原文'他');并列;录取北大
湖北,2004,理,陈*,M,705,武汉外国语学校,NA,0,0,清华数理基础,男(原文'他');并列;英144;录取清华数理基础
湖北,2004,文,石*,M,658,沙市中学,NA,0,0,北大社会学,男(原文'他');语138数138英140综242;录取北大社会学
湖北,2005,理,朱*,NA,701,襄阳四中,NA,0,0,NA,语129数150英141综281
湖北,2005,文,康*,F,652,武汉外国语学校,NA,0,0,北大法学,女(原文'她');语133数129英146综244;录取北大法学
湖北,2006,理,李*,M,692,武汉外国语学校,NA,0,0,NA,语127数147英136综282
湖北,2006,文,赵*,F,647,夷陵中学,NA,0,0,北大光华,女(原文'她');语126数145外132综244;录取北大光华
湖北,2007,理,周*,NA,695,夷陵中学,NA,0,0,NA,语130数143英138综284
湖北,2007,文,张*,M,627,大冶一中,NA,0,0,北大元培,男(原文'他');语127数146英137综217;录取北大元培
湖北,2008,理,邓*,M,710,武钢三中,NA,0,0,北大元培,男(原文'他');语127数150英141综292;录取北大元培
湖北,2008,文,邓*,NA,641,荆州中学,NA,0,0,NA,语128数149英134综230
湖北,2009,理,汪*,NA,693,孝感高中,NA,0,0,NA,语120数142英143综288
湖北,2009,文,李*,NA,629,荆门龙泉中学,NA,0,0,NA,语126数148外135综220
湖北,2010,理,毛*,NA,698,钟祥一中,NA,0,0,NA,语127数149英144综278
湖北,2010,文,严*,M,632,洪湖一中,NA,0,0,北大,男(原文'他');语133数140英139综220;录取北大
湖北,2011,理,王*,NA,707,襄阳五中,NA,0,0,NA,语131数144英143综289
湖北,2011,文,肖*,F,646,武汉外国语学校,NA,0,0,NA,语136数138英140综232
湖北,2012,理,柯*,M,700,大冶一中,NA,0,0,清华,男(原文'他');语136数139外143综282;录取清华
湖北,2012,文,吴*,M,658,襄阳四中,NA,0,0,北大光华,男(原文'他');语126数145外142综245;录取北大光华
湖北,2013,理,贺*,M,689,襄阳五中,NA,0,0,清华,男(原文'他');语129数142英144综274;录取清华
湖北,2013,文,李*,F,651,襄阳五中,NA,0,0,北大光华,女(原文'她');语138数136英147综230;录取北大光华
湖北,2014,理,龚*,NA,700,襄阳四中,NA,0,0,NA,语132数146英138综284
湖北,2014,文,陈*,F,657,武汉三中,NA,0,0,北大光华,女(原文'她');语136数149英139综233;录取北大光华
湖北,2015,理,刘*,M,699,襄阳五中,NA,0,0,NA,语126数141英146综286
湖北,2015,文,陈*,F,643,襄阳五中,NA,0,0,北大光华,女(原文'她');语131数144英145综223;录取北大光华
湖北,2016,理,梅*,F,707,武汉三中,NA,0,0,NA,语127数139英146综295
湖北,2016,文,崔*,M,658,巴东一中,NA,0,1,北大工商管理,男(原文'他');含加分10裸分648;总分状元;录取北大工商管理
湖北,2016,文,曹*,F,652,武汉二中,NA,0,0,NA,女(原文'她');裸分状元;语131数133英142综246
湖北,2017,理,田*,M,701,夷陵中学,NA,0,1,北大物理,男(原文'他');含加分10裸分691;总分状元;语119数148英148综276;录取北大物理
湖北,2017,理,肖*,M,700,随州二中,NA,0,0,北大信科图灵班,男(原文'他');裸分状元;语129数148英148综275;录取北大信科图灵班
湖北,2017,文,范*,F,683,襄阳五中,NA,0,0,北大光华,女(原文'她');语137数150英146综250;录取北大光华
湖北,2018,理,郑*,M,715,荆门龙泉中学,NA,0,0,北大信科,男(原文'他');语125数150英147综293;录取北大信科
湖北,2018,文,向*,M,694,巴东一中,NA,0,1,北大,男(原文'他');含加分10裸分684;总分状元;语122数148英147综267;录取北大
湖北,2018,文,杨*,M,688,华中师大一附中,NA,0,0,北大,男(原文'他');裸分状元;语129数148英150综261;录取北大
湖北,2019,理,常*,M,712,钟祥一中,NA,0,0,NA,男(原文'他');语132数149英144综287
湖北,2019,文,刘*,F,676,襄阳四中,NA,0,0,清华新雅,女(原文'她');语131数138英146综261;录取清华新雅
湖北,2020,理,唐*,F,725,华中师大一附中,NA,0,0,北大元培,女(原文'她');语146数149外143综287;录取北大元培
湖北,2020,文,王*,F,670,巴东一中,NA,0,1,NA,女(原文'她');含加分10裸分660;总分状元;语134数148英143综235
湖北,2020,文,徐*,F,667,荆门龙泉中学,NA,0,0,NA,裸分状元;语123数147英137综260
湖北,2021,物理类,许*,M,713,恩施高中,NA,0,0,清华计算机,男(原文'他');3+1+2;语131数147英142物100化96生97;录取清华计算机
湖北,2021,历史类,邓*,F,703,夷陵中学,NA,0,1,北大元培,女(原文'她');3+1+2;含加分10裸分693;语131数136英139史92政95地100;录取北大元培
湖北,2022,物理类,余*,M,702,华中师大一附中,NA,0,0,北大元培,男(原文'他');3+1+2;语124数144外141物98化97生98;录取北大元培
湖北,2022,历史类,王*,M,673,武汉外国语学校,NA,0,0,北大光华,男(原文'他');3+1+2;语120数142外142史84化92政93;录取北大光华
湖北,2023,物理类,方*,M,715,新洲一中,NA,0,0,清华新雅,男(原文'他');3+1+2;语131数142英147物100化98生97;录取清华新雅
湖北,2023,历史类,陈*,F,675,襄阳四中,NA,0,0,北大法学,女(原文'她');3+1+2;裸分并列;语127数135英142史84政95地92;录取北大法学
湖北,2023,历史类,张*,F,675,襄阳五中,NA,0,0,北大元培,女(原文'她');3+1+2;裸分并列;语134数130英145史79政94地93;录取北大元培
湖北,2023,历史类,王*,F,675,荆州中学,NA,0,0,北大元培(法学),女(原文'她');3+1+2;裸分并列;语133数136英143史79政91地93;录取北大元培(法学)
湖北,2023,历史类,谭*,F,675,恩施高中,NA,0,1,清华经管,女(原文'她');3+1+2;含加分10裸分665;总分状元;录取清华经管
湖北,2024,物理类,叶*,M,708,襄阳五中,NA,0,0,北大信科,男(原文'他');3+1+2;并列;语129数139英143物100化99生98;录取北大信科
湖北,2024,物理类,张*,M,708,武汉三中,NA,0,0,清华计算机与金融双学位,男(原文'他');3+1+2;并列;语138数140英142物100化94生94;录取清华计算机与金融双学位
湖北,2024,物理类,聂*,M,708,恩施高中,NA,0,1,NA,男(原文'他');3+1+2;含加分10裸分698;总分状元;语119数144英143物100化95生97
湖北,2024,历史类,李*,M,680,襄阳五中,NA,0,0,北大元培,男(原文'他');3+1+2;语135数128英142史81生98政96;录取北大元培
湖北,2025,物理类,余*,NA,705,恩施高中,NA,0,1,NA,3+1+2;含加分10裸分695;总分状元
湖北,2025,物理类,陈*,M,700,汉阳一中,NA,0,0,北大元培,男(原文'他');3+1+2;裸分并列;语135数138英141物97化92生97;录取北大元培
湖北,2025,物理类,李*,NA,700,新洲一中,NA,0,0,NA,3+1+2;裸分并列;语129数143英140物94化97生97
湖北,2025,物理类,周*,M,700,武昌实验中学,NA,0,0,清华电子信息,男(原文'他');3+1+2;裸分并列;语138数143英145物82化96生96;录取清华电子信息
湖北,2025,历史类,毛*,F,686,襄阳五中,NA,0,0,北大元培,女(原文'她');3+1+2;语124数140英146史85生97政94;录取北大元培
湖北,2026,物理类,南*,NA,714,华中师大一附中,NA,0,0,NA,3+1+2;语138数142英147物96化97生94
湖北,2026,历史类,李*,M,684,武昌实验中学,NA,0,0,NA,3+1+2;语138数134英144史76政97地95
天津,1979,理,赵*,NA,425,天津二十中,NA,0,0,NA,
天津,1980,文,隋*,M,NA,天津一中,NA,0,0,NA,
天津,1981,理,张*,NA,NA,天津一中,NA,0,0,NA,
天津,1988,文,信*,M,NA,天津南开中学,NA,0,0,北大经院国经,男(原文'他');录取北大经院国经
天津,1990,理,李*,NA,NA,天津实验中学,NA,0,0,NA,
天津,1991,理,沈*,NA,NA,天津第一百中学,NA,0,0,NA,
天津,1994,文,洪*,F,NA,天津南开中学,NA,0,0,北大经院国经,女(原文'她');录取北大经院国经
天津,1997,文,王*,M,628,天津五十五中,NA,0,0,NA,并列
天津,1997,文,赵*,NA,NA,大港油田实验中学,NA,0,0,NA,并列
天津,1998,理,张*,F,NA,耀华中学,NA,0,0,NA,
天津,1998,文,周*,NA,NA,天津二十中,NA,0,0,NA,
天津,1999,理,杨*,NA,686,耀华中学,NA,0,0,北大计算机,录取北大计算机
天津,1999,文,梁*,NA,632,天津一中,NA,0,0,北大国贸,录取北大国贸
天津,2000,理,周*,M,692,耀华中学,NA,0,0,北大生科,男(原文'他');语127数136英135物150化144;录取北大生科
天津,2000,文,张*,M,652,天津南开中学,NA,0,0,北大国贸,男(原文'他');并列;语127数130英134史127政134;录取北大国贸
天津,2000,文,吴*,NA,652,天津二十中,NA,0,0,北大文科试验班,并列;语129数133英126史136政128;录取北大文科试验班
天津,2001,理,王*,F,708,天津南开中学,NA,0,0,北大生科,女(原文'她');录取北大生科
天津,2001,文,李*,NA,662,天津外国语学校,NA,0,0,北大国际政治,录取北大国际政治
天津,2002,理,张*,M,731,天津一中,NA,0,1,北大生科,男(原文'他');含加分20裸分711;语136数145英132综298;录取北大生科
天津,2002,文,刘*,F,654,天津南开中学,NA,0,0,北大国贸,女(原文'她');语129数133英140综252;录取北大国贸
天津,2003,理,袁*,NA,666,塘沽一中,NA,0,0,清华计算机,录取清华计算机
天津,2003,文,王*,F,644,大港油田实验中学,NA,0,0,北大经院,录取北大经院
天津,2004,理,孟*,F,690,石家庄二中,NA,0,0,清华自动化,学校疑为原文笔误(石家庄二中属河北);录取清华自动化
天津,2004,文,刘*,NA,680,耀华中学,NA,0,0,北大法学,录取北大法学
天津,2005,理,兰*,M,693,天津南开中学,NA,0,1,清华工商管理,含加分20裸分673;录取清华工商管理
天津,2005,文,李*,F,635,天津南开翔宇学校,NA,0,0,北大光华,录取北大光华
天津,2006,理,刘*,NA,703,耀华中学,NA,0,1,清华建筑,含加分10裸分693;录取清华建筑
天津,2006,文,王*,M,627,宝坻一中,NA,0,0,北大,男(原文'他');录取北大
天津,2007,理,杨*,NA,696,天津实验中学,NA,0,1,清华电子,含加分20裸分676;总分状元;录取清华电子
天津,2007,理,陆*,NA,683,耀华中学,NA,0,0,北大生科,裸分状元;录取北大生科
天津,2007,文,於*,F,660,新华中学,NA,0,1,北大光华,含加分10裸分650;录取北大光华
天津,2008,理,卓*,NA,716,天津实验中学,NA,0,1,清华经管,含加分20裸分696;总分状元;录取清华经管
天津,2008,理,广*,NA,703,天津南开中学,NA,0,0,清华信科,裸分状元;录取清华信科
天津,2008,文,钟*,F,709,天津南开中学,NA,0,1,北大光华,含加分20裸分689;录取北大光华
天津,2009,理,常*,NA,703,耀华中学,NA,0,0,NA,语131数136英145综291
天津,2009,文,王*,NA,681,天津七中,NA,0,1,NA,含加分20裸分661;语124数127英138综272
天津,2010,理,黄*,F,695,天津四十二中,NA,0,1,清华生命实验班,女(原文'她');含加分20裸分675;总分状元;录取清华生命实验班
天津,2010,理,唐*,F,693,天津一中,NA,0,0,清华电子,女(原文'她');裸分状元;语127数142英140综284;录取清华电子
天津,2010,文,刘*,F,672,耀华中学,NA,0,0,NA,语120数143英144综265
天津,2011,理,刘*,M,704,蓟县一中,NA,0,1,清华经管,男(原文'他');含加分20裸分684;总分状元;录取清华经管
天津,2011,理,宋*,M,699,耀华中学,NA,0,0,清华生科,男(原文'他');裸分状元;录取清华生科
天津,2011,文,杜*,F,685,静海一中,NA,0,1,NA,含加分20裸分665
天津,2012,理,朱*,M,730,静海一中,NA,0,1,清华工程物理,男(原文'他');含加分20裸分710;录取清华工程物理
天津,2012,文,牛*,M,724,天津一中,NA,0,1,清华,男(原文'他');含加分20裸分704;录取清华
天津,2013,理,李*,M,716,天津南开中学,NA,0,1,清华经金国际班,男(原文'他');含加分20裸分696;语121数146英145综284;录取清华经金国际班
天津,2013,文,黄*,F,679,静海一中,NA,0,1,NA,含加分20裸分659;总分状元;并列
天津,2013,文,于*,NA,679,芦台一中,NA,0,1,NA,含加分20裸分659;总分状元;并列
天津,2013,文,范*,F,672,天津一中,NA,0,0,港大,女(原文'她');裸分状元;语128数145英145综254;录取港大
天津,2014,理,商*,M,719,宝坻一中,NA,0,1,北大,男(原文'他');含加分20裸分699;语126数137外143综293;录取北大
天津,2014,文,陈*,F,678,杨村一中,NA,0,1,NA,含加分20裸分658;总分状元
天津,2014,文,汪*,F,669,天津实验中学,NA,0,1,北大光华,女(原文'她');含加分10裸分659;裸分状元;语135数124英144综256;录取北大光华
天津,2015,理,赵*,M,706,大港油田实验中学,NA,0,0,NA,语133数143外140综290
天津,2015,文,张*,NA,684,耀华中学,NA,0,0,NA,语132数142外145综265
天津,2016,理,孟*,NA,707,杨村一中,NA,0,0,NA,并列;语124数146英146综291
天津,2016,理,韩*,NA,707,蓟州一中,NA,0,0,NA,并列;语131数144英145综287
天津,2016,文,马*,F,693,静海一中,NA,0,0,北大,女(原文'她');语135数137英147综274;录取北大
天津,2017,理,王*,F,700,天津南开中学,NA,0,0,NA,语122数144英144综290
天津,2017,文,王*,NA,666,杨村一中,NA,0,0,NA,语125数140英146综255
天津,2018,理,周*,M,712,天津南开中学,NA,0,0,北大光华,男(原文'他');语130数148英146综288;录取北大光华
天津,2018,文,刘*,F,701,汉沽一中,NA,0,0,北大经院,女(原文'她');语129数148英147综277;录取北大经院
天津,2019,理,胡*,F,718,塘沽一中,NA,0,0,清华经管(国际班),女(原文'她');语128数149英146综295;录取清华经管(国际班)
天津,2019,文,武*,NA,667,杨村一中,NA,0,0,北大中文,录取北大中文
天津,2020,不分,涂*,F,723,武清英华国际学校,NA,0,0,NA,女(原文'她');3+3新高考;语134数146英146史100政100地97;录取清华新雅PPE
天津,2021,不分,王*,F,738,石家庄二中,NA,0,0,清华新雅法学,女(原文'她');3+3;学校疑为原文笔误;语144数149英148化100生100史97;录取清华新雅法学
天津,2022,不分,曹*,M,728,耀华中学,NA,0,0,清华交叉信息,男(原文'他');3+3;语135数150英143物100化100生100;录取清华交叉信息
天津,2023,不分,朱*,F,716,天津南开中学,NA,0,0,清华交叉信息,3+3;并列;语138数134英144物100化100生100;录取清华交叉信息
天津,2023,不分,范*,M,716,天津南开中学,NA,0,0,清华经管,男(原文'他');3+3;并列;语130数142英144物100化100生100;录取清华经管
天津,2024,不分,杨*,NA,716,天津南开中学,NA,0,0,清华交叉信息,3+3;语124数145外147;录取清华交叉信息
天津,2025,不分,朱*,F,711,杨村一中,NA,0,0,清华,3+3;录取清华
天津,2026,不分,徐同学,NA,703,杨村一中,NA,0,0,NA,3+3;并列;匿名化处理
天津,2026,不分,韩同学,NA,703,天津南开中学,NA,0,0,NA,3+3;并列;匿名化处理
吉林,1963,理,南*,M,NA,辽源五中,NA,0,0,清华无线电,各科平均98.6分(满分100);录取清华无线电;即FAST天眼之父
吉林,1977,理,韩*,M,NA,NA,NA,0,0,吉大计算机,录取吉大计算机
吉林,1977,文,李*,NA,NA,东北师大附中,NA,0,0,东北师大地理,录取东北师大地理
吉林,1978,理,王*,NA,NA,吉林一中,NA,0,0,NA,
吉林,1979,文,李*,NA,NA,长春外国语学校,NA,0,0,NA,
吉林,1980,理,岳*,F,NA,吉林一中,NA,0,0,NA,
吉林,1980,文,王*,NA,NA,长春外国语学校,NA,0,0,NA,
吉林,1981,理,梁*,M,NA,白山二中,NA,0,0,NA,
吉林,1981,文,陈*,NA,NA,长春外国语学校,NA,0,0,NA,并列
吉林,1981,文,栗*,NA,NA,东北师大附中,NA,0,0,北大经济系,并列;录取北大经济系
吉林,1982,文,韩*,F,NA,长春外国语学校,NA,0,0,NA,
吉林,1983,理,董*,M,NA,梅河口五中,NA,0,0,NA,
吉林,1984,文,张*,M,567,东北师大附中,NA,0,0,北大历史,录取北大历史
吉林,1985,文,刘*,M,NA,长春外国语学校,NA,0,0,NA,并列
吉林,1985,文,刘*,M,NA,东北师大附中,NA,0,0,NA,并列
吉林,1987,文,董*,NA,NA,长春外国语学校,NA,0,0,NA,并列
吉林,1987,文,刘*,NA,NA,毓文中学,NA,0,0,NA,并列
吉林,1988,文,徐*,NA,NA,东北师大附中,NA,0,0,NA,
吉林,1989,理,周*,NA,NA,吉林一中,NA,0,0,NA,
吉林,1989,文,李*,NA,NA,长春外国语学校,NA,0,0,NA,
吉林,1990,文,高*,F,NA,长春外国语学校,NA,0,0,NA,
吉林,1991,理,李*,F,NA,通化县七中,NA,0,0,NA,
吉林,1991,文,韩*,M,NA,梅河口五中,NA,0,0,NA,
吉林,1992,文,李*,NA,NA,长春外国语学校,NA,0,0,NA,并列
吉林,1992,文,綦*,NA,NA,东北师大附中,NA,0,0,北大,并列;录取北大
吉林,1993,理,程*,NA,NA,长春市实验中学,NA,0,0,NA,
吉林,1993,文,姜*,NA,NA,梅河口十一中,NA,0,0,NA,
吉林,1994,理,王*,M,NA,集安一中,NA,0,0,NA,并列
吉林,1994,理,咸*,M,NA,珲春三中,NA,0,0,清华电机,并列;录取清华电机
吉林,1994,文,刘*,NA,NA,集安一中,NA,0,0,NA,
吉林,1996,理,李*,M,NA,公主岭一中,NA,0,0,北大,录取北大
吉林,1996,文,刘*,M,NA,九台一中,NA,0,0,北大,录取北大
吉林,1997,文,王*,NA,NA,长春外国语学校,NA,0,0,北大,录取北大
吉林,1998,理,孙*,M,687,辉南六中,NA,0,0,清华,并列;录取清华
吉林,1998,理,付*,NA,NA,吉林省实验中学,NA,0,0,北大,并列;录取北大
吉林,1999,理,金*,NA,NA,珲春二中,NA,0,0,清华,东北三省理科状元;录取清华
吉林,1999,文,孙*,NA,NA,长春外国语学校,NA,0,0,北大,录取北大
吉林,2000,理,姜*,M,654,吉林省实验中学,NA,0,0,清华电子信息,男(原文'他');语129数141英135综249;录取清华电子信息
吉林,2000,文,孙*,M,610,东北师大附中,NA,0,0,北大经院,男(原文'他');语120数147外129综214;录取北大经院
吉林,2001,理,刘*,NA,NA,东北师大附中,NA,0,0,清华,录取清华
吉林,2001,文,金*,F,639,延边一中,NA,0,0,北大工商管理,并列;录取北大工商管理
吉林,2001,文,常*,NA,NA,东北师大附中,NA,0,0,北大新闻,并列;录取北大新闻
吉林,2002,理,李*,M,699,梨树一中,NA,0,0,清华,男(原文'他');语139数142英123综295;录取清华
吉林,2002,文,孔*,NA,641,长春外国语学校,NA,0,0,北大法学,语123数134外139综245;录取北大法学
吉林,2003,理,李*,NA,675,吉林一中,NA,0,0,清华电子信息,并列;录取清华电子信息
吉林,2003,理,冯*,NA,675,农安实验中学,NA,0,0,北大生科,并列;录取北大生科
吉林,2003,文,肖*,F,619,吉林一中,NA,0,0,北大光华工商管理,女(原文'她');语128;录取北大光华工商管理
吉林,2004,理,闫*,NA,715,东北师大附中,NA,0,0,北大,录取北大
吉林,2004,文,周*,F,629,东北师大附中,NA,0,0,北大光华,女(原文'她');语127数144外134综224;录取北大光华
吉林,2005,理,吴*,F,705,东北师大附中,NA,0,0,清华工商管理,女(原文'她');语131数148英137综289;录取清华工商管理
吉林,2005,文,孙*,F,682,东北师大附中,NA,0,0,北大光华,女(原文'她');语132数142英138综270;录取北大光华
吉林,2006,理,薛*,M,711,吉林一中,NA,0,0,上海交大,录取上海交大
吉林,2006,文,孙*,NA,678,毓文中学,NA,0,0,北大光华,录取北大光华
吉林,2007,理,孔*,NA,709,松原油田高中,NA,0,0,港科大,录取港科大
吉林,2007,文,柏*,F,674,长春朝鲜族中学,NA,0,0,北大外院法语,女(原文'她');语142数134英136综262;录取北大外院法语
吉林,2007,文,许*,NA,674,延边一中,NA,0,1,复旦,含加分10裸分664;总分状元;录取复旦
吉林,2007,文,胡*,NA,666,东北师大附中,NA,0,0,NA,汉语言文科状元;语134数148英142综242
吉林,2008,理,唱*,F,706,北师大宁江附中,NA,0,0,北大,女(原文'她');语131数143英143综289;录取北大
吉林,2008,文,许*,F,682,延边一中,NA,0,1,北大,女(原文'她');含加分10裸分672;语140数142英135综255;录取北大
吉林,2009,理,张*,F,706,白城一中,NA,0,1,清华,女(原文'她');含加分3裸分703;语131数146英143综283;录取清华
吉林,2009,理,于*,NA,706,四平一中,NA,0,1,清华,含加分5裸分701;总分状元;录取清华
吉林,2009,文,裴*,NA,667,延边一中,NA,0,1,清华,含加分10裸分657;录取清华
吉林,2010,理,程*,F,702,吉林一中,NA,0,0,清华,并列;录取清华
吉林,2010,理,徐*,NA,702,吉林一中,NA,0,1,清华,含加分5裸分697;总分状元;录取清华
吉林,2010,文,申*,F,653,延边一中,NA,0,1,清华经管经金国际,女(原文'她');含加分10裸分643;语135数129外135综244;录取清华经管经金国际
吉林,2010,文,胡*,NA,642,东北师大附中,NA,0,0,NA,汉语言文科状元
吉林,2011,理,陈*,M,705,梅河口五中,NA,0,1,清华,含加分8裸分697;总分状元;录取清华
吉林,2011,理,王*,M,701,松原实验高中,NA,0,0,北大,男(原文'他');裸分状元;语135数147英142综277;录取北大
吉林,2011,文,方*,F,681,延边一中,NA,0,1,清华,含加分10裸分671;总分状元;录取清华
吉林,2011,文,周*,F,673,通钢一中,NA,0,0,北大,女(原文'她');裸分状元;语128数150英145综250;录取北大
吉林,2012,理,耿*,M,706,松原油田高中,NA,0,0,清华电子,男(原文'他');语129数149英143综285;录取清华电子
吉林,2012,文,崔*,F,672,延边一中,NA,0,1,清华经管,女(原文'她');含加分10裸分662;总分状元;录取清华经管
吉林,2012,文,刘*,F,664,东北师大附中,NA,0,0,北大光华,女(原文'她');裸分状元;语134数142英145综243;录取北大光华
吉林,2013,理,刘*,F,708,吉林一中,NA,0,1,清华,含加分8裸分700;总分状元;录取清华
吉林,2013,理,王*,F,704,吉林一中,NA,0,0,清华,女(原文'她');裸分状元;录取清华
吉林,2013,文,金*,NA,661,延边一中,NA,0,1,清华,含加分10裸分651;总分状元;录取清华
吉林,2013,文,刘*,NA,657,吉大附中,NA,0,1,清华,含加分5裸分652;裸分状元;录取清华
吉林,2014,理,张*,M,717,东北师大附中,NA,0,1,清华,男(原文'他');含加分5裸分712;英150;总分状元;并列;录取清华
吉林,2014,理,吴*,M,717,东北师大附中,NA,0,1,清华,男(原文'他');含加分8裸分709;总分状元;并列;语126数149英141综293;录取清华
吉林,2014,理,刘*,F,716,东北师大附中,NA,0,0,清华,女(原文'她');裸分状元;录取清华
吉林,2014,文,韩*,F,687,延边一中,NA,0,1,北大,女(原文'她');含加分10裸分677;录取北大
吉林,2014,文,袁*,NA,674,东北师大附中,NA,0,0,NA,汉语言文科状元
吉林,2015,理,李*,F,708,松原油田高中,NA,0,0,清华,女(原文'她');语137数141英145综285;录取清华
吉林,2015,理,倪*,F,708,吉林一中,NA,0,1,清华电子,含加分5裸分703;总分状元;录取清华电子
吉林,2015,文,杨*,F,675,珲春二中,NA,0,1,清华,女(原文'她');含加分10裸分665;语139数140外141综245;录取清华
吉林,2015,文,王*,NA,661,吉大附中,NA,0,0,NA,汉语言;并列;语122数147英149综243
吉林,2015,文,张*,NA,661,吉大附中,NA,0,0,NA,汉语言;并列;语121数150英145综245
吉林,2016,理,宋*,NA,712,吉林市朝鲜族中学,NA,0,1,清华,含加分10裸分702;总分状元;录取清华
吉林,2016,理,刘*,F,708,东北师大附中,NA,0,0,北大,女(原文'她');裸分状元;复读生(2015=657考入同济);语127数148英147综286;录取北大
吉林,2016,文,杨*,F,692,延边一中,NA,0,1,清华经金国际班,女(原文'她');含加分10裸分682;录取清华经金国际班
吉林,2016,文,马*,M,660,吉大附中,NA,0,0,NA,汉语言文科状元
吉林,2017,理,曹*,F,712,东北师大附中,NA,0,0,清华,女(原文'她');语137数145英147综283;录取清华
吉林,2017,文,裴*,F,689,吉林市朝鲜族中学,NA,0,1,清华,女(原文'她');含加分10裸分679;语142数142英144综251;录取清华
吉林,2017,文,王*,F,672,吉大附中实验学校,NA,0,0,北大,女(原文'她');汉语言文科状元;录取北大
吉林,2018,理,才*,NA,716,吉大附中,NA,0,0,清华,语132数148英143综293;录取清华
吉林,2018,文,金*,NA,689,珲春二中,NA,0,0,清华,语149数141英138综261;录取清华
吉林,2018,文,宋*,NA,670,白山二中,NA,0,0,NA,汉语言文科状元;语130数145外144综251
吉林,2019,理,李*,NA,721,珲春二中,NA,0,1,清华,含加分10裸分711;总分状元;语148数147外140综276;录取清华
吉林,2019,理,吴*,F,714,吉林一中,NA,0,0,北大,女(原文'她');裸分状元;综294;录取北大
吉林,2019,文,徐*,F,676,延边一中,NA,0,0,清华经管,女(原文'她');语141数145外144综246;录取清华经管
吉林,2019,文,于*,NA,656,东北师大附中,NA,0,0,北大光华,汉语言文科状元;录取北大光华
吉林,2020,理,邵*,NA,727,吉林一中,NA,0,0,清华交叉信息,高二(2019)已考708全省第5(数学150);语135数148英148综296;录取清华交叉信息
吉林,2020,文,尚*,F,666,东北师大附中,NA,0,0,北大中文,女(原文'她');语133数134英147综252;录取北大中文
吉林,2021,理,张*,M,709,吉林一中,NA,0,0,清华计算机与金融双学位,男(原文'他');语136数148外143综282;录取清华计算机与金融双学位
吉林,2021,文,曾*,F,670,舒兰一中,NA,0,0,北大光华,女(原文'她');语135数148英143综244;录取北大光华
吉林,2022,理,张*,M,705,吉林一中,NA,0,0,北大数学,男(原文'他');语132数137外143综293;录取北大数学
吉林,2022,文,陈*,F,647,通钢一中,NA,0,0,北大哲学,女(原文'她');语123数146外137综241;录取北大哲学
吉林,2023,理,刘*,NA,705,东北师大附中,NA,0,0,清华协和临床医学八年制,录取清华协和临床医学八年制
吉林,2023,文,董*,NA,656,东北师大附中,NA,0,0,北大法学,录取北大法学
吉林,2024,物理类,牛*,M,718,东北师大附中,NA,0,0,北大元培,男(原文'他');3+1+2;语133数144英145物100化99生97;录取北大元培
吉林,2024,历史类,张*,F,702,东北师大附中,NA,0,0,北大光华,女(原文'她');3+1+2;语136数138外142史91政95地100;录取北大光华
吉林,2025,物理类,李*,M,725,吉林一中,NA,0,0,清华计算机,男(原文'他');3+1+2;语132数150外145物100化99生99;录取清华计算机
吉林,2025,历史类,祝*,M,697,长春十一高中,NA,0,0,北大经院,男(原文'他');3+1+2;语135数140外141史92政96地93;录取北大经院
吉林,2026,物理类,华*,F,718,东北师大附中,NA,0,0,NA,3+1+2;并列;语136数145外145物100化95生97
吉林,2026,物理类,刘*,NA,718,东北师大附中,NA,0,0,NA,3+1+2;并列;语144数139外147物98化93生97
吉林,2026,历史类,赵*,NA,697,东北师大附中,NA,0,0,NA,3+1+2;语141数130英142史97政94地93
四川,1959,文,黄*,NA,NA,内江一中,NA,0,0,北大,录取北大
四川,1960,理,燕*,NA,NA,树德中学,NA,0,0,清华,录取清华
四川,1963,理,李*,NA,NA,重庆田家炳中学,NA,0,0,北大,录取北大;后为中科院院士(数学家)
四川,1977,理,黄*,M,NA,成都列五中,NA,0,0,清华,男(原文'他');31岁参加高考;录取清华
四川,1977,文,胡*,NA,NA,南充高中,NA,0,0,北大中文新闻,录取北大中文新闻
四川,1978,理,杨*,NA,NA,重庆二十九中,NA,0,0,重大应用数学,录取重大应用数学
四川,1978,文,尹*,NA,NA,字水中学,NA,0,0,人大新闻,录取人大新闻
四川,1979,理,霍*,NA,NA,盐道街中学,NA,0,0,北大数学,录取北大数学
四川,1980,理,苟*,NA,NA,重庆一中,NA,0,0,中科大,录取中科大
四川,1981,文,(佚名),NA,NA,蜀光中学,NA,0,0,NA,姓名未公开
四川,1982,文,付*,NA,NA,重庆十八中,NA,0,0,北大,录取北大
四川,1983,理,叶*,NA,NA,隆昌一中,NA,0,0,中科大,录取中科大
四川,1983,文,徐*,M,NA,万源中学,NA,0,0,北大中文,录取北大中文
四川,1984,理,冯*,M,NA,重庆一中,NA,0,0,北大数学,录取北大数学
四川,1985,理,王*,NA,NA,西南交大附中,NA,0,0,NA,
四川,1985,文,任*,NA,NA,资中二中,NA,0,0,NA,
四川,1986,理,肖*,M,NA,资阳中学,NA,0,0,中科大,录取中科大
四川,1986,文,欧*,NA,NA,平武中学,NA,0,0,北大,录取北大
四川,1987,理,陈*,NA,NA,乐至中学,NA,0,0,NA,
四川,1987,文,廖*,NA,NA,乐至中学,NA,0,0,复旦,录取复旦
四川,1988,理,陈*,NA,NA,西南交大附中,NA,0,0,NA,
四川,1988,文,刘*,NA,NA,自贡蜀光中学,NA,0,0,北大,录取北大
四川,1989,理,石*,F,NA,重庆南开中学,NA,0,0,复旦,录取复旦
四川,1990,理,陈*,NA,NA,重庆八中,NA,0,0,清华,录取清华
四川,1991,理,张*,NA,NA,西南师大附中,NA,0,0,NA,
四川,1991,文,张*,M,NA,NA,NA,0,0,北大国际经济,录取北大国际经济
四川,1992,理,张*,NA,645,延风中学,NA,0,0,NA,
四川,1993,文,李*,M,NA,开县中学,NA,0,0,北师大,录取北师大
四川,1994,理,袁*,F,684,重庆十八中,NA,0,0,清华计算机,录取清华计算机
四川,1994,文,钟*,NA,620,重庆一中,NA,0,0,人大国际经贸,录取人大国际经贸
四川,1995,理,韩*,NA,676,绵阳科学城一中,NA,0,0,NA,
四川,1995,文,唐*,M,NA,成都外国语学校,NA,0,0,北大经院,录取北大经院
四川,1996,理,唐*,F,NA,铜梁中学,NA,0,0,北大,女(原文'她');化学单科全省第一;录取北大
四川,1996,文,黄*,NA,NA,成都外国语学校,NA,0,0,NA,
四川,1997,理,赵*,NA,NA,德阳三中,NA,0,0,NA,并列;物理150
四川,1997,理,蒋*,NA,NA,重庆一中,NA,0,0,NA,并列
四川,1997,文,龙*,F,624,重庆外国语学校,NA,0,0,北大国关,女(原文'她');语96数132俄146(俄语考生);录取北大国关
四川,1998,理,翟*,NA,695,成都玉林中学,NA,0,0,清华,录取清华
四川,1998,文,任*,NA,626,资阳中学,NA,0,0,北大国关国际政治,语138;录取北大国关国际政治
四川,1999,理,张*,NA,688,树德中学,NA,0,0,北大生科,录取北大生科
四川,1999,文,余*,NA,649,成都实验外国语学校,NA,0,0,北大光华金融,录取北大光华金融
四川,2000,理,叶*,F,687,成都七中,NA,0,0,清华生物,语129数130英142物139化147;录取清华生物
四川,2000,文,刘*,F,635,成都实验外国语学校,NA,0,0,北大光华金融,女(原文'她');英语单科全省第1;语118数124英143政122史128;录取北大光华金融
四川,2001,理,王*,F,703,石室中学,NA,0,0,北大光华金融,女(原文'她');语131数145英137综290;录取北大光华金融
四川,2001,文,王*,M,656,内江六中,NA,0,0,北大光华金融,男(原文'他');语125数148英139综244;录取北大光华金融
四川,2002,理,谢*,F,702,自贡蜀光中学,NA,0,0,北大,女(原文'她');并列;语133数137英142综290;录取北大
四川,2002,理,罗*,NA,702,树德中学,NA,0,0,NA,并列
四川,2002,文,杨*,NA,658,屏山中学,NA,0,0,NA,语125数136英125综272
四川,2003,理,陈*,M,674,富顺二中,NA,0,0,清华生科,男(原文'他');语121数137外136综280;录取清华生科
四川,2003,文,刘*,NA,664,成都实验外国语学校,NA,0,0,NA,语121数134外142综267
四川,2004,理,王*,M,692,成都外国语学校,NA,0,0,清华,男(原文'他');并列;语124数145外136综287;录取清华
四川,2004,理,汪*,M,692,什邡中学,NA,0,0,清华,男(原文'他');并列;语124数138外135综295;录取清华
四川,2004,文,江*,F,643,成都实验外国语学校,NA,0,0,北大法学,女(原文'她');语145数129外139综230;录取北大法学
四川,2005,理,兰*,M,716,内江六中,NA,0,0,清华土木经济双学位,男(原文'他');语128数148英142综298;录取清华土木经济双学位
四川,2005,文,邱*,F,677,内江六中,NA,0,0,北大光华,女(原文'她');语134数144英148综251;录取北大光华
四川,2006,理,周*,NA,701,树德中学,NA,0,0,港科大,语126数143外142综290;录取港科大
四川,2006,文,陈*,F,655,攀枝花七中,NA,0,0,北大元培(会计),女(原文'她');录取北大元培(会计)
四川,2007,理,杨*,M,690,双流中学,NA,0,0,清华数理基础,男(原文'他');语121数148外131综290;录取清华数理基础
四川,2007,文,张*,M,677,成都外国语学校,NA,0,0,NA,语130数146外141综260
四川,2008,理,王*,F,717,石室中学,NA,0,0,北大光华,女(原文'她');语130数148英148综291;录取北大光华
四川,2008,文,王*,F,688,石室中学,NA,0,0,清华经管,女(原文'她');语133数150英147综258;录取清华经管
四川,2009,理,董*,M,655,巴中中学,NA,0,0,清华材料,男(原文'他');语106数142外137综270;录取清华材料
四川,2009,文,叶*,F,634,成都实验外国语学校,NA,0,0,NA,语121数133英141综239
四川,2010,理,杨*,M,676,绵阳中学,NA,0,0,清华,男(原文'他');复读生;语117数141英139综279;录取清华
四川,2010,文,向*,M,654,成都实验外国语学校,NA,0,0,北大光华,男(原文'他');语107数137英142综268;录取北大光华
四川,2011,理,李*,M,691,成都外国语学校,NA,0,0,清华物理,男(原文'他');语121数144外135综291;录取清华物理
四川,2011,文,郭*,M,649,绵阳南山中学,NA,0,0,清华经管,男(原文'他');语118数134英138综259;录取清华经管
四川,2012,理,高*,F,682,成都外国语学校,NA,0,0,清华材料,女(原文'她');语119数137英136综290;录取清华材料
四川,2012,文,周*,F,636,成都外国语学校,NA,0,0,清华,女(原文'她');语英单科均全省文科第1;语131数143外143综219;录取清华
四川,2013,理,郭*,M,707,锦江嘉祥外国语学校,NA,0,0,清华数学,男(原文'他');语120数150外147综290;录取清华数学
四川,2013,文,刘*,M,669,江油一中,NA,0,0,北大光华,男(原文'他');语125数149英145综250;录取北大光华
四川,2014,理,封*,M,687,成都七中,NA,0,0,北大化学,男(原文'他');语122数143英140综282;录取北大化学
四川,2014,文,唐*,F,650,绵阳东辰国际学校,NA,0,0,清华金融,女(原文'她');语127数145英142综236;录取清华金融
四川,2015,理,高*,M,689,绵阳中学,NA,0,0,清华,男(原文'他');语123数142英142综282;录取清华
四川,2015,文,万*,F,681,成都外国语学校,NA,0,0,NA,女(原文'她');比全省第2名高21分;模考两次700+;语132数137外143综269
四川,2016,理,谢*,M,709,什邡中学,NA,0,0,清华新雅,男(原文'他');语125数148英140综296;录取清华新雅
四川,2016,文,刘*,F,663,绵阳中学,NA,0,0,清华经管,女(原文'她');语130数148英143综242;录取清华经管
四川,2017,理,黎*,F,720,树德中学,NA,0,0,清华,女(原文'她');语136数150外144综290;录取清华
四川,2017,文,涂*,NA,668,成都实验外国语学校,NA,0,0,NA,语133数145英148综242
四川,2018,理,周*,M,718,遂宁安居育才中学,NA,0,0,北大,男(原文'他');语133数148英146综291;录取北大
四川,2018,文,陈*,F,663,成都七中,NA,0,0,北大中文,女(原文'她');录取北大中文
四川,2019,理,张*,M,718,石室中学,NA,0,0,清华计算机,男(原文'他');并列;语133数150英148综287;录取清华计算机
四川,2019,理,宋*,F,718,成都七中,NA,0,0,清华新雅(钱学森力学班),女(原文'她');并列;语128数150外147综293;录取清华新雅(钱学森力学班)
四川,2019,文,刘*,NA,681,南充高中,NA,0,0,NA,语134数150外144综253
四川,2020,理,喻*,M,710,成都七中,NA,0,0,北大,男(原文'他');语125数141英148综296;录取北大
四川,2020,文,涂*,F,676,树德中学,NA,0,0,北大光华,女(原文'她');语123数150英144综259;录取北大光华
四川,2021,理,卢*,M,722,绵阳东辰国际学校,NA,0,0,清华,"男(原文'他');复读生(原成都外国语,2020=663);语132数149外146综295;录取清华"
四川,2021,文,王*,F,666,成都七中,NA,0,0,北大光华,女(原文'她');语130数148外147综241;录取北大光华
四川,2022,理,刘*,M,710,成都七中,NA,0,0,清华计算机,男(原文'他');并列;数150;眉山市中考状元;录取清华计算机
四川,2022,理,刁*,F,710,成都七中,NA,0,0,北大元培,女(原文'她');并列;语127数150英149综284;录取北大元培
四川,2022,文,黄*,F,672,棠湖外国语学校,NA,0,0,北大元培(光华),女(原文'她');语127数143外147综255;录取北大元培(光华)
四川,2023,理,张*,F,712,成都七中,NA,0,0,清华临床医学,女(原文'她');自贡市中考状元;语127数148外145综292;录取清华临床医学
四川,2023,文,曾*,F,654,绵阳中学,NA,0,0,北大中文,女(原文'她');语122数137外145综250;录取北大中文
四川,2024,理,戴*,NA,715,成都七中,NA,0,0,清华新雅,语126数150外144综295;录取清华新雅
四川,2024,文,罗*,F,657,成都七中,NA,0,0,北大元培,女(原文'她');语125数149外145综238;录取北大元培
四川,2025,物理类,吴*,NA,712,成都实验外国语学校,NA,0,0,NA,新高考3+1+2首届;据称;语127数150外141物97化97生100
四川,2025,历史类,杨*,NA,677,成都七中,NA,0,0,NA,据称
辽宁,1994,理,郑*,NA,679,大连八中,NA,0,0,NA,
辽宁,1995,理,李*,NA,681,辽宁北镇高中,NA,0,0,NA,
辽宁,1996,理,曹*,M,NA,鞍山一中,NA,0,0,NA,数学143
辽宁,1996,文,田*,F,NA,沈阳朝鲜族一中,NA,0,0,北大,录取北大
辽宁,1997,理,徐*,NA,NA,沈阳八十三中,NA,0,0,清华土木,录取清华土木
辽宁,1997,文,张*,F,NA,沈阳朝鲜族一中,NA,0,0,北大,录取北大
辽宁,1998,理,何*,NA,686,辽宁省实验中学,NA,0,0,清华自动化,录取清华自动化
辽宁,1998,文,余*,M,NA,辽宁师大附中,NA,0,0,NA,
辽宁,1999,理,祁*,M,693,康平高中,NA,0,0,清华,男(原文'他');录取清华
辽宁,1999,文,孙*,NA,NA,鞍山一中,NA,0,0,北大经院,并列;录取北大经院
辽宁,1999,文,黄*,F,638,大连二十三中,NA,0,0,北大经院,女(原文'她');并列;数学150;录取北大经院
辽宁,2000,理,林*,M,680,大连育明高中,NA,0,0,清华生物,男(原文'他');语127数134英131物143化145;录取清华生物
辽宁,2000,文,崔*,F,648,鞍山朝鲜族中学,NA,0,0,北大法学,女(原文'她');日语考生:语131数117日语140政135史125;录取北大法学
辽宁,2001,理,李*,M,704,沈阳朝鲜族一中,NA,0,0,NA,并列
辽宁,2001,理,陈*,NA,NA,大连八中,NA,0,0,NA,并列
辽宁,2001,文,尹*,F,649,鞍山一中,NA,0,0,北大光华,女(原文'她');并列;语123数150英134综242;录取北大光华
辽宁,2001,文,许*,NA,NA,沈阳二十七中,NA,0,0,人大,并列;录取人大
辽宁,2002,理,刘*,M,707,阜新高中,NA,0,0,清华,男(原文'他');语125数148英139综295;录取清华
辽宁,2002,文,朴*,F,689,桓仁朝鲜族中学,NA,0,0,北大,女(原文'她');日语128;语139数139日语128综283;录取北大
辽宁,2003,不分,刘*,M,692,本溪高中,NA,0,1,清华电子,男(原文'他');3+X大综合;含加分10裸分682;语117数148英130综287;录取清华电子
辽宁,2004,不分,耿*,F,704,大连育明高中,NA,0,1,北大数学,女(原文'她');3+X大综合;含加分10裸分694;总分状元;语126数149英131综288;录取北大数学
辽宁,2004,不分,吕*,NA,697,庄河高中,NA,0,0,NA,3+X大综合;裸分状元
辽宁,2005,不分,王*,F,682,朝阳二高,NA,0,1,清华,女(原文'她');3+X大综合;含加分;总分状元;数133;录取清华
辽宁,2005,不分,刘*,NA,680,辽宁省实验中学,NA,0,0,NA,3+X大综合;裸分状元;并列
辽宁,2005,不分,唐*,M,680,盘锦市高级中学,NA,0,0,NA,3+X大综合;裸分状元;并列
辽宁,2006,理,王*,M,687,阜新实验中学,NA,0,1,清华土木,男(原文'他');含加分;总分状元;综290;录取清华土木
辽宁,2006,理,王*,NA,677,盘锦市高级中学,NA,0,0,NA,裸分状元
辽宁,2006,文,朴*,F,668,沈阳朝鲜族一中,NA,0,0,北大新闻,女(原文'她');数学150;录取北大新闻
辽宁,2007,理,赵*,M,692,大连二十四中,NA,0,1,NA,含加分10裸分682;总分状元;语124数139英133综286
辽宁,2007,理,赵*,NA,689,锦州中学,NA,0,0,NA,裸分状元;语123数135外146综285
辽宁,2007,文,刘*,F,665,本溪高中,NA,0,0,港大金融,女(原文'她');语126数137英143综259;录取港大金融
辽宁,2008,理,代*,M,692,阜新实验中学,NA,0,0,北大光华,男(原文'他');复读生(2007=649);语123数137英141综291;录取北大光华
辽宁,2008,文,姜*,F,695,沈阳朝鲜族一中,NA,0,1,北大,女(原文'她');含加分10裸分685;录取北大
辽宁,2009,理,于*,F,718,辽宁省实验中学,NA,0,1,北大光华金融,女(原文'她');含加分10裸分708;语136数145外141综286;录取北大光华金融
辽宁,2009,文,徐*,F,674,沈阳朝鲜族一中,NA,0,1,北大光华,女(原文'她');含加分10裸分664;语130数136英139综259;录取北大光华
辽宁,2009,文,李*,F,659,辽宁省实验中学,NA,0,1,NA,汉语言文科状元;含加分10裸分649
辽宁,2010,理,唐*,NA,712,本溪高中,NA,0,1,NA,含加分10裸分702;总分状元
辽宁,2010,理,包*,F,705,阜新实验中学,NA,0,0,NA,裸分状元;语126数150外131综298
辽宁,2010,文,杨*,M,650,抚顺二中,NA,0,1,港中文,男(原文'他');含加分10裸分640;总分状元;录取港中文
辽宁,2010,文,吴*,F,646,本溪高中,NA,0,0,北大经院,女(原文'她');裸分状元;语134数143英143综226;录取北大经院
辽宁,2011,理,李*,M,718,东北育才学校,NA,0,0,清华经管,男(原文'他');语129数147英145综297;录取清华经管
辽宁,2011,文,李*,NA,656,朝阳一高,NA,0,1,NA,含加分10裸分646;语142数136英140综228
辽宁,2012,理,安*,NA,706,辽宁省实验中学,NA,0,1,NA,含加分10裸分696;总分状元;语121数139英138综288
辽宁,2012,理,颜*,M,702,鞍山一中,NA,0,0,清华环境,男(原文'他');裸分状元;复读生;录取清华环境
辽宁,2012,文,郑*,F,680,沈阳朝鲜族一中,NA,0,0,NA,语137数141英135综267
辽宁,2012,文,张*,NA,657,本溪高中,NA,0,0,港大经金,汉语言文科状元;录取港大经金
辽宁,2013,理,张*,M,709,本溪高中,NA,0,1,清华计算机,男(原文'他');含加分10裸分699;总分状元;语126数147英136综290;录取清华计算机
辽宁,2013,理,郭*,M,700,东北育才学校,NA,0,0,北大,男(原文'他');裸分状元;语126数150外142综282;录取北大
辽宁,2013,文,刘*,F,668,本溪高中,NA,0,1,港大,女(原文'她');含加分10裸分658;录取港大
辽宁,2014,理,王*,NA,710,本溪高中,NA,0,1,NA,含加分10裸分700;总分状元
辽宁,2014,理,刘*,NA,705,盘锦市高级中学,NA,0,0,NA,裸分状元
辽宁,2014,文,禹*,F,671,大连朝鲜族学校,NA,0,1,北大,女(原文'她');含加分10裸分661;总分状元;语133数134英133综261;录取北大
辽宁,2014,文,刘*,F,666,本溪高中,NA,0,0,北大中文,女(原文'她');裸分状元;2013文科状元从港大退学复读;语126数141外147综252;录取北大中文
辽宁,2015,理,李*,NA,709,抚顺二中,NA,0,0,清华经管,录取清华经管
辽宁,2015,文,戴*,NA,666,盘锦市高级中学,NA,0,0,清华社科学院,录取清华社科学院
辽宁,2016,理,任*,M,716,朝阳一高,NA,0,1,清华交叉信息,男(原文'他');含加分5裸分711;语137数147英139综288;录取清华交叉信息
辽宁,2016,文,方*,M,665,沈阳朝鲜族一中,NA,0,0,清华经管经金国际班,录取清华经管经金国际班
辽宁,2016,文,刘*,F,649,鞍山一中,NA,0,0,清华新雅,汉语言文科状元;录取清华新雅
辽宁,2017,理,李*,NA,714,喀左一中,NA,0,0,NA,语141数146英143综284
辽宁,2017,文,白*,F,653,大连二十四中,NA,0,0,北大外院英语,女(原文'她');录取北大外院英语
辽宁,2018,理,孙*,NA,711,喀左一中,NA,0,0,清华计算机,录取清华计算机
辽宁,2018,理,王*,NA,710,盘锦市高级中学,NA,0,0,北大光华,汉语言理科状元;数150综290;录取北大光华
辽宁,2018,文,史*,M,666,盘锦市高级中学,NA,0,0,清华经管,男(原文'他');语129;录取清华经管
辽宁,2019,理,王*,NA,707,盘锦市高级中学,NA,0,0,清华,语130数144英148综285;录取清华
辽宁,2019,文,张*,NA,679,丹东二中,NA,0,0,北大光华,语133数143英143综260;录取北大光华
辽宁,2020,理,刘*,M,722,朝阳一高,NA,0,1,NA,"男(原文'他');含加分5裸分717;复读生(原朝阳二高,2019=683);语139数150外142综286"
辽宁,2020,理,孙*,NA,712,本溪高中,NA,0,0,清华数理,汉语言理科状元;录取清华数理
辽宁,2020,文,高*,F,683,东港二中,NA,0,0,北大元培,女(原文'她');语132数149英144综258;录取北大元培
辽宁,2021,物理类,马*,M,711,盘锦市高级中学,NA,0,0,清华计算机,男(原文'他');3+1+2;并列;语138数148英136物93化98生98;录取清华计算机
辽宁,2021,物理类,王*,M,711,盘锦市高级中学,NA,0,0,清华交叉信息,男(原文'他');3+1+2;并列;语128数148英141物100化98生96;录取清华交叉信息
辽宁,2021,历史类,曹*,F,691,丹东二中,NA,0,0,清华经管经金,女(原文'她');3+1+2;选科史政地;录取清华经管经金
辽宁,2022,物理类,乌*,F,706,凌源市实验中学,NA,0,1,清华计算机,女(原文'她');3+1+2;含加分5裸分701;总分状元;录取清华计算机
辽宁,2022,物理类,王*,M,703,锦州中学,NA,0,0,清华交叉信息,男(原文'他');3+1+2;裸分状元;录取清华交叉信息
辽宁,2022,历史类,李*,F,682,沈阳朝鲜族一中,NA,0,1,北大元培(心理学),女(原文'她');3+1+2;含加分5裸分677;语132数126外135史88政97地99;录取北大元培(心理学)
辽宁,2022,历史类,韩*,F,676,鞍山一中,NA,0,0,北大元培,3+1+2;汉语言历史类状元;语128数131外138史87政94地98;录取北大元培
辽宁,2023,物理类,王*,M,719,朝阳二高,NA,0,0,清华电子信息,男(原文'他');3+1+2;语145数148英136物95化97生98;录取清华电子信息
辽宁,2023,物理类,杨*,M,715,大连二十四中,NA,0,0,清华电子(人工智能),男(原文'他');3+1+2;汉语言物理类;并列;语133数146外143物100化97生96;录取清华电子(人工智能)
辽宁,2023,物理类,张*,NA,715,大连二十四中,NA,0,0,北大物理,3+1+2;汉语言物理类;并列;录取北大物理
辽宁,2023,历史类,温*,F,683,盘锦市高级中学,NA,0,0,北大元培,女(原文'她');3+1+2;语131数144英137史85政92地94;录取北大元培
辽宁,2023,历史类,杨*,M,683,营口开发区一高,NA,0,0,NA,男(原文'他');3+1+2;语130数147英137史88政92地89;录取北大元培PPE
辽宁,2024,物理类,李*,NA,718,大连育明高中,NA,0,0,北大光华,3+1+2;并列;语133数150英143物96化100生96;录取北大光华
辽宁,2024,物理类,赵*,F,718,辽宁省实验中学,NA,0,0,NA,3+1+2;并列;语130数148英144物100化98生98
辽宁,2024,历史类,高*,F,688,营口高中,NA,0,0,NA,女(原文'她');3+1+2;语134数131英145史83政100地95;录取北大元培PPE
辽宁,2025,物理类,林*,M,715,大连育明高中,NA,0,0,清华计算机,3+1+2;并列;语137数149外144物95化98生92;录取清华计算机
辽宁,2025,物理类,范*,NA,715,大连二十四中,NA,0,0,NA,3+1+2;并列;语125数150外145物99化100生96
辽宁,2025,物理类,林*,NA,715,东北育才学校,NA,0,0,NA,3+1+2;并列;语134数142外143物98化99生99
辽宁,2025,历史类,单*,M,702,本溪高中,NA,0,0,北大元培,"男(原文'他');3+1+2;比全省第2名高20分,语文全省第1;语141数143英140史84生98政96;录取北大元培"
辽宁,2026,物理类,王*,F,717,大连二十四中,NA,0,0,NA,3+1+2;并列
辽宁,2026,物理类,周*,NA,717,大连二十四中,NA,0,0,NA,3+1+2;并列
辽宁,2026,历史类,李同学,NA,694,本溪高中,NA,0,0,NA,3+1+2;匿名化
上海,1956,理,陈*,F,NA,上海市三女中,NA,0,0,清华电机,女;数理化三科全满分;录取清华电机;后为数学家
上海,1977,理,袁*,NA,NA,上海五十四中,NA,0,0,复旦,录取复旦
上海,1979,理,应*,M,454,华东师大二附中,NA,0,0,北大物理,据称全国理科最高分;录取北大物理
上海,1980,理,薛*,NA,NA,华东师大二附中,NA,0,0,复旦,录取复旦
上海,1981,文,何*,NA,NA,控江中学,NA,0,0,复旦,录取复旦
上海,1982,理,王*,F,NA,NA,NA,0,0,复旦,录取复旦
上海,1983,理,车*,M,NA,上海建设中学,NA,0,0,复旦物理,录取复旦物理
上海,1983,文,车*,F,NA,北虹中学,NA,0,0,NA,
上海,1984,理,谈*,NA,NA,华东师大二附中,NA,0,0,NA,
上海,1984,文,李*,NA,NA,华东师大二附中,NA,0,0,NA,
上海,1984,外,陈*,NA,NA,华东师大二附中,NA,0,0,NA,文科外语类状元
上海,1986,理,吴*,NA,NA,上海二中,NA,0,0,复旦,并列;录取复旦
上海,1986,理,王*,NA,NA,华东师大二附中,NA,0,0,NA,并列
上海,1987,理,张*,NA,NA,曹杨中学,NA,0,0,同济,录取同济
上海,1989,理,孙*,NA,547,奉贤中学,NA,0,0,NA,
上海,1990,理,乐*,M,NA,上海理工附中,NA,0,0,上海交大,录取上海交大
上海,1993,文,顾*,F,535,松江二中,NA,0,0,复旦,女(原文'她');语128数147英133政127;录取复旦
上海,1994,理,杨*,M,550,高桥中学,NA,0,0,NA,
上海,1994,文,赵*,NA,NA,上南中学,NA,0,0,复旦,录取复旦
上海,1995,理,陈*,NA,NA,上海二中,NA,0,0,NA,
上海,1995,文,陶*,NA,NA,松江二中,NA,0,0,复旦,录取复旦
上海,1996,理,盛*,F,542,行知中学,NA,0,0,复旦,录取复旦
上海,1996,文,卓*,NA,532,复旦附中,NA,0,0,复旦,录取复旦
上海,1997,理,尹*,NA,NA,上海中学,NA,0,0,清华计算机,录取清华计算机
上海,1998,理,冯*,NA,NA,哈尔滨三中,NA,0,0,NA,学校存疑(哈尔滨三中属黑龙江)
上海,1999,理,赵*,F,557,罗店中学,NA,0,0,清华计算机,女(原文'她');录取清华计算机
上海,1999,文,刘*,NA,NA,上海延安中学,NA,0,0,北大经院国贸,录取北大经院国贸
上海,2000,理,朱*,M,562,市西中学,NA,0,0,清华电子,男(原文'他');语130数146英137物149;录取清华电子
上海,2000,文,罗*,NA,NA,华东师大一附中,NA,0,0,北大,录取北大
上海,2001,理,邬*,NA,NA,华东师大二附中,NA,0,0,清华金融,录取清华金融
上海,2001,文,王*,M,529,市西中学,NA,0,0,北大光华,男(原文'他');语120数143英133政133;录取北大光华
上海,2002,理,姜*,NA,NA,重庆一中,NA,0,0,清华,学校存疑(重庆一中属重庆);录取清华
上海,2002,理,苏*,M,575,控江中学,NA,0,0,北大,男(原文'他');语127数139英137化144综合28;录取北大
上海,2002,文,朱*,NA,565,曹杨二中,NA,0,0,北大,录取北大
上海,2003,理,孙*,F,600,上海大同中学,NA,0,1,复旦应用数学,含加分20裸分580;录取复旦应用数学
上海,2003,文,许*,M,567,市西中学,NA,0,0,NA,
上海,2004,理,王*,F,600,控江中学,NA,0,1,北大光华,女(原文'她');含加分10裸分590;语132数145外143化144综合26;录取北大光华
上海,2004,文,李*,NA,584,宜川中学,NA,0,0,NA,
上海,2005,理,罗*,F,583,杨浦高中,NA,0,0,NA,
上海,2005,文,杨*,F,582,彭浦中学,NA,0,1,北大,女(原文'她');含加分20裸分562;总分状元;选科政治;录取北大
上海,2005,文,凌*,NA,566,松江二中,NA,0,0,NA,裸分状元
上海,2006,理,武*,NA,585,格致中学,NA,0,0,NA,
上海,2006,文,常*,NA,575,曹杨二中,NA,0,0,NA,
上海,2007,理,胡*,M,589,上海中学,NA,0,0,NA,
上海,2007,文,魏*,NA,561,控江中学,NA,0,0,NA,
上海,2008,理,章*,NA,582,上海中学,NA,0,0,NA,语125数138英144化148综合27
上海,2008,文,袁*,F,576,上海中学,NA,0,1,港大,女(原文'她');含加分20裸分556;总分状元;语118数132英145政135综合26;录取港大
上海,2008,文,赵*,NA,565,上海中学,NA,0,0,NA,裸分状元
上海,2009,理,陈*,NA,575,上海中学,NA,0,1,剑桥大学,含加分10裸分565;选科物理;SAT满分+AST全国第一;录取剑桥大学
上海,2009,文,郑*,F,582,上海中学,NA,0,0,NA,语133数144英145史133综合27
上海,2010,理,王*,NA,592,进才中学,NA,0,1,NA,含加分20裸分572;语120数143英138物147综合24
上海,2010,文,刘*,NA,566,上海中学,NA,0,0,NA,语118数146英137政137综合28
上海,2011,理,余*,M,584,上海中学,NA,0,0,港大,男(原文'他');并列;语127数138英145物147综合27;录取港大
上海,2011,理,贺*,NA,584,上海中学,NA,0,0,清华,并列;录取清华
上海,2011,文,妙*,NA,582,上海中学,NA,0,0,NA,语128数150英140史137综合27
上海,2012,理,沙*,F,576,上海中学,NA,0,1,清华,女(原文'她');含加分20裸分556;总分状元;录取清华
上海,2012,理,袁*,M,557,上海中学,NA,0,0,NA,裸分状元;语128数147英142物140
上海,2012,文,汪*,NA,542,上海中学,NA,0,0,NA,语120数142英144政136
上海,2013,理,李*,M,539,上海中学,NA,0,0,NA,并列;语114数144英144物137
上海,2013,理,严*,M,539,上海中学,NA,0,0,港大,男(原文'他');并列;语111数142英137物149;录取港大
上海,2013,文,高*,NA,537,上海中学,NA,0,0,NA,语126数134英144政133
上海,2014,理,吴*,M,558,上海复兴高中,NA,0,0,港大,男(原文'他');语127数147英139物145;录取港大
上海,2014,文,范*,F,561,上外浦东外校,NA,0,1,清华法学(国际班),女(原文'她');含加分;总分状元;录取清华法学(国际班)
上海,2014,文,丁*,F,556,上海中学,NA,0,0,港大,女(原文'她');裸分状元;语128数148外139政141;录取港大
上海,2015,理,许*,M,557,上海中学,NA,0,0,北大数学,男(原文'他');语123数149外138化147;录取北大数学
上海,2015,文,刘*,NA,526,复旦附中,NA,0,0,NA,语112数147英140政127
上海,2016,理,李*,F,557,复旦附中,NA,0,0,北大,女(原文'她');2013上海中考状元;语132数142英141化142;录取北大
上海,2016,文,李*,F,550,上海中学,NA,0,0,清华法学,女(原文'她');语134数145英139史132;录取清华法学
上海,2017,不分,叶*,F,627,上海中学,NA,0,0,北大元培,女(原文'她');3+3首届;语133数144外140物70化70地70(赋分);录取北大元培
上海,2018,不分,周*,M,626,复旦附中,NA,0,0,清华电子信息,男(原文'他');3+3;语131数143英142物70化70生70;录取清华电子信息
上海,2019,不分,孙*,F,636,上海中学,NA,0,0,北大光华,女(原文'她');3+3;语135数150英144物70化67生70;录取北大光华
上海,2020,不分,陈*,NA,624,七宝中学,NA,0,0,NA,3+3;并列;语130
上海,2020,不分,姚*,M,624,七宝中学,NA,0,0,北大光华,男(原文'他');3+3;并列;语133数145英139物70生70地67;录取北大光华
上海,2020,不分,孙*,NA,624,上海中学,NA,0,0,NA,3+3;并列
上海,2021,不分,蒋*,M,633,上海中学,NA,0,0,北大光华,男(原文'他');3+3;语132数150外141物70化70地70;录取北大光华
上海,2022,不分,崔*,F,631,上海交大附中,NA,0,0,北大光华,女(原文'她');3+3;语130数149英142物70化70生70;录取北大光华
上海,2023,不分,廖*,M,633,华东师大二附中,NA,0,0,清华电子,男(原文'他');3+3;录取清华电子
上海,2024,不分,沈*,F,634,华东师大二附中,NA,0,0,清华电子信息,女(原文'她');3+3;语133数148外143;录取清华电子信息
上海,2025,不分,夏*,M,632,华东师大二附中,NA,0,0,清华电子,男(原文'他');3+3;并列;语136;录取清华电子
上海,2025,不分,赵*,F,632,上海中学,NA,0,0,NA,3+3;并列
上海,2026,不分,王*,NA,631,复旦附中,NA,0,0,NA,3+3;语131数150英140物70化70生70
浙江,1995,理,忻*,NA,678,鄞县中学,NA,0,0,NA,语124数136英126物145化147
浙江,1995,文,张*,NA,620,海宁高级中学,NA,0,0,NA,语117数148英122政124史109
浙江,1996,理,骆*,F,687,义乌中学,NA,0,0,NA,
浙江,1996,文,李*,NA,NA,武义一中,NA,0,0,NA,
浙江,1997,理,徐*,NA,669,兰溪一中,NA,0,0,NA,
浙江,1997,文,裘*,F,NA,桐乡高级中学,NA,0,0,外交学院,录取外交学院
浙江,1998,理,茹*,NA,695,慈溪中学,NA,0,0,清华计算机,录取清华计算机
浙江,1998,文,周*,M,617,桐乡高级中学,NA,0,0,北大法学,男(原文'他');录取北大法学
浙江,1999,理,吴*,M,694,景宁中学,NA,0,0,NA,语130物150化148
浙江,1999,文,包*,NA,NA,东阳中学,NA,0,0,协和医大(清华八年制),并列;录取协和医大(清华八年制)
浙江,1999,文,陈*,NA,NA,义乌中学,NA,0,0,北大外院,并列;录取北大外院
浙江,2000,理,陆*,F,655,嘉善高中,NA,0,0,北大生科,女(原文'她');并列;语134数135英135综251;录取北大生科
浙江,2000,理,周*,M,655,桐乡高级中学,NA,0,0,北大生科,男(原文'他');并列;语130数139英130综256;录取北大生科
浙江,2000,文,郑*,F,632,诸暨中学,NA,0,0,清华法学,女(原文'她');语132数137英139综224;录取清华法学
浙江,2001,理,林*,F,696,温州十五中,NA,0,0,清华电子,并列;录取清华电子
浙江,2001,理,王*,NA,696,嵊州二中,NA,0,0,清华生物,并列;录取清华生物
浙江,2001,文,徐*,NA,656,嵊州一中,NA,0,0,北大经院,录取北大经院
浙江,2002,理,孙*,F,708,余姚中学,NA,0,0,清华建筑,女(原文'她');并列;语127数140英141综300;录取清华建筑
浙江,2002,理,刘*,M,708,宁波镇海中学,NA,0,0,北大光华,男(原文'他');并列;语130数144英137综297;录取北大光华
浙江,2002,文,朱*,F,684,象山中学,NA,0,0,北大光华,女(原文'她');语137数134英133综280;录取北大光华
浙江,2003,理,张*,F,698,杭州外国语学校,NA,0,0,NA,语125数142英143综288
浙江,2003,文,陈*,F,661,浦江中学,NA,0,0,北大,女(原文'她');语133数131英142综255;录取北大
浙江,2004,理,吴*,M,731,绍兴鲁迅中学,NA,0,1,北大元培,男(原文'他');含加分20裸分711;语126数149英137综299;录取北大元培
浙江,2004,文,周*,F,682,海宁宏达高中,NA,0,0,北大元培,女(原文'她');语130数150英143综259;录取北大元培
浙江,2005,理,章*,F,709,瑞安中学,NA,0,0,清华,女(原文'她');语127数144外144综294;录取清华
浙江,2005,文,徐*,F,666,衢州二中,NA,0,0,北大元培,女(原文'她');语120数149英141综256;录取北大元培
浙江,2006,理,卢*,M,705,杭州二中,NA,0,0,北大,男(原文'他');语128数150英140综287;录取北大
浙江,2006,文,陈*,M,678,舟山中学,NA,0,0,北大,男(原文'他');语123数145英141综269;录取北大
浙江,2007,理,赵*,F,708,新昌中学,NA,0,1,NA,含加分;总分状元
浙江,2007,理,张*,NA,699,湖州中学,NA,0,0,NA,裸分状元;语134数145英143综277
浙江,2007,理,李*,F,699,杭州学军中学,NA,0,0,港大金融,女(原文'她');裸分状元并列;语126数144英145综284;录取港大金融
浙江,2007,文,求*,F,644,新昌中学,NA,0,0,北大元培(历史),女(原文'她');语129数144英133综238;录取北大元培(历史)
浙江,2008,理,陈*,M,703,宁波镇海中学,NA,0,0,北大光华金融,男(原文'他');语124数142外143综294;录取北大光华金融
浙江,2008,文,申*,F,654,杭州高级中学,NA,0,0,北大光华会计,女(原文'她');建德中考状元;语131数135英145综243;录取北大光华会计
浙江,2009,理,唐*,M,768,杭州外国语学校,NA,0,1,清华电子,男(原文'他');810分制;含加分20裸分748;总分状元;录取清华电子
浙江,2009,理,王*,NA,752,台州一中,NA,0,0,NA,810分制;裸分状元
浙江,2009,文,沈*,M,709,绍兴鲁迅中学,NA,0,1,北大光华,男(原文'他');810分制;含加分20裸分689;总分状元;语116数143英139综240自选51;录取北大光华
浙江,2009,文,蔡*,NA,703,绍兴鲁迅中学,NA,0,0,NA,810分制;裸分状元
浙江,2009,文,陈*,F,703,新昌中学,NA,0,0,清华法学,女(原文'她');810分制;裸分状元并列;数147;录取清华法学
浙江,2010,理,李*,NA,740,宁波镇海中学,NA,0,1,清华建筑,810分制;含加分20裸分720;语118数145英135综262自选60;录取清华建筑
浙江,2010,文,钟*,F,725,海盐元济高中,NA,0,0,北大光华,女(原文'她');810分制;语129数148英139综253自选56;录取北大光华
浙江,2011,理,施*,NA,738,温州中学,NA,0,0,北大光华,810分制;语121数144外130综289自选54;录取北大光华
浙江,2011,文,王*,NA,687,杭州二中,NA,0,0,NA,810分制;并列;语111数144英138综242自选52
浙江,2011,文,朱*,F,687,舟山中学,NA,0,0,北大,810分制;并列;语121数144英135综235自选52;录取北大
浙江,2012,理,翁*,M,757,宁波镇海中学,NA,0,0,NA,810分制;语124数145英142综288自选58
浙江,2012,文,杨*,F,733,长兴中学,NA,0,1,北大光华,女(原文'她');810分制;含加分10裸分723;总分状元;语121数145英142综260自选55;录取北大光华
浙江,2012,文,姜*,NA,728,杭州高级中学,NA,0,0,北大光华,810分制;裸分状元;录取北大光华
浙江,2013,理,周*,M,770,宁波镇海中学,NA,0,0,NA,810分制;嘉兴中考状元;语128数150英142综290自选60
浙江,2013,文,施*,NA,731,海宁宏达高中,NA,0,0,NA,810分制
浙江,2014,理,沈*,M,759,宁波镇海中学,NA,0,1,NA,810分制;含加分10裸分749;总分状元;语118数146英137综288自选60
浙江,2014,理,邱*,F,758,宁波镇海中学,NA,0,0,NA,810分制;裸分状元;语127数145英142综284自选60
浙江,2014,文,龙*,F,745,宁波镇海中学,NA,0,0,NA,810分制;语118数150英145综273自选59
浙江,2015,理,郑*,M,760,宁波镇海中学,NA,0,0,北大元培(中文),男(原文'他');810分制;语132数144英142综282自选60;录取北大元培(中文)
浙江,2015,文,严*,F,745,宁波镇海中学,NA,0,0,北大法学,女(原文'她');810分制;语131数144英146综266自选58;录取北大法学
浙江,2016,理,贝*,NA,750,宁波镇海中学,NA,0,1,NA,810分制;含加分5裸分745;总分状元;语110数149英139综287自选60
浙江,2016,理,张*,NA,749,长兴中学,NA,0,0,NA,810分制;裸分状元;语111数150英142综286自选60
浙江,2016,文,王*,F,733,宁波镇海中学,NA,0,0,NA,810分制;语128数150英136综259自选60
浙江,2017,不分,王*,NA,723,诸暨中学,NA,0,0,清华新雅,3+3首届;语132数147英144物100化100生100;录取清华新雅
浙江,2018,不分,张*,F,718,瑞安新纪元高中,NA,0,0,清华新雅(经金),女(原文'她');3+3;语131数147外140物100化100生100;录取清华新雅(经金)
浙江,2019,不分,徐*,M,720,宁波镇海中学,NA,0,0,北大数学,男(原文'他');3+3;语131数147外142物100化100生100;录取北大数学
浙江,2020,不分,虞*,M,721,温州中学,NA,0,0,清华计算机金融双学位,男(原文'他');3+3;语137数147外140物100化97生100;录取清华计算机金融双学位
浙江,2021,不分,李*,F,716,桐乡高级中学,NA,0,0,北大光华,女(原文'她');3+3;复读生(首考清华化学因专业不满复读);语133数142外141物100生100地100;录取北大光华
浙江,2022,不分,单*,M,710,温州永嘉中学,NA,0,0,清华经管,男(原文'他');3+3;并列;语133数144外142政97史96地98;录取清华经管
浙江,2022,不分,凌*,M,710,温州育英实验学校,NA,0,0,北大元培,3+3;并列;语126数148外142物99化98生97;录取北大元培
浙江,2023,不分,何*,M,717,杭州二中,NA,0,0,北大元培(通用人工智能),男(原文'他');3+3;语133数146英141物100化99生98;录取北大元培(通用人工智能)
浙江,2024,不分,王*,F,726,宁波镇海中学,NA,0,0,北大元培(通用人工智能),女(原文'她');3+3;温州中考状元;语137数149外143物100化98生99;录取北大元培(通用人工智能)
浙江,2025,不分,谢*,M,722,宁波镇海中学,NA,0,0,清华,男(原文'他');3+3;语135数150外140物99化99生99;录取清华
浙江,2026,不分,周*,NA,723,宁波镇海中学,NA,0,0,NA,3+3;语134数148外144物100化98生99
新疆,1986,理,高*,NA,NA,奎屯一中,NA,0,0,NA,
新疆,1987,理,杜*,M,NA,奎屯一中,NA,0,0,NA,西北五省理科状元
新疆,1988,理,孙*,NA,NA,塔城一中,NA,0,0,北大,录取北大
新疆,1993,理,孔*,M,NA,石河子五中,NA,0,0,NA,
新疆,1995,理,陈*,NA,NA,奎屯一中,NA,0,0,NA,
新疆,1997,文,张*,F,NA,哈密二中,NA,0,0,北大,录取北大
新疆,1998,文,徐*,F,NA,巴州二中,NA,0,0,NA,
新疆,2000,理,卢*,M,663,新疆实验中学,NA,0,0,清华理科基础科学班,男(原文'他');语113数130英130物145化145;录取清华理科基础科学班
新疆,2000,文,杨*,M,584,克拉玛依六中,NA,0,0,北大光华,并列;录取北大光华
新疆,2000,文,孙*,F,584,乌鲁木齐一中,NA,0,0,北大光华,女(原文'她');并列;语119数105英129政117史114;录取北大光华
新疆,2001,理,张*,M,674,新疆实验中学,NA,0,0,清华生科,录取清华生科
新疆,2001,文,潘*,NA,609,克拉玛依十三中,NA,0,0,复旦,录取复旦
新疆,2002,理,郭*,F,687,农三师中学,NA,0,0,清华,女(原文'她');录取清华
新疆,2002,文,魏*,F,637,农二师华山中学,NA,0,0,北大,女(原文'她');普通类;语127数140英133综237;录取北大
新疆,2002,文,帕*·帕*,F,591,乌鲁木齐一中,NA,0,0,北大,女(原文'她');单列类;语126数121英116综225;录取北大
新疆,2003,理,白*,F,679,乌鲁木齐一中,NA,0,0,清华,录取清华
新疆,2003,文,孙*,M,654,哈密二中,NA,0,0,北大经院,男(原文'他');录取北大经院
新疆,2004,理,王*,M,727,奎屯一中,NA,0,1,清华,男(原文'他');含加分10裸分717;语124数150英146综297;录取清华
新疆,2004,文,种*,F,704,农二师华山中学,NA,0,1,北大经济类,女(原文'她');含加分10裸分694;语140数140英140综274;录取北大经济类
新疆,2005,理,王*,M,727,新疆实验中学,NA,0,1,清华,男(原文'他');含加分20裸分707;总分状元;语139数143外136综289;录取清华
新疆,2005,理,陶*,F,711,阿勒泰二中,NA,0,0,北大,裸分状元;录取北大
新疆,2005,文,郑*,F,675,哈密二中,NA,0,1,北大,女(原文'她');含加分10裸分665;语129数136外141综259;录取北大
新疆,2006,理,刘*,F,726,乌鲁木齐一中,NA,0,1,清华化学生物基础,女(原文'她');含加分20裸分706;录取清华化学生物基础
新疆,2006,文,穆*,F,674,哈密二中,NA,0,1,北大政府管理学院,女(原文'她');含加分10裸分664;录取北大政府管理学院
新疆,2007,理,林*,NA,723,乌鲁木齐高级中学,NA,0,1,清华,普通类;含加分10裸分713;语135数147外141综290;录取清华
新疆,2007,理,胥*,M,723,乌鲁木齐一中,NA,0,1,清华,普通类总分状元;含加分20裸分703;语132数148外138综285;录取清华
新疆,2007,理,古*·阿*,NA,716,新疆实验中学,NA,0,0,NA,单列类
新疆,2007,文,周*,F,657,哈密二中,NA,0,0,上财,女(原文'她');普通类;录取上财
新疆,2007,文,祖*·胡*,F,645,哈密二中,NA,0,0,北大,女(原文'她');单列类;录取北大
新疆,2008,理,彭*,NA,713,乌鲁木齐一中,NA,0,0,北大,普通类;录取北大
新疆,2008,理,乌*,NA,714,乌鲁木齐实验中学,NA,0,0,NA,单列类
新疆,2008,文,杨*,NA,654,昌吉市一中,NA,0,0,北大,普通类;语132数137英136综249;录取北大
新疆,2008,文,伊*·艾*,NA,685,乌鲁木齐一中,NA,0,0,NA,单列类
新疆,2009,理,崔*,NA,711,兵团二中,NA,0,1,清华,普通类总分状元;含加分20裸分691;语123数143外139综286;录取清华
新疆,2009,理,程*,NA,694,乌鲁木齐一中,NA,0,0,NA,普通类裸分状元
新疆,2009,理,夏*·艾*,NA,676,NA,NA,0,1,NA,单列类;含加分50裸分626;语125数127外134综240
新疆,2009,文,金*,F,645,乌鲁木齐一中,NA,0,1,清华,女(原文'她');普通类;含加分10裸分635;语126数150外138综221;录取清华
新疆,2009,文,阿*·吾*,M,621,NA,NA,0,1,NA,单列类;含加分50裸分571;语126数112外123综210
新疆,2010,理,张*,NA,701,石河子二中,NA,0,0,北大,普通类;录取北大
新疆,2010,理,富*,M,738,乌鲁木齐一中,NA,0,1,NA,单列类;含加分60裸分678;语126数134外142综276
新疆,2010,文,刘*,M,628,兵团二中,NA,0,0,北大,录取北大
新疆,2011,理,穆*,M,706,乌鲁木齐一中,NA,0,1,清华,普通类总分状元;含加分20裸分686;录取清华
新疆,2011,理,张*,NA,689,农二师华山中学,NA,0,0,清华,普通类裸分状元;录取清华
新疆,2011,理,帕*·艾*,F,711,乌鲁木齐高级中学,NA,0,1,北大医学部双语班,女(原文'她');单列类;含加分10裸分701;数学150;录取北大医学部双语班
新疆,2011,文,牛*,F,650,哈密二中,NA,0,0,清华,录取清华
新疆,2012,理,叶*,M,688,乌鲁木齐一中,NA,0,0,清华,录取清华
新疆,2012,文,靳*,NA,649,乌鲁木齐一零一中学,NA,0,1,北大,普通类总分状元;含加分20裸分629;录取北大
新疆,2012,文,白*,F,645,哈密二中,NA,0,0,北大,女(原文'她');普通类裸分状元;录取北大
新疆,2012,文,艾*·哈*,F,645,哈密二中,NA,0,0,清华,女(原文'她');单列类;录取清华
新疆,2013,理,张*,F,696,乌鲁木齐一中,NA,0,1,清华,普通类;含加分10裸分686;录取清华
新疆,2013,理,何*,M,NA,乌鲁木齐八一中学,NA,0,0,NA,单列类
新疆,2013,文,苏*,F,651,乌鲁木齐八一中学,NA,0,0,清华,录取清华
新疆,2014,理,程*,M,700,乌鲁木齐一中,NA,0,1,清华,男(原文'他');普通类总分状元;含加分10裸分690;语132数140英144综274;录取清华
新疆,2014,理,赵*,NA,693,乌鲁木齐八一中学,NA,0,0,NA,普通类裸分状元
新疆,2014,理,艾*·艾*,NA,731,乌鲁木齐一中,NA,0,1,清华电子信息,单列类;含加分60裸分671;语120;录取清华电子信息
新疆,2014,文,马*,NA,669,哈密二中,NA,0,0,北大,录取北大
新疆,2015,理,周*,M,704,乌鲁木齐一中,NA,0,0,清华,普通类;录取清华
新疆,2015,理,多*,M,710,伊宁三中,NA,0,1,清华,男(原文'他');单列类;含加分50裸分660;录取清华
新疆,2015,文,汪*,NA,657,兵团二中,NA,0,0,北大,录取北大
新疆,2016,理,郭*,NA,715,乌鲁木齐一中,NA,0,1,清华,普通类;含加分5裸分710;英145;录取清华
新疆,2016,理,李*,F,710,乌鲁木齐一中,NA,0,0,NA,普通类裸分状元
新疆,2016,理,苏*·塔*,M,721,乌鲁木齐一中,NA,0,1,北大,男(原文'他');单列类;含加分;录取北大
新疆,2016,文,周*,NA,659,石河子一中,NA,0,0,北大,普通类;录取北大
新疆,2016,文,艾*·艾*,F,680,兵团二中,NA,0,1,北大,女(原文'她');单列类;含加分50裸分630;语127数132英143综228;录取北大
新疆,2017,理,季*,NA,693,乌鲁木齐一中,NA,0,0,清华,普通类;录取清华
新疆,2017,理,热*·阿*,F,719,伊宁三中,NA,0,0,北大元培,女(原文'她');单列类;录取北大元培
新疆,2017,文,赵*,F,665,哈密二中,NA,0,0,清华经管,女(原文'她');普通类;录取清华经管
新疆,2017,文,巴*,NA,669,兵团二中,NA,0,0,NA,单列类
新疆,2018,理,张*,M,698,乌鲁木齐八一中学,NA,0,0,清华,男(原文'他');普通类;语124数149英142综283;录取清华
新疆,2018,理,达*·排*,NA,719,兵团二中,NA,0,0,NA,单列类
新疆,2018,文,樊*,NA,659,兵团二中,NA,0,0,北大,普通类;语130数150英137综242;录取北大
新疆,2018,文,别*·马*,NA,683,乌鲁木齐八一中学,NA,0,0,NA,单列类
新疆,2019,理,张*,F,709,乌鲁木齐一中,NA,0,0,清华新雅,女(原文'她');普通类;录取清华新雅
新疆,2019,理,地*·解*,F,664,兵团二中,NA,0,1,北大,女(原文'她');单列类;含加分15裸分649;语120数125英142综262;录取北大
新疆,2019,文,靳*,NA,668,石河子一中,NA,0,0,北大元培,普通类;语129数150外142综247;录取北大元培
新疆,2019,文,阿*·努*,NA,655,乌鲁木齐八一中学,NA,0,1,北大,单列类;含加分15裸分640;语114数145英134综247;录取北大
新疆,2020,理,胡*,NA,708,乌鲁木齐一中,NA,0,0,清华,普通类;录取清华
新疆,2020,理,叶*·肖*,NA,NA,乌鲁木齐一中,NA,0,0,NA,单列类;并列
新疆,2020,理,藏*·赛*,NA,NA,乌鲁木齐一中,NA,0,0,NA,单列类;并列
新疆,2020,理,叶*·金*,NA,NA,乌鲁木齐八一中学,NA,0,0,NA,单列类;并列
新疆,2020,文,程*,NA,662,乌鲁木齐一中,NA,0,0,北大元培,普通类;录取北大元培
新疆,2020,文,阿*·阿*,NA,NA,乌鲁木齐八一中学,NA,0,0,NA,单列类
新疆,2021,理,李*,NA,712,乌鲁木齐一中,NA,0,0,清华新雅,普通类;录取清华新雅
新疆,2021,理,朱*,NA,NA,乌鲁木齐一中,NA,0,0,NA,单列类
新疆,2021,文,沈*,M,653,乌鲁木齐一中,NA,0,0,北大元培(光华),男(原文'他');普通类;语127数150外143综233;录取北大元培(光华)
新疆,2021,文,师*,NA,658,乌鲁木齐一中,NA,0,1,NA,单列类;含加分15裸分643
新疆,2022,理,王*,M,685,兵团二中,NA,0,0,清华数理,普通类;录取清华数理
新疆,2022,理,吐*·吐*,NA,657,兵团二中,NA,0,0,清华计算机,单列类;录取清华计算机
新疆,2022,文,代*,NA,619,乌鲁木齐一中,NA,0,0,北大元培,录取北大元培
新疆,2023,理,黄*,NA,696,巴州二中,NA,0,0,北大,普通类;语137数140外141综278;录取北大
新疆,2023,理,窦*,NA,679,兵团二中,NA,0,0,NA,单列类
新疆,2023,文,刘*,M,648,农二师华山中学,NA,0,0,北大,男(原文'他');普通类;录取北大
新疆,2023,文,安*,M,636,乌鲁木齐八一中学,NA,0,1,北大元培,男(原文'他');单列类;含加分15裸分621;录取北大元培
新疆,2024,理,俞*,M,701,乌鲁木齐一中,NA,0,0,清华,男(原文'他');普通类;语131数148英144综278;录取清华
新疆,2024,理,哈*,F,678,乌鲁木齐一中,NA,0,0,NA,单列类
新疆,2024,文,蒋*,NA,641,乌鲁木齐一中,NA,0,0,北大,普通类;录取北大
新疆,2024,文,某同学,F,624,哈密二中,NA,0,0,北大法学,女(原文'她');单列类;匿名化;录取北大法学
新疆,2025,理,胡*,NA,698,兵团二中,NA,0,0,NA,普通类
新疆,2025,理,某同学,NA,672,乌鲁木齐一中,NA,0,0,NA,单列类;匿名化
新疆,2025,文,某同学,NA,648,乌鲁木齐一中,NA,0,1,NA,普通类总分状元;含加分5裸分643;匿名化
新疆,2025,文,王*,M,644,兵团二中,NA,0,0,NA,普通类裸分状元
新疆,2025,文,某同学,NA,648,乌鲁木齐一中,NA,0,0,NA,单列类;匿名化
新疆,2026,理,蒋*冉,NA,724,乌鲁木齐一中,NA,0,0,NA,部分匿名化
新疆,2026,文,刘同学,NA,658,兵团二中,NA,0,0,NA,匿名化
青海,1985,理,李*,M,NA,江苏省栟茶中学,NA,0,0,NA,外省籍贯
青海,1996,理,陈*,NA,NA,青海油田一中,NA,0,0,清华建筑,录取清华建筑
青海,1999,理,高*,F,NA,西宁五中,NA,0,0,北大物理,录取北大物理
青海,2000,理,李*,NA,627,青海油田一中,NA,0,0,清华电子信息,语114数121英117物136化139;录取清华电子信息
青海,2000,文,王*,M,591,湟川中学,NA,0,0,北大法学,男(原文'他');语114数114英110政140史113;录取北大法学
青海,2001,理,高*,NA,667,湟川中学,NA,0,0,NA,
青海,2001,文,蔡*,NA,605,湟川中学,NA,0,0,北大经院,录取北大经院
青海,2002,理,李*,F,677,河北省霸州一中,NA,0,0,清华,女(原文'她');外省籍贯;语123数141英133综280;录取清华
青海,2002,文,邵*,F,624,山东省青岛二中,NA,0,0,北大新闻,女(原文'她');外省籍贯;语122数130英122综250;录取北大新闻
青海,2003,理,孟*,F,628,湟川中学,NA,0,0,北大,录取北大
青海,2003,文,杨*,NA,600,湟川中学,NA,0,0,北大,录取北大
青海,2004,理,蒋*,F,671,大通县,NA,0,0,清华,录取清华
青海,2004,文,王*,NA,NA,互助一中,NA,0,0,北大,录取北大
青海,2005,理,马*,M,686,湟川中学,NA,0,0,北大生科,录取北大生科
青海,2005,文,徐*,NA,NA,湟川中学,NA,0,0,北大经院,录取北大经院
青海,2006,理,高*,NA,689,湖北省沙市中学,NA,0,0,北大,外省籍贯;语129数136英137综287;录取北大
青海,2007,理,周*,NA,696,西宁二中,NA,0,0,清华,语129数137外141综289;录取清华
青海,2007,文,王*,NA,652,西宁二中,NA,0,0,北大,语137数136外132综247;录取北大
青海,2008,理,刘*,F,679,青海油田一中,NA,0,0,清华经管,女(原文'她');数学全省单科第1;录取清华经管
青海,2008,文,王*,NA,655,尖扎县中学,NA,0,1,资格,含加分35裸分620;因高考移民被取消录取资格
青海,2009,理,马*,M,682,辽宁省北镇高中,NA,0,1,清华,男(原文'他');外省籍贯;含加分20裸分662;语119数138英117综288;录取清华
青海,2009,理,郑*,M,662,湟川中学,NA,0,0,北大,裸分状元;录取北大
青海,2009,文,赵*,F,593,湟川中学,NA,0,0,北大,录取北大
青海,2010,理,惠*,F,668,湟川中学,NA,0,0,清华,女(原文'她');语125数139英132综272;录取清华
青海,2010,文,王*,F,586,湟川中学,NA,0,0,北大,录取北大
青海,2011,理,闫*,M,646,湟川中学,NA,0,0,清华,在江苏省苏州中学借读;录取清华
青海,2011,文,李*,F,610,湟川中学,NA,0,0,北大中文,在江苏省苏州中学借读;录取北大中文
青海,2012,理,郭*,M,671,大通六中,NA,0,0,北大光华,男(原文'他');语126数129英138综278;录取北大光华
青海,2012,文,何*,NA,626,辽宁省北镇高中,NA,0,1,北大工商管理,外省籍贯;含加分20裸分606;语127数133英127综219;录取北大工商管理
青海,2013,理,马*,NA,685,辽宁省北镇高中,NA,0,0,清华自动化,外省籍贯;录取清华自动化
青海,2013,文,张*,F,628,四川省双流中学,NA,0,0,北大工商管理,外省籍贯;录取北大工商管理
青海,2014,理,任*,M,685,湟川中学,NA,0,0,清华医学实验班,录取清华医学实验班
青海,2014,文,王*,NA,645,江苏省某中学,NA,0,1,清华,外省籍贯;含加分;总分状元;录取清华
青海,2014,文,巩*,NA,643,辽宁省北镇高中,NA,0,0,北大,外省籍贯;裸分状元;录取北大
青海,2015,理,张*,M,709,河北省三河一中,NA,0,0,北大,外省籍贯;录取北大
青海,2015,文,马*,M,650,辽宁省北镇高中,NA,0,1,北大,外省籍贯;含加分20裸分630;总分状元;录取北大
青海,2015,文,刘*,NA,638,湟川中学,NA,0,0,北大,裸分状元;录取北大
青海,2016,理,武*,M,719,湟川中学,NA,0,1,清华,男(原文'他');含加分20裸分699;语120数149英137综293;录取清华
青海,2016,文,黄*,F,638,青海师大附中,NA,0,0,清华新雅,女(原文'她');高三才转文科;录取清华新雅
青海,2017,理,康*,M,668,青海油田一中,NA,0,0,清华,男(原文'他');语121数141英146综260;录取清华
青海,2017,文,王*,NA,629,辽宁省北镇高中,NA,0,0,北大中文,外省籍贯;语131数137英132综229;录取北大中文
青海,2018,理,某同学,NA,682,青海油田一中,NA,0,0,北大,匿名化;录取北大
青海,2018,文,赵*,M,636,北京市中央民大附中,NA,0,0,北大,男(原文'他');外省籍贯;语105数137英140综234;录取北大
青海,2019,理,季*,NA,690,大通朔山中学,NA,0,0,清华计算机,大通县中考状元;录取清华计算机
青海,2019,文,王*,F,653,陕西省某中学,NA,0,0,清华经管,外省籍贯;语122数135英149综247;录取清华经管
青海,2020,理,段*,M,681,湟川中学,NA,0,0,清华计算机,男(原文'他');录取清华计算机
青海,2020,文,喻*,F,656,湟川中学,NA,0,0,清华新雅(英语),女(原文'她');录取清华新雅(英语)
青海,2021,理,李*,M,665,湟川中学,NA,0,0,清华计算机,男(原文'他');录取清华计算机
青海,2021,文,王*,NA,650,福建省厦门双十中学,NA,0,0,北大法学,外省籍贯;录取北大法学
青海,2022,理,彭*,M,663,湟川中学,NA,0,1,清华新雅,男(原文'他');含加分;总分状元;录取清华新雅
青海,2022,理,李*,F,647,青海油田一中,NA,0,0,清华临床医学(八年制),女(原文'她');裸分状元;录取清华临床医学(八年制)
青海,2022,文,冶*,F,624,湟川中学,NA,0,1,北大光华,女(原文'她');含加分;总分状元;录取北大光华
青海,2022,文,赵*,F,615,湟川中学,NA,0,0,清华新雅,女(原文'她');裸分状元;录取清华新雅
青海,2023,理,刘*,M,666,湟川中学,NA,0,0,清华计算机,男(原文'他');录取清华计算机
青海,2023,文,韩*,M,632,大通二中,NA,0,1,北大光华,男(原文'他');含加分;总分状元;录取北大光华
青海,2023,文,朱*,M,621,大通二中,NA,0,0,清华新雅,男(原文'他');裸分状元;录取清华新雅
青海,2024,理,石*,NA,689,青海油田一中,NA,0,0,清华新雅,一模705(第二名仅604);语123数149英141综276;录取清华新雅
青海,2024,文,成*,M,681,湟川中学,NA,0,0,清华新雅,男(原文'他');比全省第2名高43分;语133数148外141综259;录取清华新雅
青海,2025,物理类,孙*,NA,691,西宁第一私立高级中学,NA,0,0,NA,3+1+2首届
青海,2025,历史类,杜同学,F,670,湟川中学,NA,0,0,北大光华,女(原文'她');匿名化;录取北大光华
青海,2026,物理类,李同学,NA,690,湟川中学,NA,0,0,NA,匿名化
青海,2026,历史类,某同学,NA,656,湟川中学,NA,0,0,NA,匿名化
山东,1978,理,张*,NA,NA,青州一中,NA,0,0,NA,
山东,1980,文,戚*,NA,NA,NA,NA,0,0,北大法学,录取北大法学
山东,1981,文,李*,M,NA,青州二中,NA,0,0,NA,男(原文'他');复读生且理科转文科
山东,1983,理,毛*,NA,NA,莱州一中,NA,0,0,NA,物理全省单科第一
山东,1984,文,陈*,NA,NA,莱阳一中,NA,0,0,南开,录取南开
山东,1985,理,邢*,NA,619,邹平一中,NA,0,0,NA,
山东,1986,理,杨*,NA,685,莱芜一中,NA,0,0,清华,录取清华
山东,1987,理,王*,NA,NA,五莲一中,NA,0,0,中科大,录取中科大
山东,1988,理,郑*,M,NA,宁阳一中,NA,0,0,清华建筑,男(原文'他');录取清华建筑
山东,1988,文,彭*,M,575,北镇中学,NA,0,0,NA,
山东,1989,理,孙*,NA,NA,宁阳一中,NA,0,0,北大生物,录取北大生物
山东,1989,文,申*,M,NA,日照一中,NA,0,0,NA,
山东,1991,理,荆*,NA,658,北镇中学,NA,0,0,NA,
山东,1991,文,丁*,F,553,即墨一中,NA,0,0,NA,
山东,1992,文,郝*,NA,NA,枣庄三中,NA,0,0,北大英语,录取北大英语
山东,1995,理,褚*,F,NA,莱阳一中,NA,0,0,北大,录取北大
山东,1995,文,张*,NA,NA,东平高级中学,NA,0,0,北大经院,录取北大经院
山东,1996,理,李*,M,900,五莲一中,NA,0,0,NA,标准分900制;并列
山东,1996,理,刘*,M,900,沂水二中,NA,0,0,NA,标准分900制;并列
山东,1996,理,王*,M,900,平度九中,NA,0,0,NA,标准分900制;并列
山东,1996,理,李*,M,900,昌邑文山中学,NA,0,0,NA,标准分900制;并列
山东,1996,文,刘*,F,900,荣成二中,NA,0,0,NA,标准分900制;并列
山东,1996,文,刘*,M,900,五莲一中,NA,0,0,NA,标准分900制;并列
山东,1997,理,盖*,M,900,莱阳一中,NA,0,0,清华,标准分900制;录取清华;并列
山东,1997,理,吴*,NA,900,武城二中,NA,0,0,NA,标准分900制;并列
山东,1997,文,李*,F,900,莱芜一中,NA,0,0,NA,标准分900制
山东,1998,理,徐*,M,900,莱阳一中,NA,0,0,北大,标准分900制;录取北大;并列
山东,1998,理,孙*,NA,900,莱阳一中,NA,0,0,北大,标准分900制;录取北大;并列
山东,1998,理,张*,NA,900,平度一中,NA,0,0,NA,标准分900制;并列
山东,1998,理,刘*,NA,900,胶南二中,NA,0,0,清华电子,标准分900制;录取清华电子;并列
山东,1998,理,曾*,NA,900,胶南二中,NA,0,0,清华生物,标准分900制;录取清华生物;并列
山东,1998,理,赵*,NA,900,淄博一中,NA,0,0,北大,标准分900制;录取北大;并列
山东,1998,理,王*,M,900,沂源一中,NA,0,0,NA,标准分900制;并列
山东,1998,文,李*,NA,900,高密一中,NA,0,0,NA,标准分900制;并列
山东,1998,文,韩*,F,900,淄博实验中学,NA,0,0,NA,标准分900制;并列
山东,1998,文,林*,M,900,平度九中,NA,0,0,NA,标准分900制;并列
山东,2000,理,马*,M,900,龙口一中,NA,0,0,北大生科,标准分900制;录取北大生科;并列
山东,2000,理,石*,NA,900,东平高级中学,NA,0,0,NA,标准分900制;并列
山东,2000,理,庄*,M,900,日照一中,NA,0,0,北大生科,标准分900制;录取北大生科;并列
山东,2000,理,宋*,NA,900,NA,NA,0,0,清华计算机,标准分900制;语898数821外846物715化718;录取清华计算机;并列
山东,2000,理,闫*,NA,900,菏泽一中,NA,0,0,清华电子,标准分900制;录取清华电子;并列
山东,2000,文,张*,NA,900,即墨四中,NA,0,0,北大法学,标准分900制;录取北大法学
山东,2000,文,杨*,F,900,枣庄一中,NA,0,0,NA,标准分900制
山东,2001,理,王*,M,720,德州二中,NA,0,1,清华,男(原文'他');含加分20裸分700;录取清华
山东,2001,文,慈*,F,674,文登二中,NA,0,0,北大金融,女(原文'她');录取北大金融
山东,2002,理,于*,F,707,肥城泰西中学,NA,0,0,北大生科,女(原文'她');语133数135英140综299;录取北大生科
山东,2002,文,张*,NA,674,曲阜师大附中,NA,0,1,NA,含加分10裸分664;总分状元
山东,2002,文,李*,M,673,五莲一中,NA,0,0,北大经院,男(原文'他');裸分状元;综268;录取北大经院
山东,2003,理,祝*,M,685,济宁育才中学,NA,0,1,清华电子,男(原文'他');含加分10裸分675;语115数144英141综275;录取清华电子
山东,2003,文,张*,F,662,高密一中,NA,0,1,NA,女(原文'她');含加分10裸分652;总分状元;语129数121外137综265
山东,2003,文,郭*,NA,653,临沂双月园学校,NA,0,0,NA,裸分状元;复读生(2002=613)
山东,2004,理,王*,M,749,烟台二中,NA,0,1,NA,含加分20裸分729;语138数149英142综300(满分);
山东,2004,文,宿*,F,687,莱州一中,NA,0,0,北大元培,女(原文'她');语132数147外142综266;录取北大元培
山东,2005,理,张*,M,717,枣庄八中,NA,0,1,清华数理基础,男(原文'他');含加分20裸分697;总分状元;语125数133英146综293;录取清华数理基础
山东,2005,理,张*,NA,711,烟台二中,NA,0,0,NA,裸分状元;并列
山东,2005,理,孙*,NA,711,莱州一中,NA,0,0,NA,裸分状元;并列;语130数144英146综291
山东,2005,文,林*,NA,658,莱州一中,NA,0,0,NA,语135数144英142综237
山东,2006,理,李*,M,708,淄博七中,NA,0,1,北大元培,男(原文'他');含加分20裸分688;总分状元;语107数150英136综295;录取北大元培
山东,2006,理,刘*,F,696,泰安一中,NA,0,0,港中文,女(原文'她');裸分状元;录取港中文
山东,2006,文,韦*,F,679,淄博实验中学,NA,0,0,北大,女(原文'她');模考曾710;录取北大
山东,2007,理,赵*,NA,714,平度一中,NA,0,1,NA,含加分20裸分694;总分状元;语133数144外137综227基本能力53
山东,2007,理,景*,F,696,章丘四中,NA,0,0,清华,女(原文'她');裸分状元;语125数147外141综228基本能力55;录取清华
山东,2007,文,都*,F,675,潍坊一中,NA,0,1,NA,女(原文'她');含加分20裸分655;总分状元;语126数150外125综197基本能力57
山东,2007,文,闫*,NA,674,东营一中,NA,0,0,NA,裸分状元
山东,2008,理,张*,M,711,泰安一中,NA,0,1,NA,含加分20裸分691;总分状元
山东,2008,理,许*,M,702,烟台一中,NA,0,0,NA,裸分状元;语124数149英140综234基本能力55
山东,2008,文,荣*,NA,675,寿光二中,NA,0,0,NA,英145
山东,2009,理,隋*,NA,723,东营一中,NA,0,1,NA,含加分20裸分703
山东,2009,文,帅*,NA,701,淄博实验中学,NA,0,1,NA,含加分20裸分681;语129数147英136综211基本能力58
山东,2010,理,陈*,M,723,昌邑一中,NA,0,1,NA,含加分20裸分703;总分状元;语133数142英144综227基本能力57
山东,2010,理,程*,NA,706,烟台中英文学校,NA,0,0,NA,裸分状元;语135数147英144综224基本能力56
山东,2010,文,高*,NA,694,桓台一中,NA,0,1,NA,含加分20裸分674;总分状元;语128数139英142综209基本能力56
山东,2010,文,赵*,NA,691,莱州一中,NA,0,0,NA,裸分状元;语132数140英143综221基本能力55
山东,2011,理,崔*,F,719,平度一中,NA,0,1,清华经管,女(原文'她');含加分20裸分699;总分状元;录取清华经管
山东,2011,理,陈*,NA,701,烟台一中,NA,0,0,清华,裸分状元;语133数135英143综232基本能力58;录取清华
山东,2011,文,张*,NA,677,东营一中,NA,0,0,NA,
山东,2012,理,张*,NA,728,临朐实验中学,NA,0,1,NA,含加分20裸分708;总分状元;语138数145英141综230基本能力54
山东,2012,理,于*,M,713,德州一中,NA,0,0,清华经管,男(原文'他');裸分状元;录取清华经管
山东,2012,文,张*,F,686,寿光一中,NA,0,1,清华,女(原文'她');含加分20裸分666;总分状元;录取清华
山东,2012,文,侯*,M,676,莘县实验高中,NA,0,0,北大光华,男(原文'他');裸分状元;语135数137英143综209基本能力42;录取北大光华
山东,2013,理,姜*,NA,724,青岛开发区一中,NA,0,1,NA,含加分20裸分704;总分状元;语125数150英138综235基本能力56
山东,2013,理,孙*,NA,714,烟台开发区高中,NA,0,0,NA,裸分状元;并列
山东,2013,理,郭*,M,714,滕州一中,NA,0,0,清华材料,男(原文'他');裸分状元;并列;语127数150外147综235基本能力55;录取清华材料
山东,2013,文,王*,F,684,青州一中,NA,0,0,北大光华,女(原文'她');语132数148英147综199基本能力58;录取北大光华
山东,2014,理,李*,M,734,滕州一中,NA,0,1,NA,含加分20裸分714;语127数149外145综293
山东,2014,文,马*,F,695,莱州一中,NA,0,0,北大光华,女(原文'她');语137数139英143综276;录取北大光华
山东,2015,理,贾*,NA,731,嘉祥一中,NA,0,1,NA,含加分5裸分726;语138数149英142综297
山东,2015,文,陈*,F,681,青州一中,NA,0,0,NA,并列;语131数144英140综266
山东,2015,文,向*,F,681,胶州一中,NA,0,0,NA,并列;语130数138英144综269
山东,2016,理,孙*,M,718,平阴一中,NA,0,0,国科大物理,男(原文'他');语136数149英142综291;录取国科大物理
山东,2016,文,李*,NA,658,诸城一中,NA,0,0,NA,语135数141英147综235
山东,2017,理,马*,M,713,临沂十八中,NA,0,0,清华经管经金,男(原文'他');语134数150外147综282;录取清华经管经金
山东,2017,文,田*,NA,670,青岛五十八中,NA,0,0,NA,语137数145英144综244
山东,2018,理,宋*,NA,716,淄博实验中学,NA,0,0,NA,语126数150英149综291
山东,2018,文,李*,F,680,淄博四中,NA,0,0,北大中文,女(原文'她');语137数150英142综251;录取北大中文
山东,2019,理,张*,NA,713,肥城一中,NA,0,0,NA,语130数146英148综289
山东,2019,文,蒋*,M,687,淄博实验中学,NA,0,0,北大元培,男(原文'他');语141数149英145综252;录取北大元培
山东,2020,不分,孟*,M,711,潍坊一中,NA,0,0,清华计算机,男(原文'他');3+3;语125数150英145物98化97地96;录取清华计算机
山东,2021,不分,张*,M,704,莱州一中,NA,0,0,清华计算机与金融双学位,男(原文'他');3+3;语128数141外141物98化99生97;录取清华计算机与金融双学位
山东,2022,不分,郝*,M,703,枣庄三中,NA,0,0,清华计算机,男(原文'他');3+3;语132数133英145物97化98生98;录取清华计算机
山东,2023,不分,刘*,M,713,文登新一中,NA,0,0,北大,男(原文'他');3+3;语141数142英140物97化95生98;录取北大
山东,2024,不分,于*,M,712,肥城一中,NA,0,0,清华新雅,男(原文'他');3+3;语138数141英139物99化98生97;录取清华新雅
山东,2025,不分,贾*,M,715,东营胜利一中,NA,0,0,清华,男(原文'他');3+3;语135数139外146物99化97生99;录取清华
山东,2026,不分,吕*,F,711,嘉祥一中,NA,0,0,NA,3+3
贵州,1980,理,王*,NA,NA,遵义四中,NA,0,0,NA,
贵州,1980,文,陈*,NA,NA,天柱民族中学,NA,0,0,NA,
贵州,1982,文,陈*,NA,NA,凯里一中,NA,0,0,NA,
贵州,1983,理,许*,NA,NA,贵阳一中,NA,0,0,NA,
贵州,1983,文,邓*,NA,NA,遵义四中,NA,0,0,NA,
贵州,1983,外,陈*,M,NA,贵阳一中,NA,0,0,NA,外语类状元
贵州,1984,理,高*,M,604,遵义南白中学,NA,0,0,上海第一医学院,男(原文'他');录取上海第一医学院
贵州,1984,文,刘*,F,NA,遵义南白中学,NA,0,0,湘潭大学历史,女(原文'她');录取湘潭大学历史
贵州,1985,理,杨*,NA,NA,凯里一中,NA,0,0,NA,
贵州,1986,理,唐*,NA,NA,六盘水二中,NA,0,0,NA,
贵州,1987,理,孙*,NA,NA,凯里一中,NA,0,0,NA,
贵州,1988,文,薛*,NA,NA,遵义南白中学,NA,0,0,北大,并列;录取北大
贵州,1988,文,刘*,NA,NA,都匀二中,NA,0,0,NA,并列
贵州,1989,理,腾*,NA,NA,凤岗一中,NA,0,0,北大,录取北大
贵州,1989,文,段*,NA,NA,遵义振华民族高中,NA,0,0,NA,
贵州,1991,理,陈*,NA,NA,遵义四中,NA,0,0,NA,
贵州,1991,文,杨*,NA,545,思南中学,NA,0,0,NA,
贵州,1992,文,王*,NA,NA,遵义南白中学,NA,0,0,NA,
贵州,1993,理,某同学,NA,NA,贵阳一中,NA,0,0,NA,匿名
贵州,1993,文,某同学,NA,NA,贵阳一中,NA,0,0,NA,匿名
贵州,1993,外,孙*,NA,NA,平水学校,NA,0,0,NA,外语类状元;总分超文科状元
贵州,1994,理,刘*,NA,NA,白云七中,NA,0,0,NA,
贵州,1995,文,陈*,NA,614,织金二中,NA,0,0,NA,
贵州,1996,理,胡*,NA,NA,贵阳六中,NA,0,0,北大生科,录取北大生科
贵州,1997,文,吴*,M,624,安顺二中,NA,0,0,北大中文,男(原文'他');录取北大中文
贵州,1998,理,谭*,M,NA,凯里一中,NA,0,0,NA,
贵州,1998,文,罗*,NA,NA,水城矿一中,NA,0,0,NA,
贵州,1999,理,黄*,NA,NA,贵阳清华中学,NA,0,0,NA,
贵州,2000,理,邓*,F,694,贵阳六中,NA,0,0,北大生科,女(原文'她');语137数142英132物140化143;录取北大生科
贵州,2000,文,张*,NA,607,贵阳一中,NA,0,0,南开金融,并列;录取南开金融
贵州,2000,文,罗*,F,607,遵义一中,NA,0,0,北大法学,女(原文'她');并列;语124数119英122政122史120;录取北大法学
贵州,2001,理,谢*,M,700,贵阳一中,NA,0,1,清华计算机,男(原文'他');含加分20裸分680;录取清华计算机
贵州,2001,文,黄*,F,645,凯里一中,NA,0,0,北大国贸,政治全省单科第1;录取北大国贸
贵州,2001,文,韩*,NA,NA,贵阳一中,NA,0,0,北大金融,并列;录取北大金融
贵州,2002,理,曾*,F,709,贵阳德芬补习学校,NA,0,0,NA,"复读生(原师大附中,2001=625);语136数143英138综292"
贵州,2002,文,廖*,M,652,凯里一中,NA,0,0,北大外院,男(原文'他');语126数121英121综284;录取北大外院
贵州,2003,理,吴*,NA,666,贵阳六中,NA,0,0,北大生科,录取北大生科
贵州,2003,文,黄*,F,656,贵阳一中,NA,0,0,北大,录取北大
贵州,2004,理,齐*,M,702,安顺二中,NA,0,0,清华,男(原文'他');语129数141英139综293;录取清华
贵州,2004,文,马*,M,636,贵阳一中,NA,0,0,北大,男(原文'他');语128数136英123综249;录取北大
贵州,2005,理,罗*,M,719,兴义一中,NA,0,1,清华经管,男(原文'他');含加分20裸分699;语132数140英137综290;录取清华经管
贵州,2005,文,董*,F,660,桐梓一中,NA,0,0,复旦,女(原文'她');语126数136英130综268;录取复旦
贵州,2006,理,贾*,F,712,贵州师大附中,NA,0,1,清华,女(原文'她');含加分20裸分692;总分状元;语136数134英144综278;录取清华
贵州,2006,理,姜*,F,703,贵阳清华中学,NA,0,0,清华建筑,女(原文'她');裸分状元;复读生(2005=640+);语124数147英140综292;录取清华建筑
贵州,2006,文,伍*,F,662,贵阳一中,NA,0,1,北大,女(原文'她');含加分10裸分652;总分状元;语121数133英138综260;录取北大
贵州,2006,文,黄*,M,655,水城二中,NA,0,0,北大,男(原文'他');裸分状元;三次高考复读生;语124数122英136综273;录取北大
贵州,2007,理,胡*,M,722,贵阳一中,NA,0,1,北大,男(原文'他');含加分20裸分702;总分状元;语136数141英138综287;录取北大
贵州,2007,理,高*,M,714,遵义南白中学,NA,0,0,清华经管,男(原文'他');裸分状元;语136数149英137综292;录取清华经管
贵州,2007,文,陈*,F,703,遵义四中,NA,0,1,北大经院,含加分20裸分683;录取北大经院
贵州,2008,理,邹*,M,708,都匀一中,NA,0,1,清华,男(原文'他');含加分20裸分688;语121数143英135综289;录取清华
贵州,2008,文,查*,NA,681,兴义八中,NA,0,1,北大,含加分20裸分661;总分状元;录取北大
贵州,2008,文,叶*,F,673,遵义航天中学,NA,0,0,北大,裸分状元;录取北大
贵州,2009,理,郑*,NA,691,遵义航天中学,NA,0,1,清华,含加分20裸分671;总分状元;录取清华
贵州,2009,理,李*,NA,676,贵阳一中,NA,0,0,清华,裸分状元;语116数143英137综280;录取清华
贵州,2009,文,王*,M,653,贵阳清华中学,NA,0,0,北大,男(原文'他');语124数150英128综251;录取北大
贵州,2010,理,杨*,M,718,遵义南白中学,NA,0,1,港大,男(原文'他');含加分20裸分698;语134数129英143综292;录取港大
贵州,2010,文,江*,NA,660,贵阳一中,NA,0,1,港大,含加分20裸分640;语133数109英143综255;录取港大
贵州,2011,理,龙*,F,682,贵阳实验三中,NA,0,1,清华,含加分20裸分662;语115数145英143综259;录取清华
贵州,2011,文,黎*,F,667,贵阳一中,NA,0,1,北大,女(原文'她');含加分20裸分647;总分状元;语136数126英135综250;录取北大
贵州,2011,文,林*,NA,654,遵义航天中学,NA,0,0,北大,裸分状元;录取北大
贵州,2012,理,张*,M,711,遵义南白中学,NA,0,1,北大生科,男(原文'他');含加分20裸分691;语117数140英135综299;录取北大生科
贵州,2012,文,王*,M,691,贵阳清华中学,NA,0,1,清华建筑,男(原文'他');含加分20裸分671;语120数136英142综273;录取清华建筑
贵州,2013,理,邹*,M,698,六盘水二中,NA,0,1,清华,男(原文'他');含加分20裸分678;语127数136英142综273;录取清华
贵州,2013,文,王*,F,685,兴义八中,NA,0,1,北大,女(原文'她');含加分20裸分665;总分状元;语117数143英141综264;录取北大
贵州,2013,文,高*,F,678,贵阳一中,NA,0,0,北大,女(原文'她');裸分状元;并列;语125数147外136综270;录取北大
贵州,2013,文,鲁*,F,678,贵阳一中,NA,0,0,北大,女(原文'她');裸分状元;并列;语132数138外139综269;录取北大
贵州,2014,理,陈*,F,705,贵阳一中,NA,0,1,清华建筑,女(原文'她');含加分20裸分685;总分状元;语133数133英144综275;录取清华建筑
贵州,2014,理,罗*,M,693,遵义四中,NA,0,0,清华,男(原文'他');裸分状元;语132数142英136综283;录取清华
贵州,2014,文,文*,M,704,遵义航天中学,NA,0,1,清华,男(原文'他');含加分20裸分684;总分状元;语122数143英140综279;录取清华
贵州,2014,文,何*,F,685,贵阳清华中学,NA,0,0,清华,女(原文'她');裸分状元;语127数132英144综282;录取清华
贵州,2015,理,常*,F,695,兴义八中,NA,0,1,清华,女(原文'她');含加分20裸分675;总分状元;并列;语124数140英141综270;录取清华
贵州,2015,理,向*,NA,695,兴义八中,NA,0,1,清华,含加分20裸分675;总分状元;并列;语122数135英144综274;录取清华
贵州,2015,理,张*,M,687,贵阳一中,NA,0,0,清华,男(原文'他');裸分状元;语112数144外144综287;录取清华
贵州,2015,文,马*,NA,714,兴义八中,NA,0,1,北大,含加分20裸分694;语124数147英145综278;录取北大
贵州,2016,理,潘*,M,717,贵阳一中,NA,0,1,北大,男(原文'他');含加分20裸分697;总分状元;语126数140英148综283;录取北大
贵州,2016,理,周*,M,707,贵阳一中,NA,0,0,清华,男(原文'他');裸分状元;语133数138英148综288;录取清华
贵州,2016,文,余*,M,709,兴义八中,NA,0,1,北大,男(原文'他');含加分20裸分689;总分状元;语128数136英142综283;录取北大
贵州,2016,文,林*,NA,704,贵阳一中,NA,0,0,清华经管,裸分状元;语138数137英143综286;录取清华经管
贵州,2017,理,查*,M,700,贵阳一中,NA,0,0,清华经管,并列;语133数137外145综285;录取清华经管
贵州,2017,理,李*,F,700,贵阳一中,NA,0,0,清华,女(原文'她');并列;16岁;语132数147外143综278;录取清华
贵州,2017,文,刘*,F,720,都匀一中,NA,0,1,北大元培(哲学),女(原文'她');含加分20裸分700;语134数150英140综276;录取北大元培(哲学)
贵州,2018,理,燕*,NA,708,贵阳一中,NA,0,0,清华交叉信息,语131数143外142综292;录取清华交叉信息
贵州,2018,文,闵*,F,714,贵阳一中,NA,0,1,北大,女(原文'她');含加分20裸分694;总分状元;清镇中考状元;语123数147外145综279;录取北大
贵州,2018,文,杨*,NA,695,贵阳一中,NA,0,0,北大外院,裸分状元;并列;录取北大外院
贵州,2018,文,陈*,NA,695,贵阳一中,NA,0,0,北大国关,裸分状元;并列;录取北大国关
贵州,2018,文,刘*,NA,695,贵阳一中,NA,0,0,港大,裸分状元;并列;录取港大
贵州,2019,理,杨*,M,709,锦屏中学,NA,0,1,NA,"男(原文'他');含加分20裸分689;总分状元;2016考入清华机械系,2019.1退学复读再考清华;语129数141英146综273"
贵州,2019,理,文*,F,697,四川省广元外国语学校,NA,0,0,NA,外省籍贯;裸分状元;语131数146外140综280
贵州,2019,文,鲁*,F,716,石阡二中,NA,0,1,北大,女(原文'她');含加分20裸分696;语120数146外145综285;录取北大
贵州,2020,理,唐*,M,712,贵阳一中,NA,0,1,北大元培,男(原文'他');含加分10裸分702;总分状元;语127数137外147综291;录取北大元培
贵州,2020,理,魏*,F,706,贵阳一中,NA,0,0,清华生科,女(原文'她');裸分状元;语127数146外147综286;录取清华生科
贵州,2020,文,黄*,M,694,兴义一中,NA,0,1,清华,男(原文'他');含加分20裸分674;总分状元;语121数143外143综267;录取清华
贵州,2020,文,苏*,NA,679,遵义南白中学,NA,0,0,NA,裸分状元;并列;语130数140英145综264
贵州,2020,文,余*,NA,679,贵阳一中,NA,0,0,NA,裸分状元;并列
贵州,2021,理,程*,M,706,贵阳一中,NA,0,0,北大光华,男(原文'他');语129数149外144综284;录取北大光华
贵州,2021,文,杨*,F,710,贵阳一中,NA,0,1,清华经管,女(原文'她');含加分10裸分700;语139数140外138综283;录取清华经管
贵州,2022,理,韦*,M,699,兴义八中,NA,0,1,北大元培,男(原文'他');含加分10裸分689;语118数142外142综287;录取北大元培
贵州,2022,文,蒋*,M,685,兴义八中,NA,0,0,北大,男(原文'他');语122数144外143综276;录取北大
贵州,2023,理,任*,NA,707,贵阳一中,NA,0,0,清华新雅,并列;录取清华新雅
贵州,2023,理,张*,NA,707,凯里一中,NA,0,1,清华新雅,含加分10裸分697;总分状元;并列;录取清华新雅
贵州,2023,文,任*,F,699,兴义八中,NA,0,1,清华经管,女(原文'她');含加分10裸分689;总分状元;语128数138英139综284;录取清华经管
贵州,2023,文,王*,F,694,贵阳一中,NA,0,0,北大元培(历史),女(原文'她');裸分状元;录取北大元培(历史)
贵州,2024,物理类,吴*,M,715,锦屏中学,NA,0,1,清华协和,男(原文'他');含加分10裸分705;总分状元;语124数149外137物100化98生97;录取清华协和
贵州,2024,物理类,严*,M,713,兴义八中,NA,0,1,北大元培,男(原文'他');含加分5裸分708;裸分状元;并列;语125数144外143物100化98生98;录取北大元培
贵州,2024,物理类,胡*,M,708,贵阳一中,NA,0,0,北大元培,裸分状元;并列;选科物化生;录取北大元培
贵州,2024,历史类,程*,M,687,遵义南白中学,NA,0,0,北大元培,男(原文'他');语134数129外142史93政97地92;录取北大元培
贵州,2025,物理类,张*,NA,719,凯里一中,NA,0,1,NA,含加分5裸分714;语137数140外146物95化100生96
贵州,2025,历史类,田*,F,695,凯里一中,NA,0,0,NA,
贵州,2026,物理类,孟*,F,710,毕节梁才学校,NA,0,0,NA,女(原文'图中戴眼镜女生');语136数142外141物97化98生96
贵州,2026,历史类,李*,F,683,兴义八中,NA,0,0,NA,语133数139外142史76政96地97
河北,1977,理,张*,NA,NA,张家口一中,NA,0,0,清华,数100物100化99(满分100制);录取清华
河北,1979,理,陆*,F,NA,石家庄八十一中,NA,0,0,NA,
河北,1980,理,白*,M,NA,石家庄二中,NA,0,0,NA,
河北,1980,文,李*,M,NA,石家庄二中,NA,0,0,NA,
河北,1981,文,张*,NA,NA,沧州一中,NA,0,0,NA,
河北,1982,理,黎*,NA,NA,辛集中学,NA,0,0,中科大,录取中科大
河北,1982,文,邱*,NA,NA,NA,NA,0,0,NA,
河北,1984,理,刘*,NA,603.2,任县一中,NA,0,0,清华,半分制;录取清华
河北,1985,理,史*,NA,602,抚宁一中,NA,0,0,北大,录取北大
河北,1985,文,程*,F,NA,石家庄一中,NA,0,0,NA,并列
河北,1985,文,韩*,NA,NA,南和一中,NA,0,0,NA,并列;历史89.5邢台单科第1
河北,1985,文,杨*,F,NA,宁晋二中,NA,0,0,NA,并列;数学117
河北,1986,理,赵*,M,NA,石家庄一中,NA,0,0,NA,
河北,1988,理,邹*,NA,NA,张家口一中,NA,0,0,NA,
河北,1988,文,李*,NA,NA,石家庄一中,NA,0,0,NA,并列
河北,1988,文,盖*,NA,549,鸡泽一中,NA,0,0,人大,并列;录取人大
河北,1989,理,陈*,NA,NA,石家庄一中,NA,0,0,NA,
河北,1989,文,张*,NA,NA,石家庄一中,NA,0,0,NA,
河北,1990,理,刘*,NA,NA,石家庄一中,NA,0,0,NA,
河北,1990,文,吴*,F,NA,石家庄一中,NA,0,0,NA,并列
河北,1990,文,赵*,M,NA,石家庄一中,NA,0,0,NA,并列
河北,1991,理,马*,NA,NA,满城中学,NA,0,0,清华电子,并列;录取清华电子
河北,1991,理,扈*,F,NA,石家庄十七中,NA,0,0,NA,并列
河北,1991,文,徐*,NA,544,阜平中学,NA,0,0,NA,
河北,1992,理,王*,NA,NA,石家庄一中,NA,0,0,NA,
河北,1992,文,张*,M,NA,石家庄一中,NA,0,0,NA,并列
河北,1992,文,王*,F,NA,石家庄二中,NA,0,0,NA,并列
河北,1993,理,卢*,F,NA,石家庄二中,NA,0,0,NA,
河北,1993,文,何*,NA,NA,石家庄二中,NA,0,0,NA,
河北,1994,理,尹*,M,NA,石家庄二中,NA,0,0,NA,
河北,1994,文,马*,NA,NA,石家庄二中,NA,0,0,NA,
河北,1995,理,俞*,NA,NA,石家庄一中,NA,0,0,清华,录取清华
河北,1995,文,张*,NA,NA,石家庄十七中,NA,0,0,NA,
河北,1996,理,肖*,NA,NA,石家庄一中,NA,0,0,清华,录取清华
河北,1996,文,梁*,NA,NA,辛集中学,NA,0,0,北大,录取北大
河北,1997,理,蒋*,NA,663,张家口一中,NA,0,0,清华,录取清华
河北,1997,文,宇*,M,NA,秦皇岛一中,NA,0,0,NA,
河北,1998,理,李*,NA,692,衡水中学,NA,0,1,清华环境,含加分;总分状元;录取清华环境
河北,1998,理,赵*,F,NA,石家庄二中,NA,0,0,清华,裸分状元;录取清华
河北,1998,文,范*,NA,NA,邯郸一中,NA,0,0,北大,录取北大
河北,1999,理,葛*,NA,686,故城郑口中学,NA,0,0,清华计算机,录取清华计算机
河北,1999,文,孙*,NA,625,石家庄一中,NA,0,0,北大国贸,录取北大国贸
河北,2000,理,陈*,F,692,沧州一中,NA,0,1,清华,含加分10裸分682;总分状元;录取清华
河北,2000,理,白*,M,684,石家庄一中,NA,0,0,北大生科,男(原文'他');裸分状元;语121数137英129物150化147;录取北大生科
河北,2000,文,赵*,F,651,保定十七中,NA,0,1,北大国贸,女(原文'她');含加分10裸分641;语121数137英142政124史117;录取北大国贸
河北,2001,理,赵*,M,696,遵化一中,NA,0,0,清华生物,男(原文'他');语127数139英140物146化144;录取清华生物
河北,2001,文,陈*,NA,656,秦皇岛私立渤海中学,NA,0,1,北大国贸,含加分5裸分651;录取北大国贸
河北,2002,理,蒋*,F,700,深州中学,NA,0,1,清华计算机,女(原文'她');含加分10裸分690;总分状元;综300;录取清华计算机
河北,2002,理,许*,M,699,涞源一中,NA,0,0,清华,男(原文'他');裸分状元;语124数136英142综297;录取清华
河北,2002,文,张*,F,663,保定十七中,NA,0,1,北大国贸,女(原文'她');含加分10裸分653;语116数131英139综267;录取北大国贸
河北,2003,理,池*,F,681,石家庄一中,NA,0,1,清华电子,女(原文'她');含加分10裸分671;语108数144英137综282;录取清华电子
河北,2003,文,张*,M,667,遵化一中,NA,0,1,北大元培,含加分10裸分657;录取北大元培
河北,2004,理,刘*,F,725,石家庄一中,NA,0,1,北大生科,女(原文'她');含加分10裸分715;石家庄中考状元;语129数150英136综300;录取北大生科
河北,2004,文,杨*,F,673,正定中学,NA,0,0,北大光华,女(原文'她');语131数143英129综270;录取北大光华
河北,2005,理,侯*,M,680,邯郸一中,NA,0,1,清华,男(原文'他');含加分10裸分670;语118数138英138综276;录取清华
河北,2005,文,武*,F,639,石家庄二中,NA,0,0,北大,女(原文'她');语112数129英142综256;录取北大
河北,2006,理,赵*,M,693,衡水中学,NA,0,1,清华,男(原文'他');含加分10裸分683;衡水中考第2;语98数148英139综298;录取清华
河北,2006,文,王*,F,661,邢台一中,NA,0,1,北大,女(原文'她');含加分10裸分651;语107数150英144综250;录取北大
河北,2007,理,刘*,F,708,保定一中,NA,0,1,清华,含加分10裸分698;总分状元;录取清华
河北,2007,理,杨*,F,700,衡水中学,NA,0,0,清华,女(原文'她');裸分状元;语119数147英140综294;录取清华
河北,2007,文,武*,F,663,石家庄二中,NA,0,0,港中文,女(原文'她');语136数150英142综235;录取港中文
河北,2008,理,马*,NA,695,张家口一中,NA,0,1,清华,含加分10裸分685;语135数135英138综277;录取清华
河北,2008,文,杨*,F,653,衡水中学,NA,0,1,NA,含加分10裸分643;总分状元
河北,2008,文,韩*,NA,645,衡水中学,NA,0,0,北大,裸分状元;语126数144英141综234;录取北大
河北,2009,理,渠*,M,704,定州中学,NA,0,1,清华计算机,男(原文'他');含加分10裸分694;语124数142英133综295;录取清华计算机
河北,2009,理,王*,NA,694,石家庄二中,NA,0,0,清华,裸分状元;语122数142英145综285;录取清华
河北,2009,文,陈*,F,630,遵化一中,NA,0,1,北大,女(原文'她');含加分10裸分620;语126数143外136综215;录取北大
河北,2010,理,刘*,M,708,沧州一中,NA,0,1,北大,男(原文'他');含加分10裸分698;语126数141英139综292;录取北大
河北,2010,文,刘*,M,646,衡水中学,NA,0,1,北大,男(原文'他');含加分10裸分636;语116数142英146综232;录取北大
河北,2011,理,赵*,NA,713,清苑中学,NA,0,0,NA,并列;语122数149英145综297
河北,2011,理,王*,F,713,衡水中学,NA,0,0,清华,女(原文'她');并列;语129数150英145综289;录取清华
河北,2011,文,高*,F,660,衡水中学,NA,0,1,北大光华,女(原文'她');含加分5裸分655;语126数147英144综238;录取北大光华
河北,2012,理,张*,M,712,滦南一中,NA,0,0,清华物理,男(原文'他');语131数148外137综296;录取清华物理
河北,2012,文,李*,M,686,衡水中学,NA,0,1,清华,含加分10裸分676;总分状元;录取清华
河北,2012,文,何*,F,677,石家庄二中,NA,0,0,北大光华,女(原文'她');裸分状元;语133数144外143综257;录取北大光华
河北,2013,理,孟*,M,713,衡水中学,NA,0,1,NA,含加分10裸分703;语124数150英146综283
河北,2013,文,于*,NA,676,衡水中学,NA,0,0,NA,语133数141英142综260
河北,2014,理,张*,M,717,正定中学,NA,0,1,NA,含加分10裸分707;总分状元;语135数142英141综289
河北,2014,理,李*,NA,715,衡水中学,NA,0,0,NA,裸分状元;语138数148英146综283
河北,2014,文,何*,NA,680,衡水中学,NA,0,1,NA,含加分5裸分675;总分状元
河北,2014,文,郭*,F,676,衡水中学,NA,0,0,NA,裸分状元;语139数145英144综248
河北,2015,理,刘*,F,728,唐山一中,NA,0,1,北大,女(原文'她');含加分20裸分708;总分状元;语135数150外143综280;录取北大
河北,2015,理,史*,NA,717,满城中学,NA,0,0,NA,裸分状元;语128数147英144综298
河北,2015,文,张*,NA,675,石家庄二中,NA,0,0,NA,语132数143英143综257
河北,2016,理,孟*,NA,724,衡水中学,NA,0,0,北大,语134数148英146综296;录取北大
河北,2016,文,袁*,M,706,衡水中学,NA,0,0,清华,语130数149英147综280;录取清华
河北,2017,理,李*,F,715,衡水中学,NA,0,0,清华电气,女(原文'她');语127数149英146综293;录取清华电气
河北,2017,文,牛*,F,681,石家庄二中,NA,0,0,NA,语119数150英147综265
河北,2018,理,孙*,NA,734,石家庄二中,NA,0,0,清华经管,语141数149英149综295;录取清华经管
河北,2018,文,郭*,F,707,石家庄精英中学,NA,0,0,北大光华,女(原文'她');语135数145英147综280;录取北大光华
河北,2019,理,王*,M,717,衡水中学,NA,0,0,清华,语138数150英148综281;录取清华
河北,2019,文,郜*,F,689,石家庄一中,NA,0,0,清华经管,女(原文'她');语139数141英147综262;录取清华经管
河北,2020,理,邢*,F,721,承德一中,NA,0,0,北大,女(原文'她');语140数143英147综291;录取北大
河北,2020,文,石*,NA,689,衡水中学,NA,0,0,北大光华,语140数148英142综259;录取北大光华
河北,2021,物理类,高*,M,704,衡水中学,NA,0,0,清华电子信息,男(原文'他');3+1+2;并列;石家庄中考状元;语119数148外147物97化96生97;录取清华电子信息
河北,2021,物理类,王*,M,704,衡水中学,NA,0,0,清华自动化,男(原文'他');3+1+2;并列;复读生(2016年以721分获全省第2后退学复读);语125数149英146物89化98生97;录取清华自动化
河北,2021,历史类,赵*,F,695,衡水中学,NA,0,0,北大光华,女(原文'她');3+1+2;语135数138英145史87生96政94;录取北大光华
河北,2022,物理类,杨*,NA,704,石家庄二中实验学校,NA,0,0,清华计算机,3+1+2;数学全省单科第1(新高考一卷最高);语125数149英144物93化98生95;录取清华计算机
河北,2022,历史类,赵*,M,683,衡水中学,NA,0,0,北大光华,3+1+2;语131数127英146史87政95地97;录取北大光华
河北,2023,物理类,康*,F,707,衡水中学,NA,0,0,北大光华,女(原文'她');3+1+2;语129数144英145物93化98生98;录取北大光华
河北,2023,历史类,路*,NA,690,武邑中学,NA,0,0,北大光华,3+1+2;语131数138英145史81政96地99;录取北大光华
河北,2024,物理类,张*,M,710,衡水中学,NA,0,0,清华电子信息,男(原文'他');3+1+2;并列;语135数139英141物97化99生99;录取清华电子信息
河北,2024,物理类,钟*,M,710,石家庄精英中学,NA,0,0,清华求真书院,男(原文'他');3+1+2;并列;语133数145英144物99化95生94;录取清华求真书院
河北,2024,历史类,郭*,F,694,石家庄二中实验学校,NA,0,0,北大光华,女(原文'她');3+1+2;语143数124英140史96生97政94;录取北大光华
河北,2025,物理类,曹*,NA,705,衡水二中,NA,0,0,NA,3+1+2;语131数138英143物97化99生97
河北,2025,历史类,李*,M,695,衡水中学,NA,0,0,北大,男(原文'他');3+1+2;语130数135英143史95政98地94;录取北大
河北,2026,物理类,张*,NA,710,衡水二中,NA,0,0,NA,3+1+2;并列;语138数135英143物100化96生98
河北,2026,物理类,赵*,NA,710,石家庄二中,NA,0,0,NA,3+1+2;并列;语137数141英146物96化97生93
河北,2026,历史类,袁*,F,698,石家庄一中,NA,0,0,NA,3+1+2;语135数135英145史94政95地94
内蒙古,1998,文,桑*,NA,579,天山一中,NA,0,0,NA,
内蒙古,1999,理,王*,NA,NA,通辽实验中学,NA,0,0,NA,
内蒙古,1999,文,孙*,F,NA,通辽实验中学,NA,0,0,NA,
内蒙古,2000,理,王*,NA,675,通辽一中,NA,0,0,清华物理,语122数132英134物147化140;录取清华物理;总分疑标错
内蒙古,2000,文,郝*,F,596,呼和浩特二中,NA,0,0,北大光华,女(原文'她');语130数98英133政120史115;录取北大光华
内蒙古,2001,理,廉*,M,698,赤峰平煤高中,NA,0,0,NA,
内蒙古,2001,文,张*,NA,635,呼和浩特二中,NA,0,0,NA,
内蒙古,2002,理,徐*,NA,701,包钢一中,NA,0,0,NA,语141数137英136.3综287
内蒙古,2002,文,罗*,F,668,呼和浩特二中,NA,0,0,北大,女(原文'她');语143数125英145综255;录取北大
内蒙古,2003,理,辛*,NA,649,北重三中,NA,0,0,清华电子,录取清华电子
内蒙古,2003,文,金*,NA,604,乌兰浩特朝鲜族中学,NA,0,0,北大,录取北大
内蒙古,2004,理,张*,M,701,包钢一中,NA,0,0,清华基础科学班,男(原文'他');语123数142外141.5综294;录取清华基础科学班
内蒙古,2004,文,张*,F,647,呼和浩特二中,NA,0,0,北大光华,女(原文'她');语121数144英138综244;录取北大光华
内蒙古,2005,理,高*,M,701,包钢一中,NA,0,0,NA,语132数136英137.5综295
内蒙古,2005,文,杨*,M,656,海拉尔二中,NA,0,0,NA,语123数138英140综255
内蒙古,2006,理,金*,NA,718,一机一中,NA,0,1,NA,含加分20裸分698;总分状元;语109数150英142综297
内蒙古,2006,理,石*,F,703,宁城高中,NA,0,0,清华建筑,女(原文'她');裸分状元;语133数141英141.5综287;录取清华建筑
内蒙古,2006,文,徐*,F,656,呼和浩特二中,NA,0,0,北大光华,录取北大光华
内蒙古,2007,理,高*,M,702,呼和浩特二中,NA,0,0,NA,语121数149英145.6综286
内蒙古,2007,文,金*,NA,660,呼和浩特二中,NA,0,0,NA,语124数141英144综251
内蒙古,2008,理,王*,M,692,赤峰红旗中学,NA,0,0,NA,"男(原文'他');复读生(2007=673,含加分20裸分653)"
内蒙古,2008,文,郑*,M,663,呼和浩特二中,NA,0,0,NA,男(原文'他');自治区文科数学和综合单科第1;数146综255
内蒙古,2009,理,维*,NA,715,通辽五中,NA,0,1,NA,含加分30裸分685;语121数142英144综278
内蒙古,2009,文,高*,NA,633,呼和浩特二中,NA,0,1,NA,含加分20裸分613;总分状元;语122数137英136综218
内蒙古,2009,文,朴*,M,629,乌兰浩特三中,NA,0,0,NA,裸分状元
内蒙古,2010,理,苏*,F,720,包头九中,NA,0,1,清华,女(原文'她');含加分20裸分700;总分状元;语139数133英141综287;录取清华
内蒙古,2010,理,邢*,NA,705,内蒙古师大附中,NA,0,0,NA,裸分状元;语137数136英138.8综293
内蒙古,2010,文,姚*,NA,614,呼和浩特二中,NA,0,1,港大,含加分;总分状元;录取港大
内蒙古,2010,文,庞*,M,609,呼和浩特二中,NA,0,0,北大中文,男(原文'他');裸分状元;并列;语138数101英137综233;录取北大中文
内蒙古,2010,文,王*,NA,609,海拉尔二中,NA,0,0,NA,裸分状元;并列;语124数130英141综214
内蒙古,2011,理,刘*,NA,710,北重三中,NA,0,1,NA,含加分20裸分690;语114数145英146综285
内蒙古,2011,文,班*,F,654,包头九中,NA,0,1,NA,含加分10裸分644;语127数134英143.1综240
内蒙古,2012,理,祝*,M,707,赤峰四中,NA,0,1,清华,男(原文'他');含加分30裸分677;总分状元;语108数142英138综289;录取清华
内蒙古,2012,理,马*,M,683,天山一中,NA,0,0,清华,裸分状元;录取清华
内蒙古,2012,文,董*,F,641,呼和浩特二中,NA,0,0,清华,女(原文'她');录取清华
内蒙古,2013,理,刘*,NA,716,赤峰平煤高中,NA,0,1,NA,含加分20裸分696;总分状元
内蒙古,2013,理,穆*,NA,705,赤峰二中,NA,0,0,NA,裸分状元
内蒙古,2013,文,王*,F,634,赤峰平煤高中,NA,0,1,清华,女(原文'她');含加分20裸分614;总分状元;录取清华
内蒙古,2013,文,胡*,M,615,包头一中,NA,0,0,北大光华,男(原文'他');裸分状元;语131.5数148英134.4综201;录取北大光华
内蒙古,2014,理,邱*,F,705,赤峰二中,NA,0,1,北大元培,含加分;总分状元;录取北大元培
内蒙古,2014,理,刘*,M,687,鄂尔多斯一中,NA,0,0,清华,男(原文'他');裸分状元;语129数142英141.3综275;录取清华
内蒙古,2014,文,金*,F,668,乌兰浩特一中,NA,0,1,北大法学,含加分;总分状元;录取北大法学
内蒙古,2014,文,张*,F,660,呼和浩特二中,NA,0,0,清华经管,裸分状元;语138.5数142英145.5综234;录取清华经管
内蒙古,2015,理,杨*,M,703,赤峰平煤高中,NA,0,1,清华,男(原文'他');含加分5裸分698;总分状元;语118数147英147.5综285.5;录取清华
内蒙古,2015,理,苗*,NA,699,赤峰田家炳中学,NA,0,0,清华,裸分状元;数137;录取清华
内蒙古,2015,文,朱*,F,654,呼和浩特二中,NA,0,0,北大,女(原文'她');语125数145英147综237;录取北大
内蒙古,2016,理,唐*,M,718,林东一中,NA,0,1,清华,男(原文'他');含加分10裸分708;语127数140.5英148.8综291.5;录取清华
内蒙古,2016,文,张*,NA,646,呼和浩特二中,NA,0,1,清华经管,含加分;总分状元;录取清华经管
内蒙古,2016,文,田*,F,643,鄂尔多斯一中,NA,0,0,清华,裸分状元;语126数147.5英149.5综220;录取清华
内蒙古,2017,理,贾*,M,705,新惠中学,NA,0,1,清华电机,男(原文'他');含加分10裸分695;总分状元;并列;综287;录取清华电机
内蒙古,2017,理,王*,M,705,林西一中,NA,0,1,清华新雅,男(原文'他');含加分10裸分695;总分状元;并列;录取清华新雅
内蒙古,2017,理,翁*,F,699,呼和浩特二中,NA,0,0,清华,女(原文'她');裸分状元;录取清华
内蒙古,2017,文,王*,F,633,鄂尔多斯一中,NA,0,0,清华,女(原文'她');语133.5数141.5英142.5综215;录取清华
内蒙古,2018,理,张*,NA,705,鄂尔多斯一中,NA,0,0,清华计算机,语124.5数147英138.1综295.5;录取清华计算机
内蒙古,2018,文,胡*,M,661,呼和浩特二中,NA,0,0,北大元培,男(原文'他');录取北大元培
内蒙古,2019,理,刘*,M,711,赤峰二中,NA,0,1,清华,男(原文'他');含加分10裸分701;总分状元;语129.5数142英144.4综285;录取清华
内蒙古,2019,理,宋*,NA,705,赤峰二中,NA,0,0,清华,裸分状元;录取清华
内蒙古,2019,文,闫*,F,677,鄂尔多斯一中,NA,0,0,清华经管,录取清华经管
内蒙古,2020,理,吴*,NA,717,新惠中学,NA,0,1,清华计算机与金融双学位,含加分10裸分707;总分状元;录取清华计算机与金融双学位
内蒙古,2020,理,蒙*,M,715,呼和浩特二中,NA,0,0,清华计算机与金融双学位,裸分状元;综297;录取清华计算机与金融双学位
内蒙古,2020,文,马*,F,685,呼和浩特二中,NA,0,0,清华经管,录取清华经管
内蒙古,2021,理,维*,M,702,呼和浩特二中,NA,0,1,清华计算机与金融双学位,男(原文'他');含加分10裸分692;总分状元;录取清华计算机与金融双学位
内蒙古,2021,理,陈*,M,694,呼和浩特二中,NA,0,0,清华计算机与金融双学位,男(原文'他');裸分状元;录取清华计算机与金融双学位
内蒙古,2021,文,岳*,NA,668,呼和浩特二中,NA,0,0,北大光华,语132数145.5英146.9综243.5;录取北大光华
内蒙古,2022,理,贾*,F,695,呼和浩特二中,NA,0,1,清华电子信息,女(原文'她');含加分10裸分685;总分状元;录取清华电子信息
内蒙古,2022,理,岳*,M,692,呼和浩特二中,NA,0,0,清华计算机金融双学位,男(原文'他');裸分状元;语133.5数132英148.1综278;录取清华计算机金融双学位
内蒙古,2022,文,吴*,M,645,通辽五中,NA,0,1,北大光华,男(原文'他');含加分10裸分635;总分状元;录取北大光华
内蒙古,2022,文,刘*,M,635,包头九中,NA,0,0,北大光华,男(原文'他');裸分状元;并列;语136数139.5英140.6综219;录取北大光华
内蒙古,2022,文,王*,NA,635,呼和浩特二中,NA,0,0,北大中文,裸分状元;并列;录取北大中文
内蒙古,2023,理,王*,M,709,乌兰浩特一中,NA,0,1,清华计算机,男(原文'他');含加分10裸分699;总分状元;语132数138外147.5综281;录取清华计算机
内蒙古,2023,理,苗*,NA,706,赤峰二中,NA,0,0,北大元培,裸分状元;语133数149.5英138.8综284;录取北大元培
内蒙古,2023,文,刘*,F,665,林东一中,NA,0,1,北大法学,女(原文'她');含加分10裸分655;总分状元;语134.5数132.5英141.9综246.5;录取北大法学
内蒙古,2023,文,某同学,NA,657,鄂尔多斯一中,NA,0,0,NA,裸分状元;匿名化
内蒙古,2024,理,刘*,M,719,内蒙古师大附中,NA,0,0,清华新雅,男(原文'他');并列;语140.5数148英146.3综284;录取清华新雅
内蒙古,2024,理,吕*,M,719,鄂尔多斯一中,NA,0,0,清华生科,男(原文'他');并列;语136数149.5英145综288;录取清华生科
内蒙古,2024,文,张*,F,649,包头九中,NA,0,1,北大,含加分5裸分644;总分状元;录取北大
内蒙古,2024,文,高*,F,649,鄂尔多斯一中,NA,0,0,清华经管,女(原文'她');并列;语133.5数144.5英145.6综225.5;录取清华经管
内蒙古,2025,物理类,李*,M,714,赤峰红旗中学,NA,0,0,清华计算机,男(原文'他');3+1+2;语137数138英144物98化99生98;录取清华计算机
内蒙古,2025,历史类,赵*,M,690,呼和浩特二中,NA,0,0,北大元培,男(原文'他');3+1+2;语139数133.5英138史90政92地97;录取北大元培
内蒙古,2026,物理类,张*,NA,715,包头一中,NA,0,0,NA,3+1+2;语131.5数149英139.5物99化99生97
内蒙古,2026,历史类,苏*,NA,682,包头景开中学,NA,0,0,NA,3+1+2
云南,1994,理,张*,NA,NA,玉溪一中,NA,0,0,NA,
云南,1996,理,蔡*,NA,640,云南师大附中,NA,0,0,北大生科,录取北大生科
云南,1996,文,张*,F,632,开远一中,NA,0,0,人大国际会计,录取人大国际会计
云南,1997,理,朱*,NA,NA,昆明三中,NA,0,0,NA,
云南,1998,文,赵*,NA,622,下关一中,NA,0,0,NA,
云南,2000,理,刘*,M,667,玉溪一中,NA,0,0,清华电子信息,男(原文'他');语124数127英129物145化142;录取清华电子信息
云南,2000,文,章*,NA,NA,楚雄一中,NA,0,0,复旦,录取复旦
云南,2001,理,马*,NA,NA,云南师大附中,NA,0,0,NA,
云南,2001,文,孟*,NA,683,个旧一中,NA,0,0,NA,语133数149外133史134政134
云南,2002,理,周*,NA,677,楚雄一中,NA,0,0,NA,
云南,2002,文,周*,NA,637,云南师大附中,NA,0,0,北大,语121数134英130综252;录取北大
云南,2003,理,段*,M,633,昆明三中,NA,0,0,清华,男(原文'他');录取清华
云南,2003,文,叶*,NA,645,曲靖一中,NA,0,0,NA,语126数121英130综268
云南,2004,理,秦*,NA,667,玉溪一中,NA,0,0,NA,
云南,2004,文,林*,M,642,云天化中学,NA,0,0,北大元培,男(原文'他');语128数127英137综250;录取北大元培
云南,2005,理,太*,NA,714,曲靖一中,NA,0,0,清华经管,语125数144英145综300(满分);录取清华经管
云南,2005,文,吴*,F,682,昆明一中,NA,0,0,北大光华,女(原文'她');语142数127英147综266;录取北大光华
云南,2006,理,张*,NA,717,玉溪一中,NA,0,0,NA,语139数148英145综285
云南,2006,文,高*,NA,696,曲靖一中,NA,0,1,NA,含加分20裸分676;总分状元;语140数138英138综260
云南,2006,文,刘*,F,686,云南师大附中,NA,0,1,港大,女(原文'她');含加分10裸分676;裸分状元;文综277全省最高;楚雄中考状元;录取港大
云南,2007,理,袁*,F,724,昆明三中,NA,0,1,清华数理基础(物理),女(原文'她');含加分20裸分704;语128数144英146综286;录取清华数理基础(物理)
云南,2007,理,郭*,NA,704,云南师大附中,NA,0,0,NA,裸分状元;并列
云南,2007,理,高*,M,704,昆明光华学校,NA,0,0,NA,裸分状元;并列
云南,2007,文,徐*,F,688,云南师大附中,NA,0,1,港大,女(原文'她');含加分10裸分678;语126数139英141综272;录取港大
云南,2008,理,施*,M,699,云南师大附中,NA,0,0,NA,语122数142英146综289
云南,2008,文,赵*,NA,662,昆明一中,NA,0,0,NA,语129数136英146综251
云南,2009,理,李*,F,729,云南师大附中,NA,0,1,港大医学部,女(原文'她');含加分20裸分709;语138数136英145综290;录取港大医学部
云南,2009,文,赵*,NA,676,云南师大附中,NA,0,1,NA,含加分20裸分656;总分状元
云南,2009,文,杨*,NA,657,云南师大附中,NA,0,0,NA,裸分状元
云南,2010,理,魏*,NA,708,昆明一中,NA,0,1,NA,含加分20裸分688;总分状元
云南,2010,理,刘*,NA,697,云南师大附中,NA,0,0,NA,裸分状元
云南,2010,文,杨*,NA,671,下关一中,NA,0,1,NA,含加分20裸分651
云南,2011,理,刘*,NA,703,昭通一中,NA,0,1,NA,含加分20裸分683;总分状元
云南,2011,理,刘*,F,686,云南师大附中,NA,0,0,NA,裸分状元
云南,2011,文,王*,NA,649,建水一中,NA,0,1,NA,含加分20裸分629;总分状元
云南,2011,文,刘*,M,637,云南师大附中,NA,0,0,港大国际商业及环球管理,男(原文'他');裸分状元;录取港大国际商业及环球管理
云南,2012,理,韩*,NA,706,云南师大附中,NA,0,1,NA,含加分20裸分686;总分状元
云南,2012,理,赖*,F,706,玉溪一中,NA,0,0,NA,并列
云南,2012,文,王*,NA,692,云师大附中,NA,0,1,NA,含加分20裸分672;总分状元
云南,2012,文,陈*,NA,689,云南师大附中,NA,0,0,NA,裸分状元
云南,2013,理,张*,NA,734,云南师大附中,NA,0,1,NA,含加分20裸分714
云南,2013,文,赵*,NA,690,昆明一中,NA,0,1,NA,含加分20裸分670;总分状元
云南,2013,文,孟*,NA,671,云南师大附中,NA,0,0,NA,裸分状元
云南,2014,理,周*,NA,727,安宁中学,NA,0,1,NA,含加分20裸分707
云南,2014,理,施*,F,707,曲靖一中,NA,0,0,NA,裸分状元
云南,2014,文,孙*,NA,708,云南师大附中,NA,0,1,NA,含加分20裸分688
云南,2015,理,刘*,NA,725,曲靖一中,NA,0,0,NA,
云南,2015,文,邵*,NA,698,德宏民族一中,NA,0,1,NA,含加分20裸分678;总分状元
云南,2015,文,朱*,NA,691,曲靖一中,NA,0,0,北大光华,裸分状元;录取北大光华
云南,2016,理,许*,NA,713,云南师大附中,NA,0,0,NA,并列
云南,2016,理,沈*,F,713,曲靖一中,NA,0,0,NA,并列
云南,2016,理,龚*,M,713,临沧一中,NA,0,1,NA,含加分10裸分703;总分状元;并列
云南,2016,文,母*,M,713,曲靖一中,NA,0,0,北大光华,男(原文'他');文科713与理科同分;录取北大光华
云南,2017,理,刘*,NA,725,曲靖一中,NA,0,1,NA,含加分10裸分715;总分状元
云南,2017,理,高*,NA,724,云南师大附中,NA,0,0,NA,裸分状元
云南,2017,文,张*,NA,696,云南师大附中,NA,0,1,NA,含加分10裸分686;总分状元
云南,2017,文,尹*,M,691,曲靖一中,NA,0,0,清华经管,男(原文'他');裸分状元;录取清华经管
云南,2018,理,李*,NA,725,云南师大附中,NA,0,0,NA,
云南,2018,文,蔡*,F,708,玉溪一中,NA,0,0,北大中文,女(原文'她');录取北大中文
云南,2019,理,李*,F,737,红河州一中,NA,0,1,清华临床医学,女(原文'她');含加分10裸分727;总分状元;语129数147外142综287量化22;录取清华临床医学
云南,2019,理,杨*,F,729,红河州一中,NA,0,0,清华电子信息,女(原文'她');裸分状元;理综289全省单科第1;语129数144外145综289量化22;录取清华电子信息
云南,2019,文,杨*,NA,711,临沧一中,NA,0,0,北大光华,语135数148外146综260量化22;录取北大光华
云南,2020,理,钏*,NA,729,德宏州民族一中,NA,0,1,NA,含加分20裸分709;总分状元
云南,2020,理,邱*,M,725,昭通一中,NA,0,0,清华人工智能学堂班,男(原文'他');裸分状元;语127数147英147综282量化22;录取清华人工智能学堂班
云南,2020,文,段*,F,701,云南师大附中,NA,0,0,北大元培,女(原文'她');语124数150英139综266量化22;录取北大元培
云南,2021,理,和*,M,725,长水实验中学,NA,0,1,清华医学,男(原文'他');含加分20裸分705;总分状元;复读生;语135数140外137综271量化22;录取清华医学
云南,2021,理,刘*,M,723,昆明八中,NA,0,0,清华计算机,男(原文'他');裸分状元;语135数145外145综276量化22;录取清华计算机
云南,2021,文,李*,F,703,云南师大附中,NA,0,1,清华经管,女(原文'她');含加分10裸分693;总分状元;综251;录取清华经管
云南,2021,文,赵*,F,695,云南师大附中,NA,0,0,清华经管,女(原文'她');裸分状元;语132数145外145综251量化22;录取清华经管
云南,2022,理,赏*,M,744,曲靖一中,NA,0,0,清华交叉信息,语136数146英148综292量化22;录取清华交叉信息;744全国前列
云南,2022,文,肖*,M,715,云南师大附中,NA,0,0,北大光华,男(原文'他');语127数149外148综269量化22;录取北大光华
云南,2023,理,杜*,NA,730,德宏州民族一中,NA,0,1,清华为先书院生物医学工程,含加分20裸分710;总分状元;数150;录取清华为先书院生物医学工程
云南,2023,理,刘*,F,722,临沧一中,NA,0,0,清华新雅,女(原文'她');裸分状元;语123数149外142综286量化22;录取清华新雅
云南,2023,文,苏*,F,705,云南师大附中,NA,0,1,北大光华,女(原文'她');含加分20裸分685;总分状元;综264;录取北大光华
云南,2023,文,王*,F,686,曲靖一中,NA,0,0,北大元培(哲学),女(原文'她');裸分状元;语134数140外141综249量化22;录取北大元培(哲学)
云南,2024,理,罗*,M,731,云南师大附中,NA,0,1,清华,含加分5裸分726;语129数146外147综282量化22;录取清华
云南,2024,文,梁*,M,702,云南师大附中,NA,0,0,北大法学,男(原文'他');语128数143外139综270量化22;录取北大法学
云南,2025,物理类,刘*,M,704,红河州一中,NA,0,0,清华新雅,3+1+2;语139数140外138物91化97生99;录取清华新雅
云南,2025,历史类,韩*,NA,681,云大附中星耀学校,NA,0,0,NA,3+1+2;语135数133外138史85政96地94
安徽,1994,理,程*,M,637,屯溪一中,NA,0,0,NA,并列
安徽,1994,理,郑*,F,NA,霍山中学,NA,0,0,NA,并列
安徽,1994,文,王*,M,NA,蚌埠三中,NA,0,0,NA,
安徽,1995,理,唐*,F,NA,铜陵一中,NA,0,0,NA,
安徽,1995,文,王*,F,NA,淮南二中,NA,0,0,NA,
安徽,1996,理,凌*,NA,697,合肥一中,NA,0,0,NA,并列
安徽,1996,理,陆*,M,697,芜湖一中,NA,0,0,清华,男(原文'他');并列;录取清华
安徽,1996,文,王*,NA,639,歙县中学,NA,0,0,北大,录取北大
安徽,1997,理,丁*,NA,NA,铜陵一中,NA,0,0,NA,
安徽,1997,文,管*,NA,NA,六安一中,NA,0,0,NA,并列
安徽,1997,文,张*,F,NA,马鞍山二中,NA,0,0,NA,并列
安徽,1998,理,金*,NA,681,东至三中,NA,0,0,NA,
安徽,1998,文,曹*,M,614,当涂一中,NA,0,0,NA,
安徽,1999,理,赵*,NA,NA,当涂一中,NA,0,0,NA,并列
安徽,1999,理,肖*,NA,694,六安二中,NA,0,0,北大,并列;录取北大
安徽,1999,文,陈*,NA,637,枞阳浮山中学,NA,0,0,NA,数学147全省最高
安徽,2000,理,姜*,M,705,马鞍山二中,NA,0,0,清华电子,男(原文'他');语120数140英142物150化148;录取清华电子
安徽,2000,文,邢*,NA,653,庐江中学,NA,0,0,北大经院,并列;语130数140英123政126史134;录取北大经院
安徽,2000,文,沈*,NA,653,金寨一中,NA,0,0,NA,并列
安徽,2001,理,丁*,NA,690,肥东一中,NA,0,0,NA,
安徽,2001,文,黄*,NA,669,淮北一中,NA,0,0,NA,
安徽,2002,理,周*,F,710,安徽师大附中,NA,0,0,清华,女(原文'她');语132;录取清华
安徽,2002,文,赵*,F,656,安徽师大附中,NA,0,0,北大,女(原文'她');语119数139英140综258;录取北大
安徽,2003,理,张*,M,684,安庆一中,NA,0,0,清华,男(原文'他');录取清华
安徽,2003,文,李*,M,632,六安一中,NA,0,0,北大,男(原文'他');语120数129英135综248;录取北大
安徽,2004,理,涂*,M,720,合肥一中,NA,0,1,中科大物理,男(原文'他');含加分10裸分710;总分状元;并列;语127数149外143综291;录取中科大物理
安徽,2004,理,张*,M,720,蚌埠二中,NA,0,1,清华数理基础,男(原文'他');含加分10裸分710;总分状元;并列;语137数146英135综292;录取清华数理基础
安徽,2004,理,朱*,NA,714,合肥一中,NA,0,0,清华临床医学,裸分状元;录取清华临床医学
安徽,2004,文,陈*,M,681,南陵中学,NA,0,0,北大,男(原文'他');语129数148英139综265;录取北大
安徽,2005,理,耿*,NA,688,灵璧一中,NA,0,1,NA,含加分10裸分678;语122数134英138综284
安徽,2005,文,赵*,F,651,淮南一中,NA,0,1,北大法学,女(原文'她');含加分10裸分641;总分状元;语117数140外141综243;录取北大法学
安徽,2005,文,余*,NA,651,贵池一中,NA,0,0,NA,并列;语121数134英142综254
安徽,2006,理,张*,M,703,六安一中,NA,0,0,NA,语128数147英141综287
安徽,2006,文,曹*,F,678,合肥一中,NA,0,0,NA,语134数136英142综266
安徽,2007,理,吴*,F,709,休宁中学,NA,0,1,清华,女(原文'她');含加分10裸分699;语123数148英136综292;录取清华
安徽,2007,文,司*,F,667,合肥一中,NA,0,0,港中文会计,女(原文'她');语135数149英141综242;录取港中文会计
安徽,2008,理,张*,NA,708,铜陵一中,NA,0,1,NA,编外状元(保送清华经管不参与排名);含加分10裸分698
安徽,2008,理,何*,M,697,滁州中学,NA,0,0,NA,正式状元
安徽,2008,文,王*,M,653,太和一中,NA,0,0,清华经管,男(原文'他');语127数150英142综234;录取清华经管
安徽,2009,理,朱*,NA,712,合肥一中,NA,0,1,NA,编外状元(保送清华生物);含加分10裸分702
安徽,2009,理,陈*,NA,706,合肥一六八中学,NA,0,1,NA,含加分10裸分696;总分状元;语124数146英140综286
安徽,2009,理,丁*,NA,699,合肥八中,NA,0,0,NA,裸分状元
安徽,2009,文,葛*,NA,638,合肥八中,NA,0,0,NA,并列;语122数131英141综244
安徽,2009,文,桂*,M,638,淮南二中,NA,0,1,NA,含加分10裸分628;总分状元;并列;语115数131英148综234
安徽,2010,理,郝*,F,704,安庆一中,NA,0,1,NA,女(原文'她');编外总分状元(保送清华化学);含加分10裸分694;语111数148英146综289
安徽,2010,理,张*,M,701,泗县二中,NA,0,0,清华信息学院,正式状元;语116数149外142综294;录取清华信息学院
安徽,2010,理,刘*,NA,701,和县一中,NA,0,1,NA,含加分10裸分691;总分状元;并列
安徽,2010,理,陈*,M,701,六安一中,NA,0,1,NA,男(原文'他');编外总分状元(保送清华工业工程);含加分10裸分691;并列;语117数149英137综288
安徽,2010,文,陈*,NA,666,寿县一中,NA,0,0,NA,语126数141英144综255
安徽,2011,理,韩*,M,705,安庆一中,NA,0,1,NA,男(原文'他');编外总分状元(保送清华电子);含加分10裸分695;语120数148英141综286
安徽,2011,理,张*,M,699,蚌埠二中,NA,0,1,清华钱学森力学班,含加分5裸分694;总分状元;录取清华钱学森力学班
安徽,2011,理,黄*,M,698,淮南二中,NA,0,0,清华建筑,男(原文'他');裸分状元;复读生(2010=641);语127数139英143综289;录取清华建筑
安徽,2011,文,丁*,F,646,淮北一中,NA,0,0,港大商学院会计金融,女(原文'她');语125数139英141综241;录取港大商学院会计金融
安徽,2012,理,丁*,NA,704,芜湖一中,NA,0,1,NA,含加分10裸分694;语124数135英144综291
安徽,2012,文,倪*,F,671,淮北一中,NA,0,0,北大光华,女(原文'她');语123数150英138综260;录取北大光华
安徽,2013,理,刘*,M,675,合肥一中,NA,0,1,清华交叉信息,男(原文'他');含加分10裸分665;总分状元;语115数135英137综278;录取清华交叉信息
安徽,2013,理,刘*,F,673,灵璧一中,NA,0,0,NA,女(原文'她');裸分状元;复读生(2012=619);语117数133英143综280
安徽,2013,文,查*,F,662,铜陵一中,NA,0,0,NA,语113数142英143综264
安徽,2014,理,董*,F,675,合肥一中,NA,0,1,北大光华,女(原文'她');含加分10裸分665;总分状元;语115数142英139综269;录取北大光华
安徽,2014,理,孙*,F,674,六安一中,NA,0,0,北大元培,女(原文'她');裸分状元;并列;录取北大元培
安徽,2014,理,刘*,NA,674,宿城一中,NA,0,0,NA,裸分状元;并列
安徽,2014,文,罗*,M,650,合肥一六八中学,NA,0,0,北大元培,男(原文'他');并列;语120数146英145综239;录取北大元培
安徽,2014,文,俞*,F,650,南陵中学,NA,0,0,NA,并列;语112数147外138综253
安徽,2015,理,冯*,F,708,马鞍山二中,NA,0,0,NA,并列;语119数148英149综292
安徽,2015,理,吴*,NA,708,合肥八中,NA,0,0,NA,并列;语121数149英149综289
安徽,2015,文,赵*,F,689,蚌埠二中,NA,0,0,NA,语119数150英144综276
安徽,2016,理,邢*,F,703,太和一中,NA,0,0,NA,并列;语123数140英144综296
安徽,2016,理,孙*,M,703,无为中学,NA,0,0,清华环境,男(原文'他');并列;语126数136外145综296;录取清华环境
安徽,2016,文,王*,NA,657,合肥一六八中学,NA,0,0,NA,语118数138英137综264
安徽,2017,理,申*,NA,706,太和中学,NA,0,0,NA,语126数145外145综290
安徽,2017,文,潘*,M,662,合肥一六八中学,NA,0,0,清华,男(原文'他');语121数140英148综253;录取清华
安徽,2018,理,方*,M,713,铜陵一中,NA,0,0,北大,男(原文'他');语123数150英146综294;录取北大
安徽,2018,文,郑*,F,678,合肥一中,NA,0,0,北大光华,女(原文'她');语123数147外143综265;录取北大光华
安徽,2019,理,王*,M,710,合肥一中,NA,0,0,NA,语127数148外141综294
安徽,2019,文,刘*,NA,681,合肥一六八中学,NA,0,0,NA,语129数146外145综261
安徽,2020,理,吴*,F,714,太和中学,NA,0,0,清华电子信息,并列;语132数144外143综295;录取清华电子信息
安徽,2020,理,王*,M,714,安庆一中,NA,0,0,NA,并列;语129数149外148综288
安徽,2020,文,李*,F,669,合肥一六八中学,NA,0,0,清华,女(原文'她');语131数143外149综246;录取清华
安徽,2021,理,袁*,M,716,合肥一六八中学,NA,0,0,北大数学,男(原文'他');语135数146外146综289;录取北大数学
安徽,2021,文,张*,M,694,合肥一中,NA,0,0,北大元培,男(原文'他');复读借读(原北师大蚌埠附校);语132数148外149综265;录取北大元培
安徽,2022,理,张*,NA,716,无为中学,NA,0,0,清华经管,语130数144英145综297;录取清华经管
安徽,2022,文,李*,F,663,合肥一中,NA,0,0,北大社会学,女(原文'她');录取北大社会学
安徽,2023,理,赵*,F,711,灵璧中学,NA,0,0,清华交叉信息,女(原文'她');宿州中考状元(748/760);语130数147英144综290;录取清华交叉信息
安徽,2023,文,曹*,M,686,合肥一六八中学,NA,0,0,北大元培,男(原文'他');录取北大元培
安徽,2024,物理类,贾*,M,715,合肥一中,NA,0,0,清华,男(原文'他');3+1+2;语135数146英142物98化95生99;录取清华
安徽,2024,历史类,张*,F,700,合肥一六八中学,NA,0,0,北大元培,女(原文'她');3+1+2;语136数132外145史96政96地95;录取北大元培
安徽,2025,物理类,吴*,M,706,池州一中,NA,0,0,北大计算机,男(原文'他');3+1+2;并列;录取北大计算机
安徽,2025,物理类,李*,NA,706,合肥一六八中学,NA,0,0,NA,3+1+2;并列
安徽,2025,物理类,詹*,M,706,巢湖一中,NA,0,0,NA,3+1+2;并列
安徽,2025,历史类,吴*,F,683,合肥八中,NA,0,0,NA,3+1+2
安徽,2026,物理类,孙*,F,NA,安徽师大附中,NA,0,0,NA,3+1+2
安徽,2026,历史类,董*,NA,NA,寿县一中,NA,0,0,NA,3+1+2
广东,2007,理,黄*,M,697,惠州一中,NA,0,0,清华数理基础,男(原文'他');数140英141物139;录取清华数理基础
广东,2007,文,严*,F,691,高明一中,NA,0,0,港中文,女(原文'她');X科制:语131数142英142文基142史134;录取港中文
广东,2008,理,赵*,F,696,珠海一中,NA,0,0,北大,女(原文'她');语132数146英137理基140化141;录取北大
广东,2008,文,郑*,M,681,潮阳实验学校,NA,0,0,北大光华,男(原文'他');语124数143英132文基144政138;录取北大光华
广东,2009,理,刘*,F,702,深圳外国语学校,NA,0,0,清华经金国际班,女(原文'她');选科物理;保送清华(自学历史过保送考试);录取清华经金国际班
广东,2009,文,陈*,F,701,珠海一中,NA,0,0,北大,女(原文'她');语130数142英139文基150史140(全省最高);录取北大
广东,2010,理,林*,F,727,华南师大附中,NA,0,1,NA,含加分20裸分707;总分状元
广东,2010,理,周*,F,709,仲元中学,NA,0,0,清华建筑,女(原文'她');裸分状元;并列;语125数143英145综296;录取清华建筑
广东,2010,理,卓*,M,709,华南师大附中,NA,0,0,NA,裸分状元;并列;语137数138英142综292
广东,2010,文,谢*,F,687,阳江一中,NA,0,1,NA,含加分20裸分667;总分状元;语125数138英139综265
广东,2010,文,易*,F,678,宝安中学,NA,0,0,北大,女(原文'她');裸分状元;并列;语135数140英141综262;录取北大
广东,2010,文,谢*,F,678,华南师大附中,NA,0,0,北大光华,女(原文'她');裸分状元;并列;录取北大光华
广东,2011,理,周*,M,706,广东实验中学,NA,0,1,NA,含加分20裸分686;总分状元
广东,2011,理,钱*,M,699,深圳中学,NA,0,0,北大,男(原文'他');裸分状元;语133数139英143综284;录取北大
广东,2011,文,林*,F,681,潮阳实验学校,NA,0,1,北大,女(原文'她');含加分20裸分661;总分状元;录取北大
广东,2011,文,赖*,NA,672,执信中学,NA,0,0,NA,裸分状元;语141数124英137综270
广东,2012,理,余*,F,715,华南师大附中,NA,0,1,清华,含加分20裸分695;总分状元;录取清华
广东,2012,理,李*,M,705,佛山一中,NA,0,0,清华,男(原文'他');裸分状元;语134数144英144综284;录取清华
广东,2012,文,孙*,F,682,茂名一中,NA,0,0,清华,女(原文'她');并列;语140数148英139综255;录取清华
广东,2012,文,李*,NA,682,深圳中学,NA,0,1,NA,含加分20裸分662;总分状元;并列
广东,2013,理,张*,M,717,信宜中学,NA,0,1,清华电子,男(原文'他');含加分20裸分697;总分状元;录取清华电子
广东,2013,理,向*,NA,710,深圳高级中学,NA,0,0,清华电子,裸分状元;语136数147英145综282;录取清华电子
广东,2013,文,杨*,F,693,佛山一中,NA,0,1,北大,女(原文'她');含加分20裸分673;总分状元;录取北大
广东,2013,文,黄*,NA,681,汕头金山中学,NA,0,0,NA,裸分状元
广东,2014,理,洪*,F,711,普宁市华美实验学校,NA,0,0,清华经管,女(原文'她');语138数141英141综291;录取清华经管
广东,2014,文,刘*,F,687,梅县东山中学,NA,0,0,北大光华,女(原文'她');高二后19次大考16次年级第一;录取北大光华
广东,2015,理,沈*,M,710,珠海一中,NA,0,0,清华,男(原文'他');录取清华
广东,2015,文,祝*,F,676,东莞东华高级中学,NA,0,0,清华,女(原文'她');录取清华
广东,2016,理,谭*,M,701,阳江一中,NA,0,0,清华经管,"男(原文'他');并列;三次高考(2013/2014/2016,2014=677考入上交大);综288;录取清华经管"
广东,2016,理,李*,M,701,广东实验中学,NA,0,0,北大,男(原文'他');并列;录取北大
广东,2016,文,李*,F,650,深圳外国语学校,NA,0,0,北大,女(原文'她');并列;录取北大
广东,2016,文,梁*,F,650,顺德一中,NA,0,0,北大葡萄牙语,女(原文'她');并列;录取北大葡萄牙语
广东,2017,理,许*,M,699,华中师大龙岗附中,NA,0,1,港中文(深圳)理工,男(原文'他');含加分5裸分694;总分状元;录取港中文(深圳)理工
广东,2017,理,陈*,M,695,华南师大附中,NA,0,0,清华新雅(经金),裸分状元;并列;录取清华新雅(经金)
广东,2017,理,陈*,M,695,深圳高级中学,NA,0,0,清华,裸分状元;并列;录取清华
广东,2017,文,谭*,F,671,石门中学,NA,0,0,北大中文,女(原文'她');录取北大中文
广东,2018,理,周*,NA,707,廉江实验学校,NA,0,0,清华电子信息,复读生;录取清华电子信息
广东,2018,文,曾*,F,672,普宁市华美实验学校,NA,0,0,北大光华,女(原文'她');揭阳中考状元;语127数144英145综256;录取北大光华
广东,2019,理,黎*,M,706,东莞东华高级中学,NA,0,0,清华计算机,录取清华计算机
广东,2019,文,张*,M,672,珠海一中,NA,0,0,北大光华,男(原文'他');语142数148英143综239;录取北大光华
广东,2020,理,刘*,M,716,广州六中,NA,0,0,清华,男(原文'他');清华强基考试总分第1;语133数147外145综291;录取清华
广东,2020,文,李*,M,665,潮阳实验学校,NA,0,0,清华法学,男(原文'他');录取清华法学
广东,2021,物理类,屈*,M,707,广东实验中学,NA,0,0,清华经管,3+1+2;语131数138外147物98化98生95;录取清华经管
广东,2021,历史类,周*,F,680,廉江实验学校,NA,0,0,北大光华,女(原文'她');3+1+2;选科史生政;录取北大光华
广东,2022,物理类,李*,M,709,广州二中,NA,0,0,清华,男(原文'他');3+1+2;语131数135英148物98化97生100;录取清华
广东,2022,历史类,南*,M,671,深圳中学,NA,0,0,北大元培,男(原文'他');3+1+2;选科史政地;录取北大元培
广东,2023,物理类,王*,M,712,珠海一中,NA,0,0,清华计算机,男(原文'他');3+1+2;珠海中考状元(600/605);语136数139英148物100化98生91;录取清华计算机
广东,2023,历史类,吴*,M,695,潮阳实验学校,NA,0,0,北大光华,男(原文'他');3+1+2;语131数138英146史93政92地95;录取北大光华
广东,2024,物理类,赖*,NA,706,化州一中附属实验学校,NA,0,0,清华计算机,3+1+2;复读生;并列;语139数137外145物99化94生92;录取清华计算机
广东,2024,物理类,刘*,M,706,广东实验中学,NA,0,0,清华计算机,3+1+2;并列;录取清华计算机
广东,2024,历史类,宋*,M,695,湛江一中,NA,0,0,北大,男(原文'他');3+1+2;语137数135英143史90化97生93;录取北大
广东,2025,物理类,王*,M,716,潮阳实验学校,NA,0,0,清华,男(原文'他');3+1+2;模考赋分721(原始713);语144数132英144物100化98生98;录取清华
广东,2025,历史类,袁*,F,686,广州二中,NA,0,0,北大考古文博,女(原文'她');3+1+2;录取北大考古文博
广东,2026,物理类,汤*,F,714,深圳中学,NA,0,0,NA,3+1+2;语132数147外143物98化97生97
广东,2026,历史类,黄*,NA,684,汕头金山中学,NA,0,0,NA,3+1+2;并列
广东,2026,历史类,吴*,NA,684,潮阳实验学校,NA,0,0,NA,3+1+2;并列
广西,2005,理,周*,NA,715,百色祈福高中,NA,0,1,NA,含加分;总分状元
广西,2005,理,冯*,F,708,柳州高中,NA,0,0,清华计算机,裸分状元;语132数134英146综296;录取清华计算机
广西,2005,文,何*,F,673,浔州高中,NA,0,1,NA,含加分;总分状元
广西,2005,文,董*,M,666,柳州高中,NA,0,0,NA,裸分状元
广西,2006,理,陈*,F,704,柳州高中,NA,0,1,NA,含加分20裸分684;并列
广西,2006,理,张*,NA,NA,广西师大附属外校,NA,0,0,NA,并列
广西,2006,文,伍*,NA,672,岑溪中学,NA,0,0,港中文工商管理,语132数150外146综244;录取港中文工商管理
广西,2007,理,张*,M,706,桂林中学,NA,0,1,NA,含加分20裸分686;数144
广西,2007,文,林*,NA,672,浦北中学,NA,0,1,NA,含加分20裸分652
广西,2008,理,青*,M,704,南宁二中,NA,0,1,NA,男(原文'他');含加分20裸分684;数144全省最高;模考均700+
广西,2008,文,黄*,NA,667,南宁三中,NA,0,1,NA,含加分20裸分647
广西,2009,理,黎*,F,717,南宁二中,NA,0,1,NA,含加分20裸分697
广西,2009,文,黄*,NA,649,南宁二中,NA,0,1,NA,含加分20裸分629
广西,2009,文,陈*,F,629,兴安中学,NA,0,0,NA,女(原文'她');裸分状元;文科数学全省单科第1;语124数146英144综215
广西,2010,理,王*,NA,704,桂林中学,NA,0,1,NA,含加分20裸分684;语119数137英147综281
广西,2010,文,谢*,NA,633,柳州地区民族高中,NA,0,1,NA,含加分20裸分613;总分状元
广西,2010,文,黄*,M,630,南宁二中,NA,0,0,NA,男(原文'他');裸分状元;北海中考状元;语127数120英148综235
广西,2011,理,林*,NA,709,南宁三中,NA,0,1,NA,含加分20裸分689;语122数146英143综278
广西,2011,文,刘*,NA,650,河池高中,NA,0,1,NA,含加分10裸分640
广西,2012,理,黄*,NA,722,百色高中,NA,0,1,NA,含加分20裸分702;语132数144外139综287
广西,2012,文,谭*,F,679,武鸣高中,NA,0,1,NA,含加分20裸分659;语141数129英143综246
广西,2013,理,莫*,NA,682,南宁三中,NA,0,1,NA,含加分20裸分662;总分状元;并列
广西,2013,理,张*,NA,682,南宁二中,NA,0,1,NA,含加分10裸分672;总分状元;并列
广西,2013,理,邓*,M,675,广西师大附属外校,NA,0,0,NA,裸分状元;数146英150
广西,2013,文,刘*,NA,653,柳州铁一中,NA,0,0,NA,
广西,2014,理,黄*,NA,718,南宁三中,NA,0,1,NA,含加分10裸分708;语140数138英147综283
广西,2014,文,吴*,NA,672,柳州铁一中,NA,0,1,NA,含加分5裸分667;语128数146英149综244
广西,2015,理,李*,NA,721,全州高中,NA,0,1,NA,含加分20裸分701;总分状元
广西,2015,理,周*,M,704,南宁三中,NA,0,0,NA,裸分状元
广西,2015,文,凌*,NA,672,柳州铁一中,NA,0,1,NA,含加分20裸分652;总分状元
广西,2015,文,王*,F,671,柳州高中,NA,0,0,北大,女(原文'她');裸分状元;文综全省单科第1;录取北大
广西,2016,理,覃*,NA,708,柳州高中,NA,0,1,NA,含加分5裸分703;语137数135英148综283
广西,2016,文,孟*,NA,680,恭城中学,NA,0,1,NA,含加分20裸分660;总分状元
广西,2016,文,张*,F,669,柳州铁一中,NA,0,0,北大,女(原文'她');裸分状元;语130数141外144综254;录取北大
广西,2017,理,方*,NA,704,南宁三中,NA,0,1,NA,含加分20裸分684;总分状元;语133数143英149综259
广西,2017,理,胡*,NA,700,南宁二中,NA,0,0,NA,裸分状元
广西,2017,文,韩*,F,681,南宁二中,NA,0,0,清华,女(原文'她');语137数139英144综261;录取清华
广西,2018,理,曾*,NA,709,平果高中,NA,0,1,NA,含加分10裸分699;语131数139外147综282
广西,2018,理,张*,NA,699,柳州高中,NA,0,0,NA,裸分状元
广西,2018,文,周*,NA,676,广西师大附属外校,NA,0,1,NA,含加分20裸分656;总分状元
广西,2018,文,禤*,F,666,南宁三中,NA,0,0,北大法学,裸分状元;录取北大法学
广西,2019,理,杨*,M,730,南宁二中,NA,0,0,清华人工智能学堂班,男(原文'他');语140数150英150综290;录取清华人工智能学堂班
广西,2019,文,卓*,F,689,柳州高中,NA,0,0,北大法学,女(原文'她');语142数148英144综255;录取北大法学
广西,2020,理,伍*,NA,719,玉林高中,NA,0,1,NA,含加分20裸分699;总分状元
广西,2020,理,董*,NA,712,广西师大附属外校,NA,0,0,NA,裸分状元
广西,2020,文,李*,F,675,柳州高中,NA,0,0,北大中文,女(原文'她');录取北大中文
广西,2021,理,蒙*,NA,728,南宁三中,NA,0,1,NA,含加分5裸分723;语133数150外147综293
广西,2021,文,韦*,NA,687,柳州铁一中,NA,0,1,NA,含加分5裸分682
广西,2021,文,陈*,NA,682,南宁三中,NA,0,0,北大光华,裸分状元;录取北大光华
广西,2022,理,邝*,M,715,北海民附学校,NA,0,1,清华交叉信息,含加分5裸分710;数150英149;录取清华交叉信息
广西,2022,文,莫*,F,706,南宁三中,NA,0,1,北大元培,女(原文'她');含加分7裸分699;语134数143外147综275;录取北大元培
广西,2023,理,秦*,NA,712,桂林国龙外国语学校,NA,0,0,清华交叉信息,语127数148英144综293;录取清华交叉信息
广西,2023,理,周*,NA,712,北海民附学校,NA,0,1,清华交叉信息,含加分7裸分705;总分状元;并列;录取清华交叉信息
广西,2023,文,孙*,F,689,南宁二中,NA,0,1,北大光华,女(原文'她');含加分3裸分686;语139数149外147综251;录取北大光华
广西,2024,物理类,孙*,M,707,百色高中,NA,0,1,清华计算机,男(原文'他');3+1+2;含加分7裸分700;总分状元;语139数136外147物88化96政94;录取清华计算机
广西,2024,物理类,朱*,M,702,武鸣高中,NA,0,0,北大,男(原文'他');3+1+2;裸分状元;语143数133外147物83化97生99;录取北大
广西,2024,历史类,莫*,F,698,河池高中,NA,0,1,北大,3+1+2;含加分15裸分683;总分状元;录取北大
广西,2024,历史类,邓*,F,696,柳州高中,NA,0,1,北大法学,女(原文'她');3+1+2;含加分3裸分693;裸分状元;语140数133外147史88政93地92;录取北大法学
广西,2025,物理类,黄*,M,704,玉林高中,NA,0,0,清华,男(原文'他');3+1+2;录取清华
广西,2025,历史类,黄*,F,675,南宁三中,NA,0,1,NA,3+1+2;含加分3裸分672;语136数133外144史73生91地95
广西,2026,物理类,郑*,NA,717,南宁三中,NA,0,0,NA,3+1+2
广西,2026,历史类,韦*,NA,688,柳州高中,NA,0,0,NA,3+1+2
宁夏,1962,文,陈*,NA,NA,吴忠中学,NA,0,0,北大历史,录取北大历史
宁夏,1980,文,刘*,NA,NA,银川一中,NA,0,0,北大法律,录取北大法律
宁夏,1981,文,某同学,NA,NA,银川一中,NA,0,0,北大中文,匿名;录取北大中文
宁夏,1986,理,宋*,M,NA,银川九中,NA,0,0,NA,
宁夏,1991,文,魏*,NA,NA,彭阳二中,NA,0,0,北大法律,录取北大法律
宁夏,1992,理,邵*,M,NA,银川九中,NA,0,0,NA,
宁夏,1994,理,郭*,NA,NA,银川九中,NA,0,0,NA,
宁夏,1995,理,高*,NA,NA,银川九中,NA,0,0,NA,
宁夏,1996,理,于*,NA,NA,恒力中学,NA,0,0,NA,
宁夏,1997,理,马*,NA,NA,银川九中,NA,0,0,NA,
宁夏,1998,理,张*,NA,NA,银川二中,NA,0,0,NA,
宁夏,1998,文,金*,NA,NA,NA,NA,0,0,NA,
宁夏,1999,理,刘*,M,679,固原一中,NA,0,0,清华,物理150;录取清华
宁夏,1999,文,殷*,F,NA,固原一中,NA,0,0,北大光华,录取北大光华
宁夏,2000,理,朱*,F,656,银川二中,NA,0,0,清华计算机,女(原文'她');语127数124英127物130化148;录取清华计算机
宁夏,2000,文,谈*,NA,614,唐徕回民中学,NA,0,0,北大,录取北大
宁夏,2001,理,赵*,M,NA,银川二中,NA,0,0,清华,录取清华
宁夏,2001,文,王*,NA,NA,唐徕回民中学,NA,0,0,北大光华,录取北大光华
宁夏,2002,理,段*,F,682,银川九中,NA,0,0,清华,女(原文'她');语136数139英140综267;录取清华
宁夏,2002,理,刘*,M,NA,银川二中,NA,0,0,NA,并列
宁夏,2002,文,刘*,F,611,唐徕回民中学,NA,0,0,北大,女(原文'她');并列;录取北大
宁夏,2002,文,王*,M,611,石嘴山矿务局一中,NA,0,0,北大,男(原文'他');并列;语121数129英125综236;录取北大
宁夏,2003,理,黄*,M,624,银川九中,NA,0,0,资格,并列;高考移民被取消录取资格
宁夏,2003,理,何*,M,624,海原中学,NA,0,0,清华电子,并列;录取清华电子
宁夏,2003,文,李*,F,NA,银川一中,NA,0,0,北大,女(原文'她');英139全区最高;录取北大
宁夏,2004,理,马*,M,707,银川二中,NA,0,0,清华计算机,语125数147英139综296;录取清华计算机
宁夏,2004,文,韩*,F,NA,银川一中,NA,0,0,北大,录取北大
宁夏,2005,理,马*,M,690,银川二中,NA,0,0,北大,男(原文'他');语126数136英138综290;录取北大
宁夏,2005,文,梁*,F,650,唐徕回民中学,NA,0,0,北大,女(原文'她');语133数121英143综253;录取北大
宁夏,2006,理,杜*,F,688,银川一中,NA,0,0,清华,女(原文'她');语131数135英140综282;录取清华
宁夏,2006,文,马*,M,648,唐徕回民中学,NA,0,1,北大,含加分20裸分628;总分状元;录取北大
宁夏,2006,文,万*,F,643,银川一中,NA,0,0,北大,女(原文'她');裸分状元;语127数120英138综258;录取北大
宁夏,2007,理,李*,M,682,银川一中,NA,0,0,北大,男(原文'他');语133数144外138综267;录取北大
宁夏,2007,文,邢*,F,662,银川二中,NA,0,0,北大光华,女(原文'她');语122数131英135综274;录取北大光华
宁夏,2008,理,来*,M,668,石嘴山三中,NA,0,0,清华,男(原文'他');语128数145英131综264;录取清华
宁夏,2008,文,陈*,M,632,石嘴山一中,NA,0,0,北大,男(原文'他');语125数115英143综249;录取北大
宁夏,2009,理,刘*,M,656,银川一中,NA,0,0,清华土木,男(原文'他');并列;语117数129英144综266;录取清华土木
宁夏,2009,理,杜*,M,656,银川一中,NA,0,0,北大元培,男(原文'他');并列;语109数137英138综272;录取北大元培
宁夏,2009,文,李*,F,639,银川二中,NA,0,0,北大光华,女(原文'她');语119数143外141综236;录取北大光华
宁夏,2010,理,范*,M,667,银川一中,NA,0,0,清华,男(原文'他');语130数139英141综257;录取清华
宁夏,2010,文,张*,F,620,银川一中,NA,0,0,北大,女(原文'她');语117数129英136综238;录取北大
宁夏,2011,理,冯*,M,680,银川一中,NA,0,0,北大物理,男(原文'他');语121数140英139综280;录取北大物理
宁夏,2011,文,沈*,NA,632,银川一中,NA,0,1,NA,含加分10裸分622;总分状元
宁夏,2011,文,乔*,M,629,中卫一中,NA,0,0,北大光华,男(原文'他');裸分状元;语127数144英133综225;录取北大光华
宁夏,2012,理,吕*,M,671,银川一中,NA,0,0,北大光华,男(原文'他');语125数131英143综272;录取北大光华
宁夏,2012,文,马*,M,632,银川一中,NA,0,0,北大,男(原文'他');语116数128英138综250;录取北大
宁夏,2013,理,王*,M,670,固原一中,NA,0,0,北大,男(原文'他');语121数138外145综266;录取北大
宁夏,2013,文,马*,NA,649,银川一中,NA,0,1,清华法学,含加分20裸分629;总分状元;录取清华法学
宁夏,2013,文,许*,F,642,银川一中,NA,0,0,清华,女(原文'她');裸分状元;语122数146英140综234;录取清华
宁夏,2014,理,黄*,NA,696,银川一中,NA,0,1,清华建筑,含加分20裸分676;总分状元;录取清华建筑
宁夏,2014,理,罗*,M,678,银川一中,NA,0,0,北大光华,男(原文'他');裸分状元;语120数136英143综279;录取北大光华
宁夏,2014,文,程*,NA,655,唐徕回民中学,NA,0,1,清华,含加分20裸分635;总分状元;录取清华
宁夏,2014,文,李*,NA,641,石嘴山三中,NA,0,0,清华,裸分状元;录取清华
宁夏,2015,理,何*,NA,691,银川一中,NA,0,0,清华,录取清华
宁夏,2015,文,马*,F,682,银川二中,NA,0,1,北大,女(原文'她');含加分20裸分662;银川中考状元;语113数150外140综259;录取北大
宁夏,2016,理,李*,F,696,银川二中,NA,0,0,清华,女(原文'她');语121数140英149综286;录取清华
宁夏,2016,文,田*,F,669,银川二中,NA,0,0,清华,女(原文'她');语118数144英145综262;录取清华
宁夏,2017,理,武*,NA,676,银川一中,NA,0,0,清华经管信管,录取清华经管信管
宁夏,2017,文,马*,NA,683,银川二中,NA,0,1,北大,含加分20裸分663;录取北大
宁夏,2018,理,廖*,M,698,银川一中,NA,0,0,北大元培,男(原文'他');并列;语126数144英143综285;录取北大元培
宁夏,2018,理,包*,F,698,银川一中,NA,0,0,清华,并列;录取清华
宁夏,2018,文,张*,F,661,银川一中,NA,0,1,北大,含加分20裸分641;总分状元;录取北大
宁夏,2018,文,张*,M,660,银川一中,NA,0,0,清华经管,"男(原文'他');裸分状元;复读生(原中卫中学,2017=608);录取清华经管"
宁夏,2019,理,赵*,M,697,银川一中,NA,0,1,清华交叉信息,男(原文'他');含加分10裸分687;语127数137英147综276;录取清华交叉信息
宁夏,2019,文,铁*,F,688,固原一中,NA,0,1,北大光华,女(原文'她');含加分20裸分668;语119数136外146综267;录取北大光华
宁夏,2020,理,苗*,M,703,银川一中,NA,0,0,清华,男(原文'他');语125数140英149综289;录取清华
宁夏,2020,文,马*,F,686,银川一中,NA,0,1,北大元培(中文),女(原文'她');含加分20裸分666;总分状元;语133数140英136综257;录取北大元培(中文)
宁夏,2020,文,钱*,M,672,银川一中,NA,0,0,北大光华,男(原文'他');裸分状元;语134数136英143综259;录取北大光华
宁夏,2021,理,赵*,F,674,银川一中,NA,0,0,北大光华,女(原文'她');语141;录取北大光华
宁夏,2021,文,马*,F,674,银川一中,NA,0,1,清华经管,女(原文'她');含加分10裸分664;总分状元;语132数146英143综243;录取清华经管
宁夏,2021,文,高*,F,672,银川二中,NA,0,0,北大光华,裸分状元;录取北大光华
宁夏,2022,理,蒋*,NA,693,银川一中,NA,0,1,北大元培,含加分10裸分683;录取北大元培
宁夏,2022,文,杨*,F,637,银川一中,NA,0,0,北大光华,女(原文'她');录取北大光华
宁夏,2023,理,杨*,M,678,银川一中,NA,0,0,清华交叉信息,男(原文'他');并列;录取清华交叉信息
宁夏,2023,理,刘*,M,678,石嘴山三中,NA,0,0,北大,并列;语139全区单科第1;录取北大
宁夏,2023,文,梁*,M,655,银川一中,NA,0,0,NA,
宁夏,2024,理,海*,NA,691,银川一中,NA,0,0,NA,语118数141外139综293
宁夏,2024,文,邵*,NA,662,银川二中,NA,0,0,北大光华,语124数142外132综264;录取北大光华
宁夏,2025,物理类,张*,NA,704,银川一中,NA,0,0,NA,3+1+2
宁夏,2025,历史类,陈*,NA,670,银川一中,NA,0,0,NA,3+1+2
宁夏,2026,物理类,邹同学,NA,710,银川一中,NA,0,0,NA,3+1+2;匿名化;语142数138外144物92化99生95
宁夏,2026,历史类,刘同学,NA,667,银川一中,NA,0,0,NA,3+1+2;匿名化;并列
宁夏,2026,历史类,陈*,NA,667,固原一中,NA,0,0,NA,3+1+2;并列
重庆,1998,理,邓*,F,684,万州中学,NA,0,0,北大,录取北大
重庆,1998,文,莫*,NA,665,西南大学附中,NA,0,0,北大经院,录取北大经院
重庆,1999,理,刘*,NA,695,西南大学附中,NA,0,0,北大数学,录取北大数学
重庆,1999,文,秦*,NA,NA,重庆一中,NA,0,0,中国传媒大学,并列;录取中国传媒大学
重庆,1999,文,刘*,F,NA,重庆外国语学校,NA,0,0,北大,并列;录取北大
重庆,2000,理,杨*,F,682,铜梁中学,NA,0,0,北大生物,女(原文'她');语132数138英117物146化149;录取北大生物
重庆,2000,文,郑*,M,652,重庆外国语学校,NA,0,0,北大经院,男(原文'他');并列;复读生(1999=567);语132数130英138政128史124;录取北大经院
重庆,2000,文,周*,NA,NA,合川中学,NA,0,0,上海交大,并列;录取上海交大
重庆,2001,理,周*,NA,694,铜梁中学,NA,0,0,北大物理,录取北大物理
重庆,2001,文,幸*,F,666,江津中学,NA,0,0,北大光华,录取北大光华
重庆,2002,理,李*,F,706,巴蜀中学,NA,0,0,清华工商管理,女(原文'她');语130数144外136综296;录取清华工商管理
重庆,2002,文,张*,F,680,巴蜀中学,NA,0,0,北大光华,女(原文'她');语140数144外139综257;录取北大光华
重庆,2003,理,陈*,M,688,重庆南开中学,NA,0,0,北大数学,男(原文'他');语130数148英136综274;录取北大数学
重庆,2003,文,王*,F,656,巴蜀中学,NA,0,0,北大光华,女(原文'她');语127数140英132综257;录取北大光华
重庆,2004,理,李*,F,719,重庆南开中学,NA,0,1,北大生科,女(原文'她');含加分20裸分699;语125数148英130综296;录取北大生科
重庆,2004,文,曾*,NA,651,重庆南开中学,NA,0,0,北大经院,铜梁中考状元;录取北大经院
重庆,2005,理,陈*,F,709,重庆南开中学,NA,0,0,清华数理基础,女(原文'她');语125数148英139综297;录取清华数理基础
重庆,2005,文,屈*,F,676,巴蜀中学,NA,0,0,北大政府管理学院,女(原文'她');语130数146外137综263;录取北大政府管理学院
重庆,2006,理,杨*,F,708,重庆南开中学,NA,0,1,北大,含加分;总分状元;录取北大
重庆,2006,理,曹*,M,697,重庆一中,NA,0,0,北大元培,男(原文'他');裸分状元;并列;语123数149英140综285;录取北大元培
重庆,2006,理,王*,M,697,重庆十八中,NA,0,0,清华建筑,裸分状元;并列;语129数143英138综287;录取清华建筑
重庆,2006,文,蔡*,F,683,巴蜀中学,NA,0,1,北大光华,女(原文'她');含加分10裸分673;语126数146英136综265;录取北大光华
重庆,2007,理,何*,M,703,巴蜀中学,NA,0,1,北大光华,男(原文'他');含加分20裸分683;总分状元;理综全市单科第1;语112数140英140综291;录取北大光华
重庆,2007,理,陈*,F,700,重庆南开中学,NA,0,0,清华建筑,女(原文'她');裸分状元;语118数150英143综289;录取清华建筑
重庆,2007,文,黄*,M,654,重庆外国语学校,NA,0,0,北大俄语,男(原文'他');语131数138外146综239;录取北大俄语
重庆,2008,理,何*,NA,720,重庆南开中学,NA,0,1,清华经管,含加分20裸分700;总分状元;录取清华经管
重庆,2008,理,刘*,F,706,重庆一中,NA,0,0,北大元培,女(原文'她');裸分状元;复读生;语129数141英139综297;录取北大元培
重庆,2008,文,刘*,F,666,重庆一中,NA,0,0,北大光华,女(原文'她');并列;语120数142外139综265;录取北大光华
重庆,2008,文,李*,M,666,万州二中,NA,0,0,清华经管,男(原文'他');并列;语117数144外142综263;录取清华经管
重庆,2009,理,周*,NA,705,重庆一中,NA,0,1,NA,含加分20裸分685;总分状元
重庆,2009,理,夏*,M,693,重庆南开中学,NA,0,0,清华经管,男(原文'他');裸分状元;复读生(2008=659);语123数144英137综289;录取清华经管
重庆,2009,文,李*,M,666,巴蜀中学,NA,0,1,北大光华,男(原文'他');含加分20裸分646;总分状元;并列;录取北大光华
重庆,2009,文,李*,NA,666,巴蜀中学,NA,0,1,北大光华,含加分20裸分646;总分状元;并列;录取北大光华
重庆,2009,文,任*,F,655,巴蜀中学,NA,0,0,北大光华,女(原文'她');裸分状元;并列;语127数130英136综262;录取北大光华
重庆,2009,文,陈*,M,655,重庆十一中,NA,0,0,北大元培(国发院),男(原文'他');裸分状元;并列;语120数140英137综258;录取北大元培(国发院)
重庆,2010,理,刘*,M,706,重庆一中,NA,0,1,清华临床医学,男(原文'他');含加分10裸分696;语134数140英139综283;录取清华临床医学
重庆,2010,文,唐*,M,693,梁平中学,NA,0,1,北大光华,男(原文'他');含加分10裸分683;总分状元;语128数145英139综271;录取北大光华
重庆,2010,文,阮*,M,688,重庆八中,NA,0,0,北大光华,男(原文'他');裸分状元;语122数146英142综278;录取北大光华
重庆,2011,理,孙*,M,700,重庆十一中,NA,0,1,北大元培,男(原文'他');含加分10裸分690;总分状元;语121数135英139综295;录取北大元培
重庆,2011,理,石*,NA,699,重庆八中,NA,0,0,清华经管,裸分状元;语127数139外141综292;录取清华经管
重庆,2011,文,罗*,F,687,巴蜀中学,NA,0,0,清华经管,女(原文'她');语126数150英139综272;录取清华经管
重庆,2012,理,李*,M,719,涪陵五中,NA,0,1,清华建筑,男(原文'他');含加分10裸分709;语129数150英144综286;录取清华建筑
重庆,2012,文,李*,M,681,重庆南开中学,NA,0,0,北大法学,男(原文'他');复读生(2011=638);语123数150英136综272;录取北大法学
重庆,2013,理,冯*,M,693,重庆南开中学,NA,0,0,北大光华,男(原文'他');语118数145英145综285;录取北大光华
重庆,2013,文,张*,F,685,重庆一中,NA,0,0,北大光华,女(原文'她');语129数146英139综271;录取北大光华
重庆,2014,理,王*,M,699,巴蜀中学,NA,0,1,北大光华,男(原文'他');含加分10裸分689;语123数150英136综280;录取北大光华
重庆,2014,文,胡*,NA,685,重庆南开中学,NA,0,0,北大中文,语128数146英142综269;录取北大中文
重庆,2015,理,张*,F,719,重庆南开中学,NA,0,0,清华建筑,女(原文'她');语140数146英142综291;录取清华建筑
重庆,2015,文,王*,F,706,巴蜀中学,NA,0,1,清华,女(原文'她');含加分10裸分696;总分状元;语126数144英148综278;录取清华
重庆,2015,文,刘*,M,704,巴蜀中学,NA,0,0,北大光华,男(原文'他');裸分状元;语129数150英146综279;录取北大光华
重庆,2016,理,郑*,F,720,重庆一中,NA,0,0,清华新雅,女(原文'她');语131数150英147综292;录取清华新雅
重庆,2016,文,唐*,F,661,重庆一中,NA,0,0,北大元培(国发院),女(原文'她');一诊698.5;语125数148外147综241;录取北大元培(国发院)
重庆,2017,理,杨*,M,716,巴蜀中学,NA,0,0,清华钱学森力学班,男(原文'他');语131数146外147综292;录取清华钱学森力学班
重庆,2017,文,刘*,F,671,巴蜀中学,NA,0,0,北大光华,女(原文'她');语124数149英146综252;录取北大光华
重庆,2018,理,谢*,M,706,巴蜀中学,NA,0,0,清华计算机,男(原文'他');语123数150英146综287;录取清华计算机
重庆,2018,文,项*,F,659,巴蜀中学,NA,0,0,北大中文,"开州区,与谢恩泽小学同班;语121数145英141综252;录取北大中文"
重庆,2019,理,刘*,M,714,重庆南开中学,NA,0,0,清华计算机,男(原文'他');语130数149外149综286;录取清华计算机
重庆,2019,文,王*,F,686,巴蜀中学,NA,0,0,北大光华,女(原文'她');语130数147外147综262;录取北大光华
重庆,2020,理,谢*,F,726,重庆八中,NA,0,0,北大元培(心理学),女(原文'她');中考状元727.5/750;语136数149外148综293;录取北大元培(心理学)
重庆,2020,文,刘*,F,686,重庆南开中学,NA,0,0,北大元培(法学),女(原文'她');语136数148外144综258;录取北大元培(法学)
重庆,2021,物理类,刘*,F,722,重庆八中,NA,0,1,北大元培(法学),女(原文'她');3+1+2;含加分10裸分712;总分状元;选科物化生;录取北大元培(法学)
重庆,2021,物理类,何*,NA,714,重庆南开中学,NA,0,0,清华计算机,3+1+2;裸分状元;选科物化生;录取清华计算机
重庆,2021,历史类,吴*,F,693,重庆八中,NA,0,0,北大元培,女(原文'她');3+1+2;中考状元727.5/750;选科史化地;录取北大元培
重庆,2021,历史类,冉*,M,693,重庆南开中学,NA,0,1,北大元培(历史学),男(原文'他');3+1+2;含加分10裸分683;总分状元;选科史化政;录取北大元培(历史学)
重庆,2022,物理类,蔡*,F,694,重庆南开中学,NA,0,0,清华电子信息,3+1+2;合川中考状元;二诊717.5全市第一;选科物化生;录取清华电子信息
重庆,2022,历史类,赵*,F,689,重庆南开中学,NA,0,0,北大光华,3+1+2;一诊690.5/二诊699.5全市第一;选科史生政;录取北大光华
重庆,2023,物理类,刘*,NA,703,重庆八中,NA,0,0,北大元培,3+1+2;选科物化生;录取北大元培;2023情况存疑
重庆,2023,历史类,陈*,NA,679,巴蜀中学,NA,0,0,北大,3+1+2;录取北大;2023情况存疑
重庆,2024,物理类,杨*,NA,716,重庆南开中学,NA,0,0,北大,3+1+2;并列;录取北大;两人并列已确认
重庆,2024,物理类,刘*,NA,716,重庆南开中学,NA,0,0,北大,3+1+2;并列;录取北大;两人并列已确认
重庆,2024,历史类,(佚名),NA,NA,巴蜀中学,NA,0,0,NA,3+1+2;姓名不详;存疑
重庆,2025,物理类,(不详),NA,NA,NA,NA,0,0,NA,3+1+2;状元不详
重庆,2025,历史类,王**,NA,NA,重庆十一中,NA,0,0,NA,3+1+2;部分匿名化
福建,2002,理,崔*,F,697,福州八中,NA,0,0,北大,女(原文'她');语131数144英139综283;录取北大
福建,2002,文,邱*,F,662,福州一中,NA,0,0,北大,女(原文'她');语115数137英135综275;录取北大
福建,2003,理,高*,F,670,南平一中,NA,0,0,清华计算机,女(原文'她');语132数138英143综257;录取清华计算机
福建,2003,文,黄*,F,651,泉州五中,NA,0,0,北大,女(原文'她');语132数121英140综258;录取北大
福建,2004,理,郑*,F,720,厦门外国语学校,NA,0,1,清华经管,女(原文'她');含加分20裸分700;总分状元;录取清华经管
福建,2004,理,李*,F,704,厦门双十中学,NA,0,0,清华,女(原文'她');裸分状元;并列;语126数139英147综292;录取清华
福建,2004,理,李*,M,704,厦门英才学校,NA,0,0,清华,男(原文'他');裸分状元;并列;复读生(2003=570+);语119数149英143综293;录取清华
福建,2004,文,黄*,M,676,厦门外国语学校,NA,0,1,北大光华,男(原文'他');含加分20裸分656;总分状元;语121数140英138综256;录取北大光华
福建,2004,文,吴*,F,674,泉州五中,NA,0,0,复旦国贸,女(原文'她');裸分状元;语128数148英144综254;录取复旦国贸
福建,2005,理,朱*,M,679,晋江养正中学,NA,0,0,清华,男(原文'他');语127数146英128综278;录取清华
福建,2005,文,谢*,M,643,龙海一中,NA,0,0,北大元培,男(原文'他');复读生(2004=630+);语118数142英131综252;录取北大元培
福建,2006,理,郭*,F,688,福州一中,NA,0,0,北大,女(原文'她');语131数141英139综277;录取北大
福建,2006,文,曾*,M,673,泉州七中,NA,0,0,北大,男(原文'他');复读生(2005=590+);语130数147英141综255;录取北大
福建,2007,理,应*,F,715,厦门一中,NA,0,1,NA,含加分20裸分695;总分状元
福建,2007,理,陈*,F,702,漳州一中,NA,0,0,北大,女(原文'她');裸分状元;语138数134英143综287;录取北大
福建,2007,文,罗*,F,661,尤溪一中,NA,0,0,北大,女(原文'她');语132数146英138综245;录取北大
福建,2008,理,吴*,F,674,永定一中,NA,0,0,北大,女(原文'她');语117数137英143综277;录取北大
福建,2008,文,何*,M,662,福州一中,NA,0,0,北大,男(原文'他');语129数143英131综259;录取北大
福建,2009,理,蒋*,F,713,厦门外国语学校,NA,0,1,港大,女(原文'她');含加分20裸分693;总分状元;语129数135英141综288;录取港大
福建,2009,理,程*,F,702,武平一中,NA,0,0,清华,女(原文'她');裸分状元;语138数135英137综292;录取清华
福建,2009,文,方*,F,678,武平一中,NA,0,1,北大,女(原文'她');含加分20裸分658;总分状元;语121数132英140综265;录取北大
福建,2009,文,陈*,F,674,福建师大附中,NA,0,0,清华,女(原文'她');裸分状元;语132数143英136综263;录取清华
福建,2010,理,骆*,F,691,厦门一中,NA,0,1,港大,女(原文'她');含加分10裸分681;总分状元;语137数139英136综269;录取港大
福建,2010,理,黄*,F,686,泉州七中,NA,0,0,港大,女(原文'她');裸分状元;语140数129英140综277;录取港大
福建,2010,文,伊*,F,659,平潭一中,NA,0,1,港中文,女(原文'她');含加分10裸分649;总分状元;录取港中文
福建,2010,文,龚*,M,654,厦门双十中学,NA,0,0,北大,男(原文'他');裸分状元;语122数121英144综267;录取北大
福建,2011,理,谢*,F,721,厦门外国语学校,NA,0,0,清华,女(原文'她');语138数150英146综287;录取清华
福建,2011,文,杨*,F,678,漳州一中,NA,0,1,北大,女(原文'她');含加分10裸分668;语134数149外141综244;录取北大
福建,2012,理,吴*,F,701,泉州五中,NA,0,1,清华,女(原文'她');含加分10裸分691;总分状元;并列;语129数138英142综282;录取清华
福建,2012,理,曾*,M,701,厦门外国语学校,NA,0,1,清华,男(原文'他');含加分10裸分691;总分状元;并列;语125数135英147综284;录取清华
福建,2012,理,陈*,M,691,厦门外国语学校,NA,0,0,清华,裸分状元;并列;语118数137英144综292;录取清华
福建,2012,理,刘*,M,691,福州一中,NA,0,0,清华,男(原文'他');裸分状元;并列;语124数139英140综288;录取清华
福建,2012,文,张*,F,677,泉州五中,NA,0,1,北大,女(原文'她');含加分10裸分667;语120数147英139综261;录取北大
福建,2013,理,彭*,M,701,龙岩一中,NA,0,0,清华,男(原文'他');语125数146英141综289;录取清华
福建,2013,文,秦*,F,660,厦门外国语学校,NA,0,1,清华,女(原文'她');含加分10裸分650;总分状元;语121数130英142综257;录取清华
福建,2013,文,卢*,F,653,福州一中,NA,0,0,清华,女(原文'她');裸分状元;语125数135英143综250;录取清华
福建,2014,理,张*,M,700,泉州五中,NA,0,1,北大,男(原文'他');含加分10裸分690;总分状元;录取北大
福建,2014,理,林*,M,692,福州一中,NA,0,0,清华,男(原文'他');裸分状元;语122数144英144综282;录取清华
福建,2014,文,林*,M,676,泉州五中,NA,0,1,北大,男(原文'他');含加分10裸分666;总分状元;并列;录取北大
福建,2014,文,叶*,F,676,龙岩一中,NA,0,1,北大,女(原文'她');含加分10裸分666;总分状元;并列;录取北大
福建,2014,文,江*,NA,671,惠安一中,NA,0,0,北大光华,裸分状元;语131数146英144综250;录取北大光华
福建,2015,理,郑*,NA,704,永春一中,NA,0,1,NA,含加分10裸分694;总分状元
福建,2015,理,姜*,M,703,厦门英才学校,NA,0,0,清华,男(原文'他');裸分状元;语128数145英139综291;录取清华
福建,2015,文,丁*,F,663,连江一中,NA,0,0,清华,女(原文'她');语126数141外143综253;录取清华
福建,2016,理,黄*,M,701,厦门外国语学校,NA,0,0,清华经金国际班,男(原文'他');语122数149英139综291;录取清华经金国际班
福建,2016,文,陈*,F,651,福州一中,NA,0,0,北大,女(原文'她');语133数138英143综237;录取北大
福建,2017,理,陈*,NA,692,厦门一中,NA,0,0,清华物理,语117数140外146综289;录取清华物理
福建,2017,文,温*,M,643,厦门外国语学校,NA,0,0,清华新雅,男(原文'他');语118数148外144综233;录取清华新雅
福建,2018,理,黄*,NA,708,漳州实验中学,NA,0,0,清华,语130数147英148综283;录取清华
福建,2018,文,黄*,NA,687,晋江养正中学,NA,0,0,北大,语134数148外150(满分)综255;录取北大
福建,2019,理,林*,M,701,三明一中,NA,0,0,北大数学,男(原文'他');语131数143外144综283;录取北大数学
福建,2019,文,詹*,F,674,永安一中,NA,0,0,北大中文,女(原文'她');语133数143英147综251;录取北大中文
福建,2020,理,罗*,NA,711,永安一中,NA,0,0,清华交叉信息,三明中考状元;高一高二就读厦门双十;语134数148英145综284;录取清华交叉信息
福建,2020,文,林*,F,668,厦门双十中学,NA,0,0,北大元培,女(原文'她');语142数133英145综248;录取北大元培
福建,2021,物理类,钱*,NA,712,泉州实验中学,NA,0,0,北大元培(通用人工智能),3+1+2;语133数143外146物100化96政94;录取北大元培(通用人工智能)
福建,2021,历史类,范*,F,682,泉州五中,NA,0,0,北大元培(社会学),女(原文'她');3+1+2;语137数130英142史82政98地93;录取北大元培(社会学)
福建,2022,物理类,黄*,M,703,福州一中,NA,0,0,北大元培,3+1+2;数142;选科物化生;录取北大元培
福建,2022,历史类,郭*,NA,696,泉州五中,NA,0,0,北大元培,3+1+2;泉州中考状元;语137数139外149史83政93地95;录取北大元培
福建,2023,物理类,方*,NA,710,厦门双十中学,NA,0,0,北大元培,3+1+2;选科物化生;录取北大元培
福建,2023,历史类,王*,F,693,泉州五中,NA,0,0,北大元培,女(原文'她');3+1+2;语137数130外148史86政98地94;录取北大元培
福建,2024,物理类,王*,F,719,厦门一中,NA,0,0,北大元培,女(原文'她');3+1+2;语136数141外147物97化98生100;录取北大元培
福建,2024,历史类,方*,NA,679,厦门英才学校,NA,0,0,北大元培,"3+1+2;复读生:原厦门一中物化生,复读时物理改历史;语132数133外143史78化95生98;录取北大元培"
福建,2024,历史类,康*,NA,679,厦门外国语学校,NA,0,0,清华新雅,3+1+2;并列;选科史生政;外语为法语;录取清华新雅
福建,2025,物理类,刘*,M,705,厦门双十中学,NA,0,0,北大元培,男(原文'他');3+1+2;英语全省第1;语132数138英149物97化94生95;录取北大元培
福建,2025,历史类,林*,M,696,泉州五中,NA,0,0,北大元培,男(原文'他');3+1+2;语137数136英145史84化95政99;录取北大元培
福建,2026,物理类,赵*,NA,705,厦门一中,NA,0,0,NA,3+1+2;语134数140外145物93化96生97
福建,2026,历史类,王*,NA,688,厦门英才学校,NA,0,0,NA,3+1+2;英语149全省最高;复读生(原厦门双十);选科史政地
陕西,2002,理,史*,NA,704,陕西师大附中,NA,0,0,北大金融,语142数145英141综276;录取北大金融
陕西,2002,文,李*,NA,645,宝鸡中学,NA,0,0,北大,语128数115英124综277;录取北大
陕西,2003,理,孙*,M,685,西安交大附中,NA,0,0,清华,男(原文'他');语128数139英138综280;录取清华
陕西,2003,文,薛*,M,691,西安八十六中,NA,0,0,NA,语131数138英140综282
陕西,2003,外,徐*,NA,661,陕西师大附中,NA,0,0,NA,文科外语类状元;语130数130英140综261
陕西,2004,理,郭*,F,715,西工大附中,NA,0,0,清华建筑,女(原文'她');语144数135英139综297;录取清华建筑
陕西,2004,文,陈*,F,689,镇安中学,NA,0,0,NA,语133数142英132综282
陕西,2004,外,张*,F,688,铜川一中,NA,0,0,NA,文科外语类状元;语132数140英139综277
陕西,2005,理,冯*,M,729,西安博迪中学,NA,0,0,清华理学院,男(原文'他');复读生(2004=675);语141数150英141综297;录取清华理学院
陕西,2005,文,谢*,F,686,西工大附中,NA,0,0,北大,女(原文'她');语136数149英132综269;录取北大
陕西,2006,理,闫*,F,711,西安高新一中,NA,0,0,北大,女(原文'她');语133数146英141综291;录取北大
陕西,2006,文,孙*,F,685,西安高级中学,NA,0,0,北大,女(原文'她');语129数145英146综265;录取北大
陕西,2007,理,陈*,M,709,城固一中,NA,0,0,清华,男(原文'他');语127数150英142综290;录取清华
陕西,2007,文,张*,F,672,西安高新一中,NA,0,0,NA,语136数146英144综246
陕西,2008,理,罗*,M,702,西安高新一中,NA,0,0,清华,男(原文'他');语137数149英128综288;录取清华
陕西,2008,文,郭*,F,693,西工大附中,NA,0,0,NA,语138数149英140综266
陕西,2009,理,李*,NA,710,西安高新一中,NA,0,0,清华,录取清华
陕西,2009,文,王*,F,668,西工大附中,NA,0,0,北大,语137数148英143综240;录取北大
陕西,2010,理,南*,F,712,西安高新一中,NA,0,0,清华建筑,女(原文'她');并列;语141数148英148综275;录取清华建筑
陕西,2010,理,夜*,M,712,西安高新一中,NA,0,0,清华,男(原文'他');并列;语139数148英144综281;录取清华
陕西,2010,文,王*,NA,681,西安高新一中,NA,0,0,NA,语142数143英138综258
陕西,2011,理,李*,F,709,勉县一中,NA,0,0,北大元培,女(原文'她');语134数149英135综291;录取北大元培
陕西,2011,文,范*,NA,687,西安高新一中,NA,0,0,NA,语141数150英143综253
陕西,2012,理,毛*,F,712,西工大附中,NA,0,0,清华,女(原文'她');语137数150外145综280;录取清华
陕西,2012,文,张*,F,688,西安高新一中,NA,0,0,NA,语132数150英142综264
陕西,2013,理,王*,M,714,西安高新一中,NA,0,0,清华,男(原文'他');语138数149英145综282;录取清华
陕西,2013,文,高*,F,671,西安高新一中,NA,0,0,北大,女(原文'她');语131数145英147综248;录取北大
陕西,2014,理,李*,M,717,西安交大附中,NA,0,0,清华,男(原文'他');语131数149外146综291;录取清华
陕西,2014,文,苏*,F,684,延安中学,NA,0,0,北大光华工商管理,女(原文'她');语134数145英144综261;录取北大光华工商管理
陕西,2015,理,霍*,F,729,西安铁一中,NA,0,0,清华经管,语140数150英146综293;录取清华经管
陕西,2015,文,孙*,M,658,西工大附中,NA,0,0,清华经管,男(原文'他');语131数144英149综234;录取清华经管
陕西,2016,理,成*,M,721,西工大附中,NA,0,0,清华,男(原文'他');并列;语129数144英149综299;录取清华
陕西,2016,理,王*,F,721,西工大附中,NA,0,0,北大,女(原文'她');并列;语132数149英144综296;录取北大
陕西,2016,文,陈*,NA,691,西安铁一中,NA,0,0,NA,
陕西,2017,理,郑*,M,719,西安高新一中,NA,0,0,清华交叉信息,语125数146英149综299;录取清华交叉信息
陕西,2017,文,向*,NA,696,西安高新一中,NA,0,0,清华,语138数142英147综269;录取清华
陕西,2018,理,邱*,NA,712,西安高新一中,NA,0,0,清华,并列;语125数148英144综295;录取清华
陕西,2018,理,杨*,NA,712,西安高新一中,NA,0,0,北大物理,并列;语119数150英145综298;录取北大物理
陕西,2018,文,李*,F,690,西安铁一中,NA,0,0,北大光华,女(原文'她');语126数149英146综269;录取北大光华
陕西,2019,理,聂*,M,723,西工大附中,NA,0,0,清华钱学森力学班,男(原文'他');语130数150英148综295;录取清华钱学森力学班
陕西,2019,文,李*,M,697,西安铁一中,NA,0,0,清华经管,男(原文'他');语134数147外140综276;录取清华经管
陕西,2020,理,强*,M,725,西安高新一中,NA,0,0,清华行健书院(理论与应用力学),语137数150外150综288;录取清华行健书院(理论与应用力学)
陕西,2020,文,杨*,NA,700,西安高新一中,NA,0,0,北大光华,录取北大光华
陕西,2021,理,罗*,M,727,西安高新一中,NA,0,0,清华新雅,男(原文'他');西安中考状元;语142数150外148综287;录取清华新雅
陕西,2021,文,刘*,NA,698,西安高新一中,NA,0,0,北大元培,录取北大元培
陕西,2022,理,张*,NA,723,西安铁一中,NA,0,0,北大物理,语137数145外149综292;录取北大物理
陕西,2022,文,颜*,NA,676,西安高新一中,NA,0,0,清华新雅,语133数145外146综252;录取清华新雅
陕西,2023,理,杨*,NA,721,西工大附中,NA,0,0,北大元培(微电子),并列;语141数141英143综296;录取北大元培(微电子)
陕西,2023,理,陶*,NA,721,西工大附中,NA,0,0,清华,并列;录取清华
陕西,2023,理,李*,M,721,西工大附中,NA,0,0,清华交叉信息,并列;语135数146英147综293;录取清华交叉信息
陕西,2023,理,卢*,F,721,西工大附中,NA,0,0,清华新雅,女(原文'她');并列;语133数150英142综296;录取清华新雅
陕西,2023,文,高*,F,688,西安高新一中,NA,0,0,清华经管,女(原文'她');语134数148外140综266;录取清华经管
陕西,2024,理,赵*,NA,724,西安高新一中,NA,0,0,清华交叉信息,语134数146外146综298;录取清华交叉信息
陕西,2024,文,刘*,M,673,西安高新一中,NA,0,0,北大元培,录取北大元培
陕西,2025,物理类,袁*,NA,723,西工大附中,NA,0,0,NA,3+1+2
陕西,2025,历史类,杨*,NA,697,西安铁一中,NA,0,0,北大元培,3+1+2;分数存疑;录取北大元培
陕西,2026,物理类,周同学,NA,728,西工大附中,NA,0,0,NA,3+1+2;消息存疑;匿名化
陕西,2026,历史类,许同学,NA,688,西安高新一中,NA,0,0,NA,3+1+2;消息存疑;匿名化
海南,2006,文,叶*,F,882,海南中学,NA,0,0,北大,标准分900制;录取北大
海南,2006,理,于*,NA,NA,海南中学,NA,0,0,NA,标准分900制
海南,2007,文,林*,NA,NA,琼海嘉积中学,NA,0,0,NA,标准分900制
海南,2007,理,陈*,NA,NA,琼海嘉积中学,NA,0,0,清华建筑,标准分900制;录取清华建筑
海南,2008,文,曾*,F,NA,NA,NA,0,0,NA,标准分900制;报考北大
海南,2008,理,黄*,NA,NA,海南国科园实验学校,NA,0,0,清华(后保研清华),标准分900制;录取清华(后保研清华)
海南,2009,文,陈*,F,NA,海南中学,NA,0,0,北大元培,标准分900制;录取北大元培
海南,2010,文,邓*,NA,889,海南中学,NA,0,0,北大光华,标准分900制;录取北大光华
海南,2010,理,王*,NA,939,澄迈中学,NA,0,0,NA,标准分制(2010年起含会考加成?)
海南,2011,文,王*,NA,890,文昌中学,NA,0,0,NA,标准分900制
海南,2011,理,刘*,F,900,海南中学,NA,0,0,NA,标准分900制
海南,2012,文,郑*,NA,891,文昌中学,NA,0,0,NA,标准分900制
海南,2012,理,周*,NA,900,海南华侨中学,NA,0,0,NA,标准分900制
海南,2013,文,李*,F,930,海南华侨中学,NA,0,0,NA,女(原文明确标注);标准分制含会考加成
海南,2013,理,何*,F,938,海南华侨中学,NA,0,0,NA,女(原文明确标注);标准分制含会考加成
海南,2014,文,吴*,F,NA,海南华侨中学,NA,0,0,NA,标准分制
海南,2014,理,寇*,F,NA,海南中学,NA,0,0,NA,标准分制
海南,2015,文,孙*,F,894,海南中学,NA,0,0,NA,标准分制
海南,2015,理,何*,NA,900,海南中学,NA,0,0,NA,标准分制
海南,2016,文,宋*,F,NA,海南中学,NA,0,0,NA,女(原文明确标注);标准分制
海南,2016,理,云*,F,NA,海南中学,NA,0,0,NA,女(原文明确标注);标准分制
海南,2017,文,李*,M,930,海南中学,NA,0,0,NA,男(原文明确标注);标准分制
海南,2017,理,邢*,F,939,海南中学,NA,0,0,NA,女(原文明确标注);标准分制
海南,2018,理,陈*,M,NA,海南侨中,NA,0,0,NA,标准分制
海南,2018,文,颜*,NA,NA,农垦实验中学,NA,0,0,NA,标准分制
海南,2019,理,廖*,F,NA,海南中学,NA,0,0,NA,标准分制
海南,2019,文,蒙*,NA,NA,海南中学,NA,0,0,NA,标准分制
海南,2022,不分,陈*,NA,900,海南中学,NA,0,0,清华计算机,3+3新高考;满分并列;录取清华计算机
海南,2022,不分,许*,M,900,海南中学,NA,0,0,北大物理,3+3新高考;满分并列;录取北大物理
海南,2022,不分,简*,M,900,海口一中,NA,0,0,NA,3+3新高考;满分并列;网传信息
海南,2023,不分,谭*,M,900,海南中学,NA,0,0,北大化学类,3+3新高考;满分;选科物化生;录取北大化学类
海南,2023,不分,于*,NA,900,海南中学,NA,0,0,NA,3+3新高考;满分;选科物化
海南,2024,不分,庄*,NA,900,海口一中,NA,0,0,清华,3+3;满分;标准分:语300数280英271物260化282生264;录取清华
海南,2024,不分,连*,NA,900,海口中学,NA,0,0,清华,3+3;满分并列;录取清华
海南,2024,不分,胡*,NA,900,海南中学,NA,0,0,清华,3+3;满分并列;录取清华
海南,2025,不分,张*,NA,900,海南中学,NA,0,0,北大数学,3+3;满分;录取北大数学
海南,2025,不分,李*,M,900,海南中学,NA,0,0,清华计算机与金融双学位,3+3;满分;录取清华计算机与金融双学位
海南,2025,不分,蔡*,F,900,海南中学,NA,0,0,NA,3+3;满分
