province,school,year,track,top_gender,top_score,note
河南,民权高中,1985,理,M,,录取清华；性别=初筛确认(2026-08-09)
河南,开封二十五中,1985,文,M,,性别=初筛确认(2026-08-09)
河南,信阳高中,1986,理,NA,641,
河南,罗山高中,1986,文,M,584,性别=初筛确认(2026-08-09)
河南,信阳高中,1986,外,NA,556,文科外语类状元
河南,信阳高中,1988,理,NA,622,并列
河南,开封高中,1988,理,M,,并列；性别=初筛确认(2026-08-09)
河南,舞钢一高,1988,文,NA,,
河南,开封高中,1989,理,NA,,
河南,柘城一高,1990,理,NA,,
河南,驻马店高中,1990,文,M,,并列;录取人大国际金融；性别=初筛确认(2026-08-09)
河南,禹州一高,1990,文,M,507,并列；性别=初筛确认(2026-08-09)
河南,淮滨高中,1990,外,NA,,文科外语类状元
河南,洛阳一高,1991,理,NA,622,姓名未公开;录取北大无线电
河南,邓州一高,1991,文,NA,546,
河南,偃师高中,1992,理,NA,637,
河南,新乡一中,1993,理,NA,602,
河南,洛阳一高,1993,理,NA,,并列;姓名未公开
河南,舞钢一高,1993,文,M,,录取北大；性别=初筛确认(2026-08-09)
河南,信阳高中,1994,理,NA,900,标准分900制;录取清华自动控制;并列
河南,清丰一高,1994,理,M,900,标准分900制;录取清华;并列；性别=初筛确认(2026-08-09)
河南,新乡一中,1994,理,NA,900,标准分900制;并列
河南,孟津一高,1994,文,NA,900,标准分900制;并列
河南,郑州外国语学校,1994,文,NA,900,标准分900制;并列
河南,郑州外国语学校,1994,外,F,,文科外语类状元；性别=初筛确认(2026-08-09)
河南,临颍一高,1995,理,NA,900,标准分900制;并列
河南,洛阳一高,1995,理,M,900,标准分900制;并列；性别=初筛确认(2026-08-09)
河南,温县一高,1995,理,M,900,标准分900制;并列;录取清华土木建筑；性别=初筛确认(2026-08-09)
河南,许昌二高,1995,文,F,900,标准分900制;并列；性别=初筛确认(2026-08-09)
河南,光山二高,1995,文,F,900,标准分900制;并列；性别=初筛确认(2026-08-09)
河南,新密实验高中,1996,理,NA,900,标准分900制
河南,信阳四高,1996,文,NA,900,标准分900制;并列
河南,浚县一中,1996,文,NA,900,标准分900制;并列;录取北大
河南,河南大学附中,1996,文,NA,900,标准分900制;并列
河南,新郑一中,1997,理,NA,900,标准分900制;并列
河南,鲁山一高,1997,理,NA,900,标准分900制;并列
河南,濮阳油田一中,1997,文,NA,900,"标准分900制;注:知乎旧版误标理科,以原文修正为文科"
河南,新郑一中,1997,文,NA,900,标准分900制
河南,新乡一中,1998,理,F,900,标准分900制;并列；性别=初筛确认(2026-08-09)
河南,信阳高中,1998,理,M,900,标准分900制;并列;录取北大计算机；性别=初筛确认(2026-08-09)
河南,潢川高中,1998,理,M,900,标准分900制;并列；性别=初筛确认(2026-08-09)
河南,遂平一高,1998,文,NA,900,标准分900制;并列;录取武大法学
河南,长葛一高,1998,文,F,900,标准分900制;并列;录取北大；性别=初筛确认(2026-08-09)
河南,开封高中,1999,理,NA,900,标准分900制;并列;当年原始分最高:理681文627
河南,柘城一高,1999,理,NA,900,标准分900制;并列;录取清华化学
河南,内乡高中,1999,理,M,900,标准分900制;并列；性别=初筛确认(2026-08-09)
河南,内黄一中,1999,理,NA,900,标准分900制;并列
河南,新乡一中,1999,理,NA,900,标准分900制;并列
河南,平顶山实验高中,1999,文,M,900,标准分900制；性别=初筛确认(2026-08-09)
河南,项城一高,2000,理,M,900,标准分900制;复读生(1999=729);原始分691;语793数855英824物780化755;录取北大计算机；性别=初筛确认(2026-08-09)
河南,洛阳理工学院附中,2000,理,F,900,标准分900制;语815数895英750物691化873;录取清华自动化;并列；性别=初筛确认(2026-08-09)
河南,辉县一中,2000,理,NA,900,标准分900制;语851数794英766物848化678;录取北大计算机;并列
河南,新乡一中,2000,理,F,900,标准分900制;女(原文'她');14岁;语698数802英837物822化774;录取清华生物;并列
河南,濮阳县三中,2000,文,F,900,标准分900制;女(原文'她');原始分635(语118数138英137政116史126);录取北大经济学院;并列
河南,邓州一高,2000,文,NA,900,标准分900制;并列
河南,信阳高中,2001,综,NA,559,3+大综合;含加分20裸分539;总分状元;录取清华
河南,南阳二中,2001,综,M,543,3+大综合;男(原文'他');裸分状元;大综合139;录取北大天文
河南,濮阳油田一中,2001,综,NA,543,3+大综合;裸分状元并列
河南,社旗一高,2002,综,F,686,3+大综合;女(原文'她');语140数144英136综266;录取清华计算机
河南,开封高中,2002,综,NA,,3+大综合;并列
河南,郑州一零一中学,2003,综,NA,697,3+大综合;含加分20裸分677;总分状元;录取北大光华
河南,杞县高中,2003,综,M,680,3+大综合;男(原文'他');裸分状元;语123数139英133综285;录取清华计算机
河南,信阳高中,2004,理,M,739,男(原文'他');含加分20裸分719;语124数148英147综300;录取清华生命科学
河南,项城一高,2004,文,NA,681,语130数147英138综266
河南,河南省实验中学,2005,理,M,708,含加分20裸分688;语116数144英148综280；性别=初筛确认(2026-08-09)
河南,驻马店高中,2005,文,F,662,女(原文'她');语127数138英143综254;录取北大元培
河南,新郑二中分校,2006,理,M,692,语121数150英138综283；性别=初筛确认(2026-08-09)
河南,濮阳油田一中,2006,文,NA,680,语118数145英139综278
河南,淮阳中学,2007,理,NA,712,含加分20裸分692;总分状元
河南,安阳一中,2007,理,F,705,女(原文'她');裸分状元;语138数146英138综283;录取北大
河南,洛阳一高,2007,文,F,667,女(原文'她');语127数150英142综248;录取北大
河南,项城三高,2008,理,M,698,语131数142外144综281；性别=初筛确认(2026-08-09)
河南,北大附中河南分校,2008,文,F,667,女(原文'她');复读生(2007=611);语130数129英146综262;录取北大元培
河南,开封高中,2009,理,F,705,含加分20裸分685;总分状元;录取清华
河南,禹州一高,2009,理,M,693,男(原文'他');裸分状元;复读生(2008=621);语117数143英142综291;录取清华
河南,开封高中,2009,文,NA,657,含加分20裸分637;总分状元;录取北大
河南,新郑一中分校,2009,文,F,648,女(原文'她');裸分状元;复读生;语128数142英143综235;录取清华
河南,洛阳东方高中,2010,理,M,681,含加分20裸分661;总分状元;语118数135英139综269；性别=初筛确认(2026-08-09)
河南,濮阳油田一中,2010,理,M,678,男(原文'他');裸分状元;语117数135英143综283;录取清华计算机
河南,罗山高中,2010,文,F,645,语116数144英139综246；性别=初筛确认(2026-08-09)
河南,固始慈济高中,2011,理,M,720,含加分20裸分700;总分状元;语123数149外138综290；性别=初筛确认(2026-08-09)
河南,濮阳油田一中,2011,理,NA,707,裸分状元;语119数144外146综298;录取清华
河南,开封高中,2011,文,NA,680,含加分20裸分660;总分状元;录取清华
河南,郸城一高,2012,理,NA,716,含加分20裸分696;语127数142英139综288;录取清华
河南,林州一中,2012,文,NA,673,语137数136外141综259
河南,淮阳中学,2013,理,NA,684,语128数148英138综270;录取清华电子工程
河南,内黄一中,2013,文,NA,658,含加分20裸分638
河南,开封高中,2014,理,F,706,女(原文'她');语138数139英148综281;录取北大
河南,漯河高中,2014,文,NA,665,含加分10裸分655;总分状元;录取北大光华
河南,郑州外国语学校,2014,文,NA,662,裸分状元;录取北大光华
河南,太康一高,2015,理,NA,704,
河南,扶沟高中,2015,文,NA,638,
河南,南阳一中,2016,理,M,709,语124数144英144综297；性别=初筛确认(2026-08-09)
河南,南阳一中,2016,文,M,660,语130数141英145综244；性别=初筛确认(2026-08-09)
河南,临颍一高,2017,理,M,703,语129数143英146综285；性别=初筛确认(2026-08-09)
河南,西峡一高,2017,文,F,676,女(原文'她');录取北大光华
河南,郸城一高,2018,理,F,707,女(原文'她');复读生(原郑州一中);语128数148英142综289
河南,南阳一中,2018,文,F,689,女(原文'她');语127数147英142综273;录取北大光华
河南,郑州外国语学校,2019,理,F,702,并列;录取清华自动化与工业工程；性别=初筛确认(2026-08-09)
河南,焦作宇华实验学校,2019,理,NA,702,并列;语138数137英144综283;录取清华新雅
河南,信阳二高,2019,文,M,663,语135数141英134综253；性别=初筛确认(2026-08-09)
河南,固始高中,2020,理,M,724,男(原文'他');并列;语136数147英147综294;录取清华计算机与金融双学位
河南,郑州外国语学校,2020,理,F,724,并列;语137数145外144综298;录取北大元培；性别=初筛确认(2026-08-09)
河南,荥阳高中,2020,文,F,679,女(原文'她');语133数144英146综256;录取北大艺术学院
河南,开封高中,2021,理,M,732,男(原文'他');含加分5裸分727;语134数149英149综295;录取清华交叉信息研究院
河南,开封高中,2021,文,M,689,男(原文'他');语139数149英147综254;录取清华新雅
河南,洛阳一高,2022,理,M,709,男(原文'他');语139数141英146综283;录取清华自动化
河南,郑州外国语学校,2022,文,F,675,女(原文'她');语133数136外146综260;录取北大光华
河南,南阳一中,2023,理,NA,718,语140数143英142综293;录取北大元培
河南,林州一中,2023,文,F,693,女(原文'她');语139数150英141综263;录取清华新雅
河南,林州一中,2024,理,M,721,男(原文'他');语141数141外142综297;录取清华计算机
河南,信阳高中,2024,文,F,687,女(原文'她');复读生(2022年考入上交后退学);语140数123英145综279
河南,开封高中,2025,物理类,F,724,女(搜狐报道确认);语140数150外141物98化99生96;录取北大元培;新高考3+1+2
河南,济源一中,2025,历史类,F,697,语132数136英145史86政98地100;录取清华;新高考3+1+2；性别=初筛确认(2026-08-09)
河南,郸城一高,2026,物理类,NA,718,语134数145外145物99化97生98
河南,信阳高中,2026,历史类,NA,695,语138数126外147史92政96地96
甘肃,兰州一中,1984,理,NA,,录取清华
甘肃,兰州一中,1984,文,NA,,录取复旦
甘肃,兰州一中,1986,外,NA,,文科外语类最高分;录取北大
甘肃,兰州一中,1987,文,NA,,录取复旦
甘肃,兰州一中,1988,文,NA,,录取北京第二外国语学院
甘肃,兰州一中,1989,文,NA,,录取对外经济贸易大学
甘肃,兰炼一中,1996,理,NA,,录取清华
甘肃,兰州一中,1997,理,F,,录取清华；性别=初筛确认(2026-08-09)
甘肃,靖远矿务局一中,1999,理,M,677,录取北大元培；性别=初筛确认(2026-08-09)
甘肃,白银公司二中,1999,文,NA,,录取北大
甘肃,兰铁一中,2000,理,NA,669,录取清华电子工程
甘肃,会宁一中,2000,文,NA,607,录取北大法学
甘肃,兰州一中,2001,理,M,692,录取清华；性别=初筛确认(2026-08-09)
甘肃,酒钢三中,2001,文,NA,638,录取北大法学
甘肃,白银十中,2002,理,NA,683,录取清华
甘肃,酒钢三中,2002,文,F,652,录取北大；性别=初筛确认(2026-08-09)
甘肃,兰州一中,2003,理,NA,677,录取北大
甘肃,皋兰一中,2003,文,NA,643,录取北大
甘肃,张掖中学,2004,理,F,711,录取中科大；性别=初筛确认(2026-08-09)
甘肃,临洮中学,2004,文,NA,683,录取北大工商管理
甘肃,兰州二中,2005,理,M,703,录取清华工商管理类；性别=初筛确认(2026-08-09)
甘肃,陇东中学,2005,文,NA,668,录取人大
甘肃,兰州一中,2006,理,NA,702,录取清华
甘肃,酒钢三中,2006,文,M,664,录取北大；性别=初筛确认(2026-08-09)
甘肃,会宁二中,2007,理,M,711,录取清华；性别=初筛确认(2026-08-09)
甘肃,皋兰一中,2007,文,F,670,录取人大；性别=初筛确认(2026-08-09)
甘肃,庄浪一中,2008,理,NA,698,录取清华
甘肃,嘉峪关一中,2008,文,NA,658,
甘肃,天水一中,2009,理,NA,690,录取清华
甘肃,临夏中学,2009,文,NA,622.5,录取清华金融系
甘肃,西北师大附中,2010,理,F,685,录取清华；性别=初筛确认(2026-08-09)
甘肃,民乐一中,2010,文,NA,620,并列;录取清华经管
甘肃,酒钢三中,2010,文,NA,620,并列;录取北大光华
甘肃,西北师大附中,2010,文,NA,620,并列;录取北大光华
甘肃,天水一中,2011,理,NA,685,录取清华
甘肃,兰州一中,2011,文,F,648,录取北大；性别=初筛确认(2026-08-09)
甘肃,天水九中,2012,理,M,695,含加分10裸分685;录取清华建筑；性别=初筛确认(2026-08-09)
甘肃,兰州一中,2012,文,NA,637,并列;录取清华经管
甘肃,西北师大附中,2012,文,F,637,并列;女(eol报道'留着短发的女孩');录取港大
甘肃,西北师大附中,2013,理,NA,674,录取清华
甘肃,西北师大附中,2013,文,NA,642,录取北大元培;别名'祁萧'
甘肃,西北师大附中,2014,理,F,687,并列;录取北大；性别=初筛确认(2026-08-09)
甘肃,庆阳一中,2014,理,M,687,并列;录取北大；性别=初筛确认(2026-08-09)
甘肃,西北师大附中,2014,文,NA,646,录取清华
甘肃,民乐一中,2015,理,NA,676,录取清华
甘肃,西北师大附中,2015,文,F,660,录取北大；性别=初筛确认(2026-08-09)
甘肃,通渭一中,2016,理,F,690,并列;录取清华医学实验班；性别=初筛确认(2026-08-09)
甘肃,西北师大附中,2016,理,M,690,并列;录取北大；性别=初筛确认(2026-08-09)
甘肃,西北师大附中,2016,理,NA,690,并列;录取清华
甘肃,白银十中,2016,文,F,638,录取北大；性别=初筛确认(2026-08-09)
甘肃,兰州一中,2017,理,NA,691,录取清华钱学森力学班
甘肃,西北师大附中,2017,文,NA,654,录取北大
甘肃,定西一中,2018,理,NA,691,录取清华经管
甘肃,平凉一中,2018,文,F,643,录取北大；性别=初筛确认(2026-08-09)
甘肃,西北师大附中,2019,理,M,694,并列;录取北大元培；性别=初筛确认(2026-08-09)
甘肃,西北师大附中,2019,理,NA,694,并列;录取清华
甘肃,西北师大附中,2019,文,M,666,录取北大；性别=初筛确认(2026-08-09)
甘肃,西北师大附中,2020,理,NA,704,录取清华经管
甘肃,民乐一中,2020,文,F,686,录取清华经管；性别=初筛确认(2026-08-09)
甘肃,西北师大附中,2021,理,M,693,录取清华；性别=初筛确认(2026-08-09)
甘肃,天水一中,2021,文,NA,666,录取北大
甘肃,西北师大附中,2022,理,M,674,录取清华；性别=初筛确认(2026-08-09)
甘肃,兰州衡文中学,2022,文,F,637,复读;录取北大文科试验班；性别=初筛确认(2026-08-09)
甘肃,西北师大附中,2023,理,M,696,性别=初筛确认(2026-08-09)
甘肃,兰炼一中,2023,文,NA,655,录取北大元培
甘肃,武威一中,2024,物理类,NA,702,录取清华
甘肃,北师大庆阳实验学校,2024,历史类,NA,677,录取北大元培
甘肃,平凉一中,2025,物理类,NA,683,
甘肃,敦煌中学,2025,历史类,NA,690,录取北大
甘肃,武威一中,2026,物理类,NA,706,
甘肃,武威一中,2026,历史类,F,683,性别=初筛确认(2026-08-09)
湖南,安仁一中,1977,文,NA,,录取北大历史系考古
湖南,怀化三中,1979,理,NA,,录取中科大
湖南,湘潭市一中,1980,理,NA,,录取北大数学
湖南,岳阳县一中,1981,理,M,,录取北大；性别=初筛确认(2026-08-09)
湖南,益阳箴言中学,1983,理,NA,,录取清华
湖南,邵东三中,1983,文,NA,,录取北大
湖南,益阳箴言中学,1984,理,M,,并列;录取清华；性别=初筛确认(2026-08-09)
湖南,新邵一中,1984,理,M,,并列;录取北大；性别=初筛确认(2026-08-09)
湖南,湖南师大附中,1984,文,M,,录取北大；性别=初筛确认(2026-08-09)
湖南,沅江一中,1985,理,NA,616,
湖南,湘潭十一中,1985,文,NA,519,录取北大
湖南,隆回一中,1985,外,NA,547,文科外语类状元;录取复旦中文
湖南,武冈二中,1986,理,M,,录取清华现代物理应用；性别=初筛确认(2026-08-09)
湖南,涟源五中,1986,文,NA,,录取北师大
湖南,临湘一中,1987,理,NA,,录取中科大
湖南,安仁一中,1988,文,F,,女(原文'她');录取北大
湖南,临澧太浮镇中学,1989,理,NA,,录取中科大
湖南,耒阳二中,1989,文,NA,,录取北大
湖南,冷水江一中,1990,理,NA,,
湖南,冷水江一中,1990,文,NA,,
湖南,邵东三中,1991,理,NA,,录取北大
湖南,汨罗一中,1992,理,NA,660,录取清华
湖南,岳阳县一中,1992,文,NA,,并列;录取北大
湖南,汨罗一中,1992,文,M,,并列;录取人大；性别=初筛确认(2026-08-09)
湖南,桂阳三中,1993,文,NA,,并列;录取南京政治学院
湖南,绥宁一中,1993,文,NA,,并列
湖南,醴陵一中,1994,理,NA,675,并列
湖南,岳阳县一中,1994,理,NA,,并列;录取清华
湖南,醴陵一中,1994,文,M,613,性别=初筛确认(2026-08-09)
湖南,涟源一中,1995,理,NA,675,录取清华
湖南,岳阳县一中,1995,文,M,,录取北大；性别=初筛确认(2026-08-09)
湖南,长沙一中,1996,理,F,657,女(原文'她');录取清华建筑
湖南,新化一中,1996,文,NA,,录取北大社会学
湖南,郴州一中,1997,理,F,,录取清华自动化；性别=初筛确认(2026-08-09)
湖南,冷水江一中,1997,文,M,,录取北大；性别=初筛确认(2026-08-09)
湖南,桃江一中,1998,理,NA,,录取清华
湖南,益阳箴言中学,1998,文,M,641,录取北大；性别=初筛确认(2026-08-09)
湖南,株洲二中,1999,理,NA,705,录取清华
湖南,郴州一中,1999,文,NA,,录取北大
湖南,长郡中学,2000,理,M,685,男(原文'他');语113数140英139物147化146;录取清华计算机
湖南,慈利一中,2000,文,F,675,含加分;总分状元;录取北大；性别=初筛确认(2026-08-09)
湖南,澧县一中,2000,文,F,651,女(原文'她');裸分状元;语137数136外128政126史124;录取北大经院
湖南,湘潭大学子弟学校,2000,外,M,638,男(原文'他');语116数136英136政130史120;录取北大外国语德语
湖南,衡阳八中,2001,理,NA,688,录取清华
湖南,衡东一中,2001,文,F,668,女(原文'她');录取北大光华
湖南,涟源一中,2002,理,NA,719,含加分20裸分699;总分状元;录取清华
湖南,华容一中,2002,理,M,703,男(原文'他');裸分状元;语126数146外137综294;录取北大
湖南,湘乡一中,2002,文,NA,666,语130数134外133综269;录取北大
湖南,桃源一中,2003,理,M,689,含加分30裸分659;总分状元；性别=初筛确认(2026-08-09)
湖南,涟源行知中学,2003,理,M,661,男(原文'他');裸分状元;语121数144英126综270;录取清华
湖南,湘潭县一中,2003,文,F,696,女(原文'她');含加分10裸分686;语132数148外134综272;录取北大
湖南,桑植一中,2004,理,M,723,男(原文'他');含加分30裸分693;语127数142英132综292;录取清华电子
湖南,长郡中学,2004,文,M,697,男(原文'他');含加分10裸分687;语120数149英142综276;录取北大
湖南,常宁一中,2005,理,M,716,男(原文'他');含加分20裸分696;语127数139英138综292;录取清华数理基础
湖南,湘西民族中学,2005,文,F,701,女;含加分20裸分681;总分状元;录取北大元培
湖南,衡阳实验中学,2005,文,M,682,男(原文'他');裸分状元;语118数146英136综282;录取北大光华
湖南,郴州一中,2006,理,M,707,男(原文'他');含加分20裸分687;语128数141英139综279;录取北大
湖南,怀化铁一中,2006,文,F,696,女;含加分20裸分676;总分状元;录取北大
湖南,雅礼中学,2006,文,F,692,女(原文'她');裸分状元;语127数140英139综286;录取清华外语
湖南,湖南师大附中,2007,理,F,707,女(原文'她');含加分20裸分687;语126数144外137综280;录取清华
湖南,湖南师大附中,2007,文,F,673,女;含加分20裸分653;总分状元;录取北大
湖南,长郡中学,2007,文,F,658,女(原文'她');裸分状元;语122数136英132综268;录取北大
湖南,长郡中学,2007,文,F,658,女(原文'她');裸分状元并列;语134数129英140综255;录取港大
湖南,郴州一中,2008,理,M,709,含加分20裸分689;录取北大；性别=初筛确认(2026-08-09)
湖南,湘西民族中学,2008,文,F,687,女(原文'她');含加分20裸分667;语130数141英134综262;录取北大
湖南,慈利一中,2009,理,F,702,女(原文'她');含加分20裸分682;语125数139英142综276;录取清华
湖南,怀化铁一中,2009,文,NA,672,含加分20裸分652;总分状元
湖南,石门一中,2009,文,NA,654,裸分状元;录取北大
湖南,湖南师大附中,2010,理,NA,710,含加分20裸分690;总分状元;录取清华
湖南,雅礼中学,2010,理,F,695,女(原文'她');裸分状元;语121数142英144综288;录取北大
湖南,岳阳市一中,2010,文,NA,670,含加分15裸分655;总分状元;录取清华
湖南,常德芷兰实验学校,2010,文,F,657,女(原文'她');裸分状元;语134数140外140综243;录取清华法学
湖南,同升湖实验学校,2011,理,F,717,女(原文'她');含加分20裸分697;复读生(2010=610);语130数133英146综288;录取港大;总分状元
湖南,石门一中,2011,理,M,708,男(原文'他');含加分5裸分703;裸分状元;语131数141英142综289;录取清华
湖南,长沙一中,2011,文,F,675,女(原文'她');含加分20裸分655;总分状元;语127数133英143综252;录取港大
湖南,湘西民族中学,2011,文,F,675,女;含加分20裸分655;总分状元并列;录取北大
湖南,长郡中学,2011,文,M,666,男(原文'他');裸分状元;语126数140英144综256;录取北大元培
湖南,长沙一中,2012,理,M,705,男(原文'他');含加分20裸分685;语116数132英143综294;录取清华电子
湖南,长沙一中,2012,文,F,682,女(原文'她');含加分20裸分662;总分状元;录取港大
湖南,雅礼中学,2012,文,F,665,女(原文'她');裸分状元;语116数138英141综270;录取清华经管
湖南,雅礼中学,2013,理,NA,704,含加分20裸分684;录取清华
湖南,耒阳正源中学,2013,理,M,684,男(原文'他');裸分状元;语115数141英143综285;录取清华
湖南,湘钢一中,2013,文,NA,682,含加分20裸分662;语124数145英142综251;录取北大光华
湖南,安乡一中,2014,理,M,723,男(原文'他');含加分15裸分708;语126数142英146综294;录取清华
湖南,吉首一中,2014,文,M,691,含加分20裸分671;总分状元;录取北大；性别=初筛确认(2026-08-09)
湖南,衡阳八中,2014,文,F,684,女(原文'她');裸分状元;录取清华外文
湖南,湖南师大附中,2015,理,M,718,男(原文'他');语133数148英147综290;录取清华
湖南,桑植一中,2015,文,F,680,含加分20裸分660;语134数135外146综245;录取北大；性别=初筛确认(2026-08-09)
湖南,长郡中学,2016,理,M,708,男(原文'他');含加分20裸分688;总分状元;语118数140英139综291;录取北大
湖南,邵东一中,2016,理,M,704,男(原文'他');裸分状元;语124数140英147综293;录取北大光华
湖南,永顺一中,2016,文,F,666,女(原文'她');含加分20裸分646;总分状元;语120数134英139综253;录取清华
湖南,浏阳田家炳实验中学,2016,文,F,655,女(原文'她');裸分状元;语122数141英143综249;录取北大
湖南,双峰一中,2017,理,M,703,男(原文'他');语129数147英141综286;录取清华
湖南,会同一中,2017,文,NA,683,含加分10裸分673;总分状元;语128数142外135综268
湖南,浏阳一中,2017,文,F,681,女(原文'她');裸分状元;语132数144英142综263;录取北大
湖南,澧县一中,2017,文,NA,681,裸分状元并列;录取北大
湖南,湘西民族中学,2018,理,M,716,男(原文'他');含加分20裸分696;总分状元;录取清华自动化
湖南,永州四中,2018,理,M,713,男(原文'他');裸分状元;语125数149英145综294;录取清华计算机
湖南,雅礼中学,2018,文,F,701,女(原文'她');语135数150英148综268;录取清华新雅(社会学)
湖南,常德一中,2019,理,F,702,女(原文'她');语125数144外141综292;录取清华
湖南,雅礼中学,2019,文,NA,681,并列;语126数145英146综264;录取北大
湖南,澧县一中,2019,文,NA,681,并列;数144综270;录取北大
湖南,文郡洋沙湖中学,2020,理,M,718,男(原文'他');含加分20裸分698;复读生;总分状元;录取清华
湖南,长郡中学,2020,理,M,710,男(原文'他');裸分状元;语132数147英143综288;录取北大
湖南,鼎城一中,2020,文,M,707,男(原文'他');含加分20裸分687;语131数139英148综269;录取清华新雅
湖南,长沙一中,2021,物理类,F,700,女(原文'她');语130数137英150物92化95生96;录取北大元培(通用人工智能)
湖南,怀化三中,2021,历史类,NA,683,含加分20裸分663;总分状元;选科史化生;录取北大光华
湖南,慈利一中,2021,历史类,F,681,女(原文'她');含加分10裸分671;裸分状元;语138数124外142史86政91地90;录取北大光华
湖南,桑植一中,2022,物理类,M,703,男(原文'他');含加分20裸分683;总分状元;语126数137外138物89化97生96;录取清华计算机
湖南,衡阳八中,2022,物理类,F,698,男(原文'他');裸分状元;语125数142英142物93化99生97;录取清华工业工程
湖南,会同一中,2022,历史类,NA,672,含加分20裸分652;总分状元;选科史政地
湖南,湖南师大二附中,2022,历史类,F,659,"女(原文'她');裸分状元;复读生(2021考入华中科大,2021八省联考历史类第1);语124数118外143史83政93地98;录取北大光华"
湖南,长郡中学,2023,物理类,M,717,男(原文'他');语133数146外146物98化99生95;录取北大元培(通用人工智能)
湖南,冷水江一中,2023,历史类,M,686,语127数139英145史88政93地94;录取清华新雅；性别=初筛确认(2026-08-09)
湖南,永州四中,2024,物理类,NA,720,语137数142外148物98化98生97;录取清华自动化
湖南,长郡中学,2024,历史类,NA,682,录取北大
湖南,雅礼中学,2025,物理类,NA,719,语142数139外150物93化98生97
湖南,靖州一中,2025,历史类,F,686,含加分10裸分676;总分状元;语135数130英144史82政92地93；性别=初筛确认(2026-08-09)
湖南,长郡中学,2025,历史类,NA,685,裸分状元;语133数134英143史85生96政94
湖南,桑植一中,2026,物理类,M,711,含加分10裸分701;总分状元；性别=初筛确认(2026-08-09)
湖南,衡阳八中,2026,物理类,NA,709,裸分状元;语127数144外144物97化100生97
湖南,桃源一中,2026,历史类,F,688,并列；性别=初筛确认(2026-08-09)
湖南,益阳一中,2026,历史类,M,688,并列；性别=初筛确认(2026-08-09)
黑龙江,哈师大附中,1981,理,NA,,
黑龙江,佳木斯一中,1981,文,NA,,
黑龙江,牡丹江十五中,1982,理,F,,性别=初筛确认(2026-08-09)
黑龙江,哈尔滨二十四中,1982,文,NA,,
黑龙江,哈师大附中,1983,理,F,,并列；性别=初筛确认(2026-08-09)
黑龙江,龙江一中,1983,理,NA,,并列
黑龙江,哈师大附中,1984,理,NA,,
黑龙江,哈师大附中,1984,文,NA,,
黑龙江,肇东一中,1987,理,NA,,姓名未公开
黑龙江,哈尔滨六中,1987,文,NA,580,
黑龙江,鸡西一中,1989,文,M,,性别=初筛确认(2026-08-09)
黑龙江,讷河一中,1990,理,NA,,
黑龙江,七台河高中,1990,文,NA,,
黑龙江,齐齐哈尔中学,1992,理,NA,,姓名未公开
黑龙江,黑河一中,1993,理,NA,,
黑龙江,哈师大附中,1993,文,NA,,
黑龙江,哈尔滨六中,1994,理,NA,,
黑龙江,宁安朝鲜族中学,1994,文,NA,640,语140政110史119
黑龙江,哈尔滨三中,1995,理,NA,,
黑龙江,佳木斯一中,1995,文,M,,性别=初筛确认(2026-08-09)
黑龙江,齐齐哈尔中学,1996,理,NA,,姓名未公开
黑龙江,哈尔滨六中,1996,文,NA,,
黑龙江,绥芬河高级中学,1997,理,M,,性别=初筛确认(2026-08-09)
黑龙江,哈尔滨三中,1997,文,NA,,
黑龙江,望奎一中,1998,理,M,692,男(原文'他');东北三省理科状元;录取北大
黑龙江,尚志朝鲜族中学,1998,文,NA,,
黑龙江,绥滨一中,1999,理,M,,男(原文'他');录取清华
黑龙江,哈尔滨三中,1999,文,F,661,录取北大经院；性别=初筛确认(2026-08-09)
黑龙江,肇东一中,2000,理,M,685,男(原文'他');语128数135英135物140化147;录取清华自动化
黑龙江,大庆实验中学,2000,文,F,641,女(原文'她');语120数136英144政129史112;录取北大经院;并列
黑龙江,哈尔滨三中,2000,文,NA,,并列
黑龙江,牡丹江一中,2001,理,NA,689,语143数141英132综273
黑龙江,哈尔滨三中,2001,文,F,662,女(原文'她');录取北大光华
黑龙江,哈尔滨三中,2002,理,F,711,女(原文'她');语126数145英140综300;录取清华经管
黑龙江,尚志朝鲜族中学,2002,文,F,668,女(原文'她');语137数142英130综259;录取北大
黑龙江,哈尔滨三中,2003,理,M,679,男(原文'他');录取清华电子信息
黑龙江,哈尔滨三中,2003,文,F,662,女(原文'她');录取北大光华
黑龙江,大庆一中,2004,理,F,693,女(原文'她');录取清华建筑
黑龙江,海林朝鲜族中学,2004,文,F,650,性别=初筛确认(2026-08-09)
黑龙江,佳木斯一中,2005,理,F,703,女(原文'她');并列;录取北大光华
黑龙江,佳木斯一中,2005,理,M,703,男(原文'他');并列;语138数136英135综294;录取北大元培
黑龙江,大庆铁人中学,2005,理,NA,703,并列
黑龙江,鸡西一中,2005,文,M,676,男(原文'他');语126数142英133综275;录取北大光华
黑龙江,哈师大附中,2006,理,NA,712,录取清华生命科学
黑龙江,佳木斯一中,2006,文,F,673,录取北大光华；性别=初筛确认(2026-08-09)
黑龙江,哈尔滨三中,2007,理,F,718,女(原文'她');并列;语138数146英141综293;录取清华经管
黑龙江,佳木斯一中,2007,理,M,718,并列;语134数149外140综295;录取清华；性别=初筛确认(2026-08-09)
黑龙江,尚志朝鲜族中学,2007,文,M,667,男(原文'他');语134数147外138综248;录取北大公共管理
黑龙江,大庆一中,2008,理,NA,715,语133数146英145综291;录取港大
黑龙江,佳木斯一中,2008,文,F,663,女(原文'她');复读生(2007=607);录取南大英语
黑龙江,哈尔滨三中,2009,理,M,716,男(原文'他');16岁;语128数149外144综295;录取港大精算
黑龙江,佳木斯一中,2009,文,M,653,男(原文'他');语129数146外137综241;录取北大元培
黑龙江,哈尔滨三中,2010,理,NA,702,并列;语120数147英144综291;录取北大光华
黑龙江,哈尔滨三中,2010,理,M,702,男(原文'他');并列;语134数145英138综285;录取清华化学
黑龙江,牡丹江一中,2010,文,NA,667,语129数147英139综252;录取北大光华
黑龙江,大庆实验中学,2011,理,M,710,男(原文'他');语125数141英145综299;录取清华电子信息
黑龙江,哈尔滨三中,2011,文,NA,681,语132数144英144综261;录取北大中文
黑龙江,哈师大附中,2012,理,M,705,男(原文'他');语126数146英139综294;录取清华电机
黑龙江,牡丹江一中,2012,文,F,667,女(原文'她');语135数142英139综251;录取北大光华
黑龙江,大庆实验中学,2013,理,F,701,女(原文'她');并列;语124数150英139综288;录取清华建筑
黑龙江,大庆一中,2013,理,NA,701,并列;录取清华建筑
黑龙江,大庆实验中学,2013,文,F,663,女(原文'她');复读生;比全省第2名高23分;语139数150外145综229;录取北大法学
黑龙江,北安一中,2014,理,M,716,男(原文'他');四次高考(高二试考+应届+复读两次);语130数147英149综290;录取北大物理
黑龙江,牡丹江一中,2014,文,M,687,语136数147外143综261;录取清华；性别=初筛确认(2026-08-09)
黑龙江,大庆实验中学,2015,理,M,708,男(原文'他');语129数145英144综290;录取清华医学试验班
黑龙江,哈尔滨三中,2015,文,M,661,男(原文'他');语129数145外139综248;录取北大法学
黑龙江,鹤岗一中,2016,理,M,709,男(原文'他');语122数147英149综291;录取清华
黑龙江,大庆实验中学,2016,文,M,655,男(原文'他');语125数150英149综231;录取北大哲学
黑龙江,哈尔滨三中,2017,理,M,712,男(原文'他');语134数147英140综291;录取清华
黑龙江,哈尔滨三中,2017,文,F,648,女(原文'她');语126数142英144综236;录取北大经院国贸
黑龙江,鹤岗一中,2018,理,M,701,男(原文'他');语130数150外141综280;录取北大
黑龙江,哈尔滨朝鲜族一中,2018,文,F,652,女(原文'她');语142数139外138综233;录取北大光华
黑龙江,佳木斯一中,2018,文,M,649,男(原文'他');汉语言文科状元;语120数139外139综251;录取北大光华
黑龙江,哈尔滨德强高中,2019,理,F,707,女(原文'她');从鸡西一中转学;语125数146英143综293;录取清华交叉信息
黑龙江,牡丹江一中,2019,文,M,672,男(原文'他');语135数144英145综248;录取清华经管
黑龙江,佳木斯一中,2020,理,M,724,男(原文'他');语133数150英148综293;录取清华电子信息
黑龙江,大庆实验中学,2020,文,F,677,女(原文'她');语135数150英149综243;录取北大
黑龙江,哈尔滨德强高中,2021,理,NA,706,录取北大光华
黑龙江,牡丹江一中,2021,文,F,682,女(原文'她');语142数146外144综250;录取清华经管
黑龙江,大庆实验中学,2022,理,M,708,男(原文'他');语128数142外147综291;录取清华计算机
黑龙江,大庆铁人中学,2022,文,F,667,女(原文'她');比全省第2名高22分;语135数145外144综243;录取北大元培
黑龙江,哈尔滨德强高中,2023,理,M,714,男(原文'他');语131数150外144综289;录取清华交叉信息
黑龙江,伊春一中,2023,文,M,648,男(原文'他');语132数142外144综230;录取北大光华
黑龙江,哈尔滨德强高中,2024,物理类,M,731,男(原文'他');语143数147外145物96化100生100;录取北大元培(物理)
黑龙江,哈尔滨德强高中,2024,历史类,NA,691,并列;选科史政地;录取北大元培
黑龙江,佳木斯一中,2024,历史类,F,691,女(原文'她');并列;录取清华新雅
黑龙江,牡丹江一中,2024,历史类,F,691,女(原文'她');并列;语139数134外140史89政98地91;录取清华新雅
黑龙江,哈尔滨三中,2025,物理类,F,716,女(原文'她');录取清华自强书院
黑龙江,哈师大附中,2025,历史类,NA,681,语128数132外142史85政97地97
黑龙江,哈尔滨三中,2026,物理类,NA,711,语135数143外140物96化97生100
黑龙江,牡丹江一中,2026,历史类,M,692,性别=初筛确认(2026-08-09)
北京,和平街二中,1977,文,F,,女(原文'她');录取北大新闻;并列
北京,北师大附中,1977,文,NA,,并列;录取北大历史
北京,北京四中,1980,文,NA,473,
北京,北京一零一中学,1981,理,NA,,
北京,北京三十五中,1981,文,M,,男(原文'他');并列;录取北大经院国经
北京,北京四中,1981,文,NA,,并列
北京,北京二中,1983,文,NA,,
北京,北师大附属实验中学,1984,理,NA,,录取北大计算机
北京,北京二中,1984,文,M,,男(原文'他');录取北大光华
北京,北师大附中,1985,理,NA,620,
北京,北京二中,1985,文,M,566,性别=初筛确认(2026-08-09)
北京,北京二十六中,1985,外,M,559,外语类状元;并列；性别=初筛确认(2026-08-09)
北京,外语附校,1985,外,NA,559,外语类状元;并列
北京,北京十二中,1986,理,M,657,性别=初筛确认(2026-08-09)
北京,汇文中学,1987,文,F,,性别=初筛确认(2026-08-09)
北京,北京四中,1990,理,M,,性别=初筛确认(2026-08-09)
北京,东直门中学,1993,理,NA,,
北京,北大附中,1994,理,NA,,
北京,北师大二附中,1994,文,NA,,
北京,北师大附属实验中学,1995,理,F,688,女(原文'她');录取北大生科
北京,北京四中,1995,文,F,610,女(原文'她');并列;录取北大国贸
北京,北京八中,1995,文,F,610,女(原文'她');并列;录取北大
北京,汇文中学,1995,文,F,610,女(原文'她');并列;录取北大
北京,汇文中学,1996,理,NA,,
北京,人大附中,1996,文,M,,性别=初筛确认(2026-08-09)
北京,北师大二附中,1997,理,F,663,性别=初筛确认(2026-08-09)
北京,牛栏山一中,1997,文,M,604,男(原文'他');录取北大光华
北京,北京八十中,1998,理,M,692,男(原文'他');录取清华计算机
北京,北京四中,1998,文,NA,628,录取北大光华
北京,汇文中学,1999,理,M,684,男(原文'他');语128数143英126物146化141;录取清华自动化
北京,北京一零一中学,1999,文,M,622,男(原文'他');语116数126英128政126史126;录取北大文史哲实验班
北京,顺义一中,2000,理,M,683,男(原文'他');录取清华计算机
北京,北京八十中,2000,文,F,641,语130数144英133政119史115；性别=初筛确认(2026-08-09)
北京,北京八十中,2001,理,NA,690,
北京,北京十五中,2001,文,F,637,女(原文'她');英128;录取北大光华
北京,北京八十中,2002,理,M,704,男(原文'他');语132数138英141综293;录取清华
北京,北京四中,2002,文,NA,646,语127数127外140综252;录取北大光华金融
北京,北大附中,2003,理,F,703,女(原文'她');含加分10裸分693;语135数140英140综278;录取北大生科
北京,北师大二附中,2003,文,NA,665,含加分10裸分655;语138数132英128综257;录取北大光华
北京,北师大附中,2004,理,M,719,男(原文'他');含加分20裸分699;语131数146外136综286;录取清华电子
北京,人大附中,2004,文,M,640,男(原文'他');高三才从理科转文科;语138数127英130综245;录取北大光华
北京,东直门中学,2005,理,NA,707,含加分20裸分687;并列
北京,人大附中,2005,理,F,707,女(原文'她');含加分20裸分687;并列;语122数137英140综288;录取港科大生化
北京,北师大二附中,2005,文,F,661,含加分20裸分641;语112数147英138综244;录取北大元培；性别=初筛确认(2026-08-09)
北京,北京八中,2006,理,F,731,女(原文'她');含加分20裸分711;语139数140英141综291;录取港科大商学院
北京,北京二中,2006,文,F,692,女(原文'她');含加分20裸分672;录取港科大商学院
北京,人大附中,2007,理,F,709,语132数148外141综288；性别=初筛确认(2026-08-09)
北京,北京一零一中学,2007,文,F,685,女(原文'她');语136数143英143综263;录取北大中文
北京,人大附中,2008,理,NA,702,语136数145英133综288
北京,北京四中,2008,文,F,667,女(原文'她');语132数150英129综256;录取港大工商管理(法学)
北京,人大附中,2009,理,NA,703,语140数147英142综274
北京,北京一零一中学,2009,文,NA,688,语132数142英142综272
北京,人大附中,2010,理,M,703,男(原文'他');语138数146英140综279;录取港大
北京,北京五中,2010,文,F,685,女(原文'她');含加分10裸分675;语142数142英131综260;录取北大中文
北京,人大附中,2011,理,M,717,男(原文'他');含加分20裸分697;语123数145英141综288;录取港科大生化
北京,人大附中,2011,文,F,676,女(原文'她');并列;语134数144英141综257;录取港大新闻
北京,北京四中,2011,文,F,676,女(原文'她');并列;语132数141英140综263;录取北大元培
北京,北师大二附中,2011,文,NA,676,并列;语112数148英137综269
北京,人大附中,2012,理,M,712,男(原文'他');语136数145英140综291;录取清华经管
北京,人大附中,2012,文,NA,670,语135数150英137综248
北京,北京十二中,2013,理,NA,738,含加分20裸分718;总分状元
北京,清华附中,2013,理,M,735,男(原文'他');含加分10裸分725;裸分状元;语142数148外145综290;录取清华电子信息
北京,清华附中,2013,文,NA,698,含加分10裸分688;总分状元;语140数144英144综260
北京,北京四中,2013,文,F,695,女(原文'她');裸分状元;语132数141英144综278;录取北大西语
北京,清华附中,2014,理,F,726,含加分10裸分716;总分状元;语144数148英145综279;录取清华经金国际班；性别=初筛确认(2026-08-09)
北京,北师大二附中,2014,理,F,719,女(原文'她');裸分状元;语137数148英146综288;录取北大
北京,清华附中,2014,文,NA,704,语141数145英143综275
北京,清华附中,2015,理,NA,730,含加分10裸分720;总分状元
北京,人大附中,2015,理,F,721,女(原文'她');裸分状元;普通班;语136数145英147综293;录取北大光华金融
北京,北师大二附中,2015,文,F,699,女(原文'她');语142数150英135综272;录取北大元培
北京,人大附中,2016,理,M,715,男(原文'他');语141数150英148综276;录取清华软件;中考裸分状元
北京,北京四中,2016,文,F,700,并列;语140数142外144综274；性别=初筛确认(2026-08-09)
北京,中央民大附中,2016,文,NA,700,并列;录取清华经管
北京,北京八中,2017,理,M,705,男(原文'他');语137数144英143综281;录取北大信科
北京,北京二中,2017,文,M,690,男(原文'他');语132数150英140综268;录取清华经管;文综全市单科第1
北京,人大附中,2018,理,M,722,男(原文'他');语137数149外144综292;录取北大光华
北京,北京二中,2018,文,F,713,女(原文'她');语137数145外141综290;录取北大法学
北京,北京十二中,2019,理,F,721,女(原文'她');含加分10裸分711;总分状元;语128数148英141综294;录取清华交叉信息
北京,中央民大附中,2019,理,F,714,女(原文'她');裸分状元;语134数146英142综292;录取清华
北京,育英学校,2019,文,F,698,女(原文'她');录取北大中文
北京,人大附中,2020,不分,F,722,2020新高考3+3首届;语135数140外147物100史100地100;录取北大元培；性别=初筛确认(2026-08-09)
北京,清华附中,2021,不分,NA,,"禁炒期,据称'朴同学';存疑"
北京,北师大附属实验中学,2022,不分,M,721,"禁炒期,据称,分数存疑;录取北大元培；性别=初筛确认(2026-08-09)"
北京,十一学校,2023,不分,NA,,"禁炒期,据称;另一说北京四中陈应涵728(存疑)"
北京,清华附中,2024,不分,NA,,"禁炒期,据称;录取清华为先书院"
北京,北京十二中,2025,不分,NA,,"禁炒期,据称"
山西,太原铁一中,1962,文,NA,,录取北大经济系
山西,汾阳中学,1963,理,F,,"女(原文'她');数理化外四科满分,总平均95+,全国理科第3;录取清华电机"
山西,巡镇中学,1964,理,M,,男(原文'他');数学满分+附加题6分;录取太原理工
山西,太原五中,1977,理,NA,,
山西,太原五中,1978,文,NA,,
山西,太原五中,1979,理,NA,,
山西,成成中学,1980,文,M,455,录取北大中文；性别=初筛确认(2026-08-09)
山西,孝义中学,1981,理,F,,录取清华无线电；性别=初筛确认(2026-08-09)
山西,太原五中,1981,文,NA,,
山西,太原五中,1982,理,NA,,
山西,太原五中,1982,文,NA,,
山西,太原五中,1983,理,NA,,
山西,成成中学,1983,文,NA,,录取北大法学
山西,康杰中学,1984,文,NA,576,录取北大社会学
山西,太原五中,1985,理,NA,619,
山西,太原五中,1985,文,M,559,性别=初筛确认(2026-08-09)
山西,太钢一中,1986,理,F,663.5,女(原文'她');高考成绩全国第3;录取北大计算机;并列
山西,太原五中,1986,理,M,,并列；性别=初筛确认(2026-08-09)
山西,太原五中,1987,理,NA,,
山西,平遥中学,1988,理,M,,录取清华；性别=初筛确认(2026-08-09)
山西,太原实验五中,1988,文,NA,,
山西,太原五中,1989,理,M,,性别=初筛确认(2026-08-09)
山西,进山中学,1990,理,NA,,
山西,太原十二中,1991,理,NA,631,录取清华电子
山西,成成中学,1991,文,F,534,录取北京广播学院；性别=初筛确认(2026-08-09)
山西,昔阳中学,1991,外,NA,531,文科外语类状元
山西,太原五中,1992,理,M,,性别=初筛确认(2026-08-09)
山西,太原五中,1992,文,NA,,
山西,太原五中,1993,理,NA,601,并列
山西,临汾三中,1993,理,F,601,并列；性别=初筛确认(2026-08-09)
山西,山西省实验中学,1994,理,M,,性别=初筛确认(2026-08-09)
山西,天镇一中,1995,理,M,655,录取清华；性别=初筛确认(2026-08-09)
山西,襄垣一中,1995,文,NA,,录取北大经济管理
山西,康杰中学,1996,理,NA,677,录取清华
山西,平遥中学,1996,文,F,628,并列;录取人大法学；性别=初筛确认(2026-08-09)
山西,阳泉十五中,1996,文,M,,并列；性别=初筛确认(2026-08-09)
山西,临猗中学,1997,文,NA,612,录取北大法学
山西,昔阳中学,1998,文,NA,626,录取北大
山西,康杰中学,1999,理,NA,682,录取清华计算机
山西,康杰中学,1999,文,NA,632,录取北大
山西,太谷中学,2000,理,NA,,录取清华
山西,平遥中学,2000,文,M,607,男(原文'他');语123数139英134综211;录取北大经院
山西,康杰中学,2001,理,NA,690,
山西,太原外国语学校,2001,文,M,643,男(原文'他');录取北大财政
山西,阳城一中,2002,理,F,696,女(原文'她');复读生(2001=650);语126数138英132综300;录取清华
山西,山西省实验中学,2002,文,NA,667,语121数143英133综270;录取北大光华
山西,成成中学,2003,理,F,663,女(原文'她');语145全省单科第1(作文满分);录取对外经贸德语
山西,盂县一中,2003,文,M,613,男(原文'他');语127数108英134综244;录取苏州大学金融
山西,太原五中,2004,理,NA,711,英143全省单科第2;录取清华建筑
山西,太原十八中,2004,文,NA,664,录取北大经院
山西,康杰中学,2005,理,F,689,语124数135英144综286;录取北大元培；性别=初筛确认(2026-08-09)
山西,河津永民中学,2005,文,NA,634,录取清华文科实验班
山西,山西省实验中学,2006,理,NA,689,含加分10裸分679;语108数149英140综282
山西,阳泉一中,2006,文,F,680,女(原文'她');语126数150英143综261;录取北大
山西,太谷二中,2007,理,M,692,男(原文'他');复读生;小升初与中考均晋中市状元;语132数147英143综270;录取清华建筑
山西,平定一中,2007,文,M,653,男(原文'他');语124数140英137综252;录取人大金融
山西,太原十八中,2008,理,F,687,女(原文'她');语125数141外144综277;录取北大元培
山西,阳泉永旺教育中心,2008,文,NA,633,"复读生(2007=587,原三矿中学);语121数131外132综249;录取北大光华"
山西,阳泉一中,2009,理,NA,689,含加分10裸分679;总分状元;录取清华电子
山西,长治太行中学,2009,理,M,682,男(原文'他');裸分状元;复读生;录取清华
山西,灵丘豪洋中学,2009,文,M,628,录取北大；性别=初筛确认(2026-08-09)
山西,山西大学附中,2010,理,M,673,录取清华电子；性别=初筛确认(2026-08-09)
山西,太原五中,2010,文,F,638,15岁参加高考;语110数131英143综254;录取北大光华；性别=初筛确认(2026-08-09)
山西,太原五中,2011,理,NA,699,并列;录取清华电气
山西,小店一中,2011,理,NA,699,并列;录取清华电子信息
山西,同煤一中,2011,文,F,639,女(原文'她');数142;录取清华经管
山西,山西大学附中,2012,理,F,689,含加分10裸分679;总分状元;录取清华；性别=初筛确认(2026-08-09)
山西,康杰中学,2012,理,M,686,"男(原文'他');裸分状元;复读生(原临汾一中,2011=658);语115数149英135综287;录取北大"
山西,新绛海泉学校,2012,文,M,632,"男(原文'他');复读生(2010超一本12分,2011超一本44分);语115数134英132综251;录取北大"
山西,山西大学附中,2013,理,F,679,女(原文'她');含加分10裸分669;数144;录取清华工业工程
山西,山西现代双语学校,2013,文,NA,614,语119数140英132综223;录取清华社科学院
山西,山西大学附中,2014,理,M,705,含加分10裸分695;语120数144英142综289;录取清华；性别=初筛确认(2026-08-09)
山西,阳泉一中,2014,文,NA,623,语118数123英137综245
山西,新绛海泉学校,2015,理,NA,686,语120数142英139综285;录取清华环境科学与工程
山西,山西大学附中,2015,文,F,627,语118数148英138综223;录取北大光华；性别=初筛确认(2026-08-09)
山西,山西现代双语学校,2016,理,F,707,语125数144英147综291；性别=初筛确认(2026-08-09)
山西,康杰中学,2016,文,M,634,男(原文'他');16岁;语119数141英141综233;录取北大光华
山西,山西大学附中,2017,理,NA,686,录取北大光华
山西,太原新希望双语学校,2017,文,M,651,语125数145外141综240;录取北大元培；性别=初筛确认(2026-08-09)
山西,怀仁一中,2018,理,F,702,录取清华计算机；性别=初筛确认(2026-08-09)
山西,阳泉一中,2018,文,F,663,录取清华法学；性别=初筛确认(2026-08-09)
山西,康杰中学,2019,理,M,695,录取清华交叉信息；性别=初筛确认(2026-08-09)
山西,阳城一中,2019,文,F,655,女(原文'她');录取清华新雅(PPE)
山西,山西大学附中,2020,理,NA,703,语130数143外143综287;录取清华计算机与金融双学位
山西,山西大学附中,2020,文,NA,655,语125数150英149综231;录取北大元培
山西,长治太行中学,2021,理,NA,712,数150综285;录取北大光华
山西,晋城一中,2021,文,NA,671,并列;语133数150外148综240;录取清华经管
山西,晋城一中,2021,文,F,671,并列;语137数147外144综243;录取北大元培；性别=初筛确认(2026-08-09)
山西,晋城一中,2022,理,F,709,语135数142外149综283;录取清华化学；性别=初筛确认(2026-08-09)
山西,晋城一中,2022,文,M,646,男(原文'他');语128数142英149综227;录取北大元培PPE
山西,孝义中学,2023,理,NA,710,语131数149英140综290;录取清华
山西,晋城一中,2023,文,NA,659,语132数143外144综240;录取北大元培
山西,忻州一中,2024,理,M,710,男(原文'他');语133数145英147综285;录取北大元培
山西,晋城一中,2024,文,M,668,男(原文'他');语134数141外145综248;录取北大元培
山西,忻州一中,2025,物理类,M,717,男(原文'他');语139数144外145物95化98生96;录取北大元培
山西,晋城一中,2025,历史类,NA,686,语136数127外139史90政94地100
山西,晋城一中,2026,物理类,M,706,性别=初筛确认(2026-08-09)
山西,翼城汉德园中学,2026,历史类,NA,688,语135数132外136史88政98地99
江苏,黎里中学,1977,理,M,,录取清华；性别=初筛确认(2026-08-09)
江苏,南京一中,1977,文,NA,,录取南大哲学
江苏,南京一中,1978,理,M,447,录取南大数学；性别=初筛确认(2026-08-09)
江苏,杨园中学,1979,理,NA,,
江苏,常熟中学,1980,理,NA,493,
江苏,南通中学,1982,文,NA,,
江苏,潥阳光华高中,1982,文,NA,505,并列
江苏,无锡一中,1983,文,NA,573,录取南大中文
江苏,海安中学,1984,文,M,590,男(原文'他');录取复旦
江苏,如东高级中学,1986,理,NA,641,
江苏,南通中学,1987,理,M,,性别=初筛确认(2026-08-09)
江苏,南京三中,1990,文,NA,,录取南大中文
江苏,睢宁中学,1991,理,NA,653,
江苏,睢宁中学,1991,文,NA,559,
江苏,海安高级中学,1992,理,NA,,
江苏,盐城中学,1994,理,NA,703,
江苏,海安高级中学,1994,文,NA,632,录取人大新闻
江苏,南通一中,1995,理,F,702,录取北京协和医学院；性别=初筛确认(2026-08-09)
江苏,南通中学,1995,文,NA,,录取北大
江苏,丰县中学,1996,理,M,693,录取清华计算机；性别=初筛确认(2026-08-09)
江苏,南通一中,1996,文,M,,录取北外；性别=初筛确认(2026-08-09)
江苏,常州高级中学,1997,理,F,,录取复旦经管；性别=初筛确认(2026-08-09)
江苏,南通中学,1997,文,F,,录取复旦；性别=初筛确认(2026-08-09)
江苏,金坛华罗庚中学,1998,理,NA,704,
江苏,如东高级中学,1998,文,NA,,
江苏,常州高级中学,1999,理,M,687,男(原文'他');物理147;录取清华自动化
江苏,如东高级中学,1999,文,NA,634,并列;录取人大新闻
江苏,南菁高级中学,1999,文,M,634,男(原文'他');并列;语119数136史141;录取复旦法律
江苏,江都中学,1999,外,NA,,文科外语类状元
江苏,盐城中学,2000,理,M,,并列；性别=初筛确认(2026-08-09)
江苏,苏州中学,2000,理,NA,,并列
江苏,如皋一中,2000,文,F,599,女(原文'她');录取复旦国际金融
江苏,常熟中学,2001,理,M,699,男(原文'他');录取上海交大
江苏,南通中学,2001,文,M,644,男(原文'他');录取北大法学
江苏,江都中学,2001,外,NA,654,文科外语类状元
江苏,常州高级中学,2002,不分,F,685,女(原文'她');3+X大综合;语120数150英147综268;录取清华
江苏,南通一中,2003,不分,M,697,男(原文'他');3+X;含加分20裸分677;选科物化;语126数120物148;录取清华电子
江苏,苏州中学,2003,不分,M,687,男(原文'他');3+X;裸分状元;语114数144英139物146化144;录取清华自动化
江苏,姜堰中学,2004,不分,M,727,男(原文'他');3+X;含加分20裸分707;语130数144英139物150化144;录取清华
江苏,苏州中学,2005,不分,F,707,女(原文'她');3+X;含加分10裸分697;语129数146英135物142化145;录取清华计算机
江苏,南京师大附中,2006,不分,M,700,男(原文'他');3+X;无冕状元(已保送清华自动化不参与排名);语127数138英143物144化148
江苏,天一中学,2006,不分,F,692,女(原文'她');3+X;16岁;语134;录取清华生物
江苏,曲塘中学,2007,不分,M,709,男(原文'他');3+X;语130数138英146物146化149;录取清华电子
江苏,盐城中学,2008,理,F,460,女(原文'她');480分制;含加分10裸分450;语143数156(+附加35)英116物A+化A;录取清华经管
江苏,常熟中学,2008,文,F,439,女(原文'她');480分制;含加分10裸分429;语141(+附加31)数144英113史A+政A;录取北大光华
江苏,梁丰高级中学,2009,理,M,443,男(原文'他');480分制;含加分10裸分433;语139数194(含附加)英100物A+化A+;录取清华经金国际班
江苏,苏州中学,2009,文,F,421,女(原文'她');480分制;含加分10裸分411;语165(含附加)数142英104史A+政A+;录取北大光华
江苏,南通中学,2010,理,M,436,男(原文'他');480分制;含加分5裸分431;语134数183(含附加)英114;录取中科大
江苏,姜堰中学,2010,文,NA,412,480分制;语164(含附加)数131;录取清华
江苏,如东高级中学,2011,理,M,426,男(原文'他');480分制;含加分5裸分421;语126数183(含附加)英112物A+化A+;录取清华电子
江苏,宜兴中学,2011,文,F,414,女(原文'她');480分制;含加分5裸分409;语123(+附加35)数137英114史A+政B+;录取复旦新闻
江苏,锡山高级中学,2012,理,F,444,女(原文'她');480分制;含加分5裸分439;语135数189(含附加)外115物A化A+;录取北大光华
江苏,南京师大附中,2012,文,F,417,女(原文'她');480分制;含加分5裸分412;语166(含附加)数137外109政A史A+;录取港大
江苏,张家港外国语学校,2012,文,F,417,女(原文'她');480分制;含加分5裸分412;语134(+附加37)数130英111;录取北大
江苏,溧阳中学,2012,文,F,417,女(原文'她');480分制;含加分3裸分414;语135(+附加34)数132英113;录取北大元培PPE
江苏,常州高级中学,2013,理,F,427,女(原文'她');480分制;含加分3裸分424;语137数180(含附加)英107物A+化A;录取北大法语
江苏,前黄高级中学,2013,文,F,414,女(原文'她');480分制;含加分5裸分409;语127(+附加37)数143外102政A+史A+;录取清华经金国际班
江苏,天一中学,2014,理,M,430,男(原文'他');480分制;含加分5裸分425;语141数183(含附加)英101物A+化A+;录取北大光华
江苏,海安高级中学,2014,文,NA,410,480分制;含加分5裸分405;语134(+附加35)数141外95史A+政A+;录取北大
江苏,姜堰中学,2015,理,F,425,女(原文'她');480分制;含加分5裸分420;语131数148(+附加30)英111物A+化A+;录取清华生科
江苏,南通中学,2015,文,F,418,女(原文'她');480分制;含加分5裸分413;语137(+附加29)数139英108史A+政A+
江苏,如东高级中学,2016,理,F,445,女(原文'她');480分制;含加分5裸分440;语129数160(+附加40)英111物A+化A+;录取清华
江苏,姜堰中学,2016,文,F,427,女(原文'她');480分制;含加分5裸分422;语137(+附加32)数143外110史A政A;录取上海交大安泰金融
江苏,姜堰中学,2017,理,F,443,女(原文'她');480分制;含加分3裸分438;语143数148(+附加36)英111物A+化A+;录取清华计算机
江苏,淮阴中学,2017,文,NA,428,480分制;含加分5裸分423;语138(+附加35)数148外102史A+政A+
江苏,通州高级中学,2018,理,F,434,女(原文'她');480分制;含加分5裸分431;语133数157(+附加32)英107物A+化A+;录取清华
江苏,丹阳高级中学,2018,文,M,418,男(原文'他');480分制;含加分5裸分413;语155(+附加34)数146外112;录取清华
江苏,天一中学,2019,理,F,436,女(原文'她');480分制;含加分5裸分431;并列;语134数149(+附加38)英110物A+化A+;录取北大光华
江苏,天一中学,2019,理,F,436,女(原文'她');480分制;含加分5裸分431;并列;语127数160(+附加36)外108物A+化A+;录取北大
江苏,海安高级中学,2019,文,F,420,女(原文'她');480分制;含加分5裸分415;语133(+附加32)数144英106史A+政A+;录取北大光华
江苏,天一中学,2020,理,M,441,男(原文'他');480分制;语134数160(+附加40)外107物A+化A+;录取清华人工智能学堂班
江苏,淮阴中学,2020,文,F,430,"女(原文'她');480分制;语146(+附加34)数141英109史B+政A;著名案例:选测等级未达A被清北拒,录取港大"
江苏,沭阳高级中学,2021,物理类,M,691,男(原文'他');3+1+2;语109数149英143物100化94生96;录取北大信科
江苏,扬中高级中学,2021,历史类,F,656,女(原文'她');3+1+2;语116数135外139史76政95地95;录取清华
江苏,天一中学,2021,历史类,F,656,女(原文'她');3+1+2;并列;选科史政地;录取北大元培
江苏,丹阳高级中学,2022,物理类,M,697,男(原文'他');3+1+2;语123数142外143物100化97生92;录取北大元培
江苏,宜兴中学,2022,历史类,M,658,男(原文'他');3+1+2;语126数119外143史79政94地97;录取北大元培
江苏,淮阴中学,2023,物理类,M,703,男(原文'他');3+1+2;并列;语134数140英145物99化93生92;录取北大元培
江苏,宿迁中学,2023,物理类,F,703,女(原文'她');3+1+2;并列;语129数139外148物100化93生94;录取清华新雅
江苏,天一中学,2023,历史类,F,702,女(原文'她');3+1+2;比全省历史类第2名高25分;语136数141外144史86政99地96;录取清华新雅
江苏,金坛华罗庚中学,2024,物理类,M,713,男(原文'他');3+1+2;语136数139英147物100化94生97;录取北大数学
江苏,宿迁中学,2024,历史类,F,686,女(原文'她');3+1+2;语129数135外142史85政98地97;录取北大元培
江苏,丹阳高级中学,2025,物理类,M,702,男(原文'他');3+1+2;并列;语131数140英141物99化96生95;录取北大元培
江苏,南通中学,2025,物理类,M,702,男(原文'他');3+1+2;并列;语129数141英144物99化94生95;录取清华计算机
江苏,金陵中学,2025,历史类,M,691,男(原文'他');3+1+2;语132数138外143史91政91地96;录取南大
江苏,镇江一中,2026,物理类,M,706,男(原文'他');3+1+2;语133数136外145物99化96生97
江苏,金陵中学,2026,历史类,NA,688,3+1+2;语128数139外142史92政90地97
江西,进贤中学,1965,理,NA,,录取清华工程物理
江西,南昌二中,1978,文,NA,,录取南昌大学
江西,南昌十中,1979,理,NA,,并列;录取清华自动化
江西,南昌一中,1979,理,NA,,并列;录取西安交大计算机
江西,南昌十九中,1980,理,NA,,
江西,南昌二中,1980,文,F,,性别=初筛确认(2026-08-09)
江西,南昌十中,1981,理,M,,并列；性别=初筛确认(2026-08-09)
江西,南昌二中,1981,理,NA,,并列
江西,玉山一中,1981,文,NA,,录取北大
江西,洪都中学,1982,理,NA,,录取中科大化学
江西,分宜中学,1982,文,NA,,
江西,南昌二中,1983,文,NA,,
江西,九江一中,1984,理,F,608,并列;录取中科大物理；性别=初筛确认(2026-08-09)
江西,丰城中学,1984,理,M,,并列;录取北大物理；性别=初筛确认(2026-08-09)
江西,南昌二中,1985,理,NA,,并列
江西,洪都中学,1985,理,NA,,并列
江西,泰和中学,1985,文,M,,录取北大国政；性别=初筛确认(2026-08-09)
江西,泰和中学,1985,外,NA,,文科外语类状元
江西,九江一中,1986,理,NA,650,录取中科大物理
江西,南昌十中,1987,理,NA,,
江西,南昌二中,1988,理,NA,,
江西,南昌二中,1989,理,NA,,录取中科大
江西,吉安一中,1989,文,NA,,华东六省一市文科状元
江西,资溪一中,1990,理,NA,628,录取清华
江西,江西师大附中,1991,文,NA,,并列
江西,江西师大附中,1991,文,M,,并列；性别=初筛确认(2026-08-09)
江西,南昌二中,1992,理,NA,,录取中科大生物
江西,湾里一中,1992,文,F,,性别=初筛确认(2026-08-09)
江西,吉安一中,1993,理,M,,性别=初筛确认(2026-08-09)
江西,上饶一中,1993,文,F,,女(原文'她');录取复旦
江西,江西师大附中,1993,外,NA,,文科外语类状元
江西,江西师大附中,1994,理,NA,,
江西,九江二中,1994,文,NA,,
江西,泰和中学,1995,理,NA,,并列
江西,南昌二中,1995,理,NA,,并列
江西,赣州一中,1995,文,NA,,并列
江西,南昌二中,1995,文,F,,并列；性别=初筛确认(2026-08-09)
江西,白鹭洲中学,1996,理,M,,性别=初筛确认(2026-08-09)
江西,景德镇一中,1996,文,NA,631,
江西,南昌十中,1997,理,NA,662,录取清华
江西,九江一中,1997,文,F,609,录取外交学院英语；性别=初筛确认(2026-08-09)
江西,洪都中学,1998,理,NA,,录取清华
江西,鄱阳一中,1998,文,M,,录取北大外语；性别=初筛确认(2026-08-09)
江西,分宜中学,1999,理,M,672,录取清华；性别=初筛确认(2026-08-09)
江西,南城一中,1999,文,NA,638,录取北大经院
江西,景德镇二中,2000,理,M,696,男(原文'他');语130数142英134物143化147;录取清华电子信息
江西,宜春中学,2000,文,F,643,女(原文'她');语132数135英133政114史129;录取北大法学
江西,南昌十中,2001,理,NA,704,并列;录取中科大
江西,九江一中,2001,理,M,704,男(原文'他');并列;语129数150英139物136化150;录取清华电子
江西,上高二中,2001,文,F,652,录取北大光华；性别=初筛确认(2026-08-09)
江西,景德镇一中,2002,理,M,729,男(原文'他');含加分20裸分709;语134数146英134综295;录取清华建筑
江西,上饶一中,2002,文,F,647,女(原文'她');语120数139英139综249;录取北大
江西,万年中学,2003,理,M,670,男(原文'他');语132数141英133综264;录取清华材料
江西,瑞昌一中,2003,文,F,641,女(原文'她');语121数129英130综261;录取北大光华
江西,鹰潭一中,2004,理,F,743,女(原文'她');含加分20裸分723;语133数150英140综300;录取清华工业工程
江西,宁都中学,2004,文,NA,673,录取北大英文
江西,吉安一中,2005,理,NA,690,含加分10裸分680;总分状元;语131数142外133综274
江西,黎川一中,2005,理,M,684,男(原文'他');裸分状元;语126数143英141综274;录取清华电子
江西,新余一中,2005,文,F,660,女(原文'她');语130数135英140综255;录取北大光华会计
江西,南昌二中,2006,理,NA,685,含加分10裸分675;总分状元
江西,江西师大附中,2006,理,M,679,男(原文'他');裸分状元;语128数133英141综277
江西,万年中学,2006,文,NA,667,录取港中文
江西,吉安一中,2007,理,NA,709,含加分10裸分699;语140数135英137综287
江西,南康中学,2007,文,F,663,女(原文'她');语文作文满分;语138数144英142综239
江西,江西师大附中,2008,理,M,693,男(原文'他');含加分10裸分683;语134数126英140综283;录取北大
江西,新余四中,2008,文,M,638,男(原文'他');语115数140英136综247;录取北大
江西,江西师大附中,2009,理,M,689,语131数133英144综281；性别=初筛确认(2026-08-09)
江西,临川一中,2009,文,F,608,女(原文'她');并列;语126数122英138综222;录取北大光华
江西,鹰潭一中,2009,文,NA,608,并列;语117数130英134综227
江西,临川一中,2010,理,NA,671,录取清华自动化
江西,丰城中学,2010,文,M,627,男(原文'他');语115数147英133综232;录取北大元培
江西,临川一中,2011,理,M,712,男(原文'他');语140数137英140综295;录取北大光华
江西,临川一中,2011,文,F,637,女(原文'她');语131数145英142综219;录取北大经院
江西,江西师大附中,2012,理,M,703,男(原文'他');含加分10裸分693;总分状元;录取清华
江西,安远一中,2012,理,M,693,男(原文'他');裸分状元;语129数136英146综282;录取清华
江西,临川二中,2012,文,F,662,女(原文'她');并列;语130数144英148综240;录取北大
江西,鹰潭一中,2012,文,M,662,男(原文'他');并列;语135数148英144综235;录取北大
江西,江西师大附中,2013,理,NA,689,含加分10裸分679;总分状元;语123数137英142综277;录取清华
江西,吉安一中,2013,理,NA,684,裸分状元;语124数135英144综281;录取清华建筑
江西,临川一中,2013,文,F,636,并列;语131数137英132综236;录取北大光华；性别=初筛确认(2026-08-09)
江西,临川一中,2013,文,NA,636,并列;语129数142英142综223;录取北大光华
江西,广昌一中,2014,理,M,698,男(原文'他');语140数137英142综279;录取清华
江西,临川一中,2014,文,F,654,女(原文'她');语135数144英145综230;录取清华经管金融
江西,江西师大附中,2015,理,M,715,男(原文'他');南昌市中考状元;语137数140英146综292;录取港大
江西,江西师大附中,2015,文,NA,637,并列;语122数146外147综222
江西,婺源天佑中学,2015,文,NA,637,并列;语122数150外137综228
江西,临川一中,2016,理,M,700,男(原文'他');语120数143英146综291;录取清华计算机
江西,新余一中,2016,文,M,643,男(原文'他');语118数144外144综237;录取北大光华
江西,临川一中,2017,理,M,700,男(原文'他');语137数150英140综273;录取北大光华
江西,丰城中学,2017,文,NA,675,语133数147英139综256;录取清华
江西,九江一中,2018,理,M,718,男(原文'他');语138数148英147综285;录取北大化学与分子工程
江西,江科附中,2018,文,F,674,语131数147英147综249；性别=初筛确认(2026-08-09)
江西,吉安一中,2019,理,M,703,男(原文'他');语125数147英144综287;录取北大元培(物理)
江西,临川一中,2019,文,M,671,男(原文'他');语125数144英149综253;录取清华新雅
江西,南昌二中,2020,理,M,705,男(原文'他');语143数143英143综276;录取清华计算机与金融双学位
江西,江科附中,2020,文,F,671,女(原文'她');语128数141外142综260;录取清华新雅
江西,南昌五中,2021,理,M,708,男(原文'他');语128数150英148综282;录取清华交叉信息
江西,赣州厚德外国语学校,2021,文,F,674,女(原文'她');语127数144英146综257;录取北大光华
江西,上高二中,2022,理,M,683,并列;语115数142外147综279;录取清华计算机；性别=初筛确认(2026-08-09)
江西,赣州厚德外国语学校,2022,理,M,683,男(原文'他');并列;语119数139外148综277;录取北大光华
江西,丰城中学,2022,理,NA,683,并列;语115数135外145综288;录取清华计算机
江西,铜鼓中学,2022,文,F,663,女(原文'她');语124数142英148综249;录取清华新雅(法学)
江西,乐平中学,2023,理,M,707,男(原文'他');语135数150外143综279;录取北大元培
江西,新余一中,2023,文,M,683,男(原文'他');语140数140外146综257;录取北大光华
江西,江科附中,2024,物理类,M,694,男(原文'他');3+1+2首批;语121数142英147物95化97生92;录取清华电子信息
江西,江科附中,2024,历史类,NA,684,语128数134英146史91政94地91;录取清华新雅
江西,玉山一中,2025,物理类,M,700,男(原文'他');语121数143英146物94化97生99;录取北大信科计算机
江西,新余一中,2025,历史类,F,677,女(原文'她');语137数136英143史80生92政89;录取北大法学
江西,贵溪一中,2026,物理类,NA,712,语131数141英149物98化97生96
江西,高安二中,2026,历史类,F,689,并列;语130数137英150史81政93地98；性别=初筛确认(2026-08-09)
江西,江科附中,2026,历史类,F,689,并列;语128数133英149史88政97地94；性别=初筛确认(2026-08-09)
湖北,丹江口肖川中学,1977,文,M,,男(原文'他');语文满分;录取武大中文
湖北,马湾中学,1979,理,NA,,并列;录取清华核物理
湖北,黄冈中学,1979,理,NA,,并列
湖北,大悟二中,1979,文,NA,,
湖北,黄冈中学,1980,理,NA,,
湖北,三角路中学,1980,文,NA,,
湖北,武汉六中,1981,理,NA,,
湖北,华中师大一附中,1981,文,F,,性别=初筛确认(2026-08-09)
湖北,武钢三中,1982,理,F,,性别=初筛确认(2026-08-09)
湖北,黄陂一中,1982,文,NA,494,
湖北,红安一中,1983,理,NA,598,
湖北,鄂州二中,1983,文,F,558,录取武大国际金融管理；性别=初筛确认(2026-08-09)
湖北,武汉三中,1984,理,M,,高考成绩全国最高;录取中科大；性别=初筛确认(2026-08-09)
湖北,黄陂一中,1984,文,M,,录取北大；性别=初筛确认(2026-08-09)
湖北,华中师大一附中,1985,理,NA,,录取复旦
湖北,宜都一中,1985,文,NA,567,录取北大
湖北,黄冈中学,1986,理,NA,,录取北大物理
湖北,武汉六中,1986,文,NA,,录取武大
湖北,新洲一中,1987,理,NA,635,
湖北,仙桃中学,1987,文,F,,性别=初筛确认(2026-08-09)
湖北,夷陵中学,1988,理,NA,630,
湖北,仙桃中学,1988,文,M,,性别=初筛确认(2026-08-09)
湖北,仙桃中学,1989,文,F,,并列；性别=初筛确认(2026-08-09)
湖北,武钢三中,1989,文,F,,并列；性别=初筛确认(2026-08-09)
湖北,荆州中学,1990,理,NA,623,录取清华计算机
湖北,黄冈中学,1990,文,NA,,姓名未公开
湖北,襄阳四中,1991,理,M,,录取中科大；性别=初筛确认(2026-08-09)
湖北,武大附中,1992,理,M,,性别=初筛确认(2026-08-09)
湖北,武钢三中,1993,理,NA,,
湖北,黄冈中学,1993,文,NA,,姓名未公开
湖北,当阳一中,1994,理,NA,693,录取清华
湖北,武钢三中,1994,文,NA,,
湖北,荆州中学,1995,理,NA,686,录取清华生科
湖北,老河口一中,1995,文,NA,615,录取北大
湖北,武汉六中,1996,理,NA,693,并列
湖北,宜都一中,1996,理,NA,693,并列;语120数146英139物150化138
湖北,襄阳四中,1997,理,M,,录取中科大电子工程；性别=初筛确认(2026-08-09)
湖北,沙市中学,1997,文,NA,624,
湖北,胡集高中,1998,理,M,700,性别=初筛确认(2026-08-09)
湖北,黄冈中学,1998,文,M,652,性别=初筛确认(2026-08-09)
湖北,华中师大一附中,1999,理,NA,688,
湖北,丹江口一中,1999,文,F,639,录取武大政法；性别=初筛确认(2026-08-09)
湖北,宜都一中,1999,外,F,,文科外语类状元;录取北大外国语；性别=初筛确认(2026-08-09)
湖北,天门中学,2000,理,M,695,男(原文'他');语132数140英134物142化147;录取清华计算机
湖北,武汉外国语学校,2000,文,F,646,女(原文'她');录取北大中文
湖北,麻城一中,2001,理,M,705,男(原文'他');录取清华经管
湖北,襄阳四中,2001,文,F,635,女(原文'她');录取北大国贸
湖北,潜江中学,2002,理,M,701,男(原文'他');语128数145英135综293;录取北大元培
湖北,武汉外国语学校,2002,文,NA,644,语125数142英132综245;录取北大元培
湖北,沙市中学,2003,理,F,693,女(原文'她');语122数141英142综288;录取清华机械
湖北,沔州中学,2003,文,M,638,男(原文'他');比全省第2名高20分;语117数150英136综235
湖北,华中师大一附中,2004,理,M,705,男(原文'他');并列;录取北大
湖北,武汉外国语学校,2004,理,M,705,男(原文'他');并列;英144;录取清华数理基础
湖北,沙市中学,2004,文,M,658,男(原文'他');语138数138英140综242;录取北大社会学
湖北,襄阳四中,2005,理,NA,701,语129数150英141综281
湖北,武汉外国语学校,2005,文,F,652,女(原文'她');语133数129英146综244;录取北大法学
湖北,武汉外国语学校,2006,理,M,692,语127数147英136综282；性别=初筛确认(2026-08-09)
湖北,夷陵中学,2006,文,F,647,女(原文'她');语126数145外132综244;录取北大光华
湖北,夷陵中学,2007,理,NA,695,语130数143英138综284
湖北,大冶一中,2007,文,M,627,男(原文'他');语127数146英137综217;录取北大元培
湖北,武钢三中,2008,理,M,710,男(原文'他');语127数150英141综292;录取北大元培
湖北,荆州中学,2008,文,NA,641,语128数149英134综230
湖北,孝感高中,2009,理,NA,693,语120数142英143综288
湖北,荆门龙泉中学,2009,文,NA,629,语126数148外135综220
湖北,钟祥一中,2010,理,NA,698,语127数149英144综278
湖北,洪湖一中,2010,文,M,632,男(原文'他');语133数140英139综220;录取北大
湖北,襄阳五中,2011,理,NA,707,语131数144英143综289
湖北,武汉外国语学校,2011,文,F,646,语136数138英140综232；性别=初筛确认(2026-08-09)
湖北,大冶一中,2012,理,M,700,男(原文'他');语136数139外143综282;录取清华
湖北,襄阳四中,2012,文,M,658,男(原文'他');语126数145外142综245;录取北大光华
湖北,襄阳五中,2013,理,M,689,男(原文'他');语129数142英144综274;录取清华
湖北,襄阳五中,2013,文,F,651,女(原文'她');语138数136英147综230;录取北大光华
湖北,襄阳四中,2014,理,NA,700,语132数146英138综284
湖北,武汉三中,2014,文,F,657,女(原文'她');语136数149英139综233;录取北大光华
湖北,襄阳五中,2015,理,M,699,语126数141英146综286；性别=初筛确认(2026-08-09)
湖北,襄阳五中,2015,文,F,643,女(原文'她');语131数144英145综223;录取北大光华
湖北,武汉三中,2016,理,F,707,语127数139英146综295；性别=初筛确认(2026-08-09)
湖北,巴东一中,2016,文,M,658,男(原文'他');含加分10裸分648;总分状元;录取北大工商管理
湖北,武汉二中,2016,文,F,652,女(原文'她');裸分状元;语131数133英142综246
湖北,夷陵中学,2017,理,M,701,男(原文'他');含加分10裸分691;总分状元;语119数148英148综276;录取北大物理
湖北,随州二中,2017,理,M,700,男(原文'他');裸分状元;语129数148英148综275;录取北大信科图灵班
湖北,襄阳五中,2017,文,F,683,女(原文'她');语137数150英146综250;录取北大光华
湖北,荆门龙泉中学,2018,理,M,715,男(原文'他');语125数150英147综293;录取北大信科
湖北,巴东一中,2018,文,M,694,男(原文'他');含加分10裸分684;总分状元;语122数148英147综267;录取北大
湖北,华中师大一附中,2018,文,M,688,男(原文'他');裸分状元;语129数148英150综261;录取北大
湖北,钟祥一中,2019,理,M,712,男(原文'他');语132数149英144综287
湖北,襄阳四中,2019,文,F,676,女(原文'她');语131数138英146综261;录取清华新雅
湖北,华中师大一附中,2020,理,F,725,女(原文'她');语146数149外143综287;录取北大元培
湖北,巴东一中,2020,文,F,670,女(原文'她');含加分10裸分660;总分状元;语134数148英143综235
湖北,荆门龙泉中学,2020,文,F,667,裸分状元;语123数147英137综260；性别=初筛确认(2026-08-09)
湖北,恩施高中,2021,物理类,M,713,男(原文'他');3+1+2;语131数147英142物100化96生97;录取清华计算机
湖北,夷陵中学,2021,历史类,F,703,女(原文'她');3+1+2;含加分10裸分693;语131数136英139史92政95地100;录取北大元培
湖北,华中师大一附中,2022,物理类,M,702,男(原文'他');3+1+2;语124数144外141物98化97生98;录取北大元培
湖北,武汉外国语学校,2022,历史类,M,673,男(原文'他');3+1+2;语120数142外142史84化92政93;录取北大光华
湖北,新洲一中,2023,物理类,M,715,男(原文'他');3+1+2;语131数142英147物100化98生97;录取清华新雅
湖北,襄阳四中,2023,历史类,F,675,女(原文'她');3+1+2;裸分并列;语127数135英142史84政95地92;录取北大法学
湖北,襄阳五中,2023,历史类,F,675,女(原文'她');3+1+2;裸分并列;语134数130英145史79政94地93;录取北大元培
湖北,荆州中学,2023,历史类,F,675,女(原文'她');3+1+2;裸分并列;语133数136英143史79政91地93;录取北大元培(法学)
湖北,恩施高中,2023,历史类,F,675,女(原文'她');3+1+2;含加分10裸分665;总分状元;录取清华经管
湖北,襄阳五中,2024,物理类,M,708,男(原文'他');3+1+2;并列;语129数139英143物100化99生98;录取北大信科
湖北,武汉三中,2024,物理类,M,708,男(原文'他');3+1+2;并列;语138数140英142物100化94生94;录取清华计算机与金融双学位
湖北,恩施高中,2024,物理类,M,708,男(原文'他');3+1+2;含加分10裸分698;总分状元;语119数144英143物100化95生97
湖北,襄阳五中,2024,历史类,M,680,男(原文'他');3+1+2;语135数128英142史81生98政96;录取北大元培
湖北,恩施高中,2025,物理类,NA,705,3+1+2;含加分10裸分695;总分状元
湖北,汉阳一中,2025,物理类,M,700,男(原文'他');3+1+2;裸分并列;语135数138英141物97化92生97;录取北大元培
湖北,新洲一中,2025,物理类,NA,700,3+1+2;裸分并列;语129数143英140物94化97生97
湖北,武昌实验中学,2025,物理类,M,700,男(原文'他');3+1+2;裸分并列;语138数143英145物82化96生96;录取清华电子信息
湖北,襄阳五中,2025,历史类,F,686,女(原文'她');3+1+2;语124数140英146史85生97政94;录取北大元培
湖北,华中师大一附中,2026,物理类,NA,714,3+1+2;语138数142英147物96化97生94
湖北,武昌实验中学,2026,历史类,M,684,3+1+2;语138数134英144史76政97地95；性别=初筛确认(2026-08-09)
天津,天津二十中,1979,理,NA,425,
天津,天津一中,1980,文,M,,性别=初筛确认(2026-08-09)
天津,天津一中,1981,理,NA,,
天津,天津南开中学,1988,文,M,,男(原文'他');录取北大经院国经
天津,天津实验中学,1990,理,NA,,
天津,天津第一百中学,1991,理,NA,,
天津,天津南开中学,1994,文,F,,女(原文'她');录取北大经院国经
天津,天津五十五中,1997,文,M,628,并列；性别=初筛确认(2026-08-09)
天津,大港油田实验中学,1997,文,NA,,并列
天津,耀华中学,1998,理,F,,性别=初筛确认(2026-08-09)
天津,天津二十中,1998,文,NA,,
天津,耀华中学,1999,理,NA,686,录取北大计算机
天津,天津一中,1999,文,NA,632,录取北大国贸
天津,耀华中学,2000,理,M,692,男(原文'他');语127数136英135物150化144;录取北大生科
天津,天津南开中学,2000,文,M,652,男(原文'他');并列;语127数130英134史127政134;录取北大国贸
天津,天津二十中,2000,文,NA,652,并列;语129数133英126史136政128;录取北大文科试验班
天津,天津南开中学,2001,理,F,708,女(原文'她');录取北大生科
天津,天津外国语学校,2001,文,NA,662,录取北大国际政治
天津,天津一中,2002,理,M,731,男(原文'他');含加分20裸分711;语136数145英132综298;录取北大生科
天津,天津南开中学,2002,文,F,654,女(原文'她');语129数133英140综252;录取北大国贸
天津,塘沽一中,2003,理,NA,666,录取清华计算机
天津,大港油田实验中学,2003,文,F,644,录取北大经院；性别=初筛确认(2026-08-09)
天津,石家庄二中,2004,理,F,690,学校疑为原文笔误(石家庄二中属河北);录取清华自动化；性别=初筛确认(2026-08-09)
天津,耀华中学,2004,文,NA,680,录取北大法学
天津,天津南开中学,2005,理,M,693,含加分20裸分673;录取清华工商管理；性别=初筛确认(2026-08-09)
天津,天津南开翔宇学校,2005,文,F,635,录取北大光华；性别=初筛确认(2026-08-09)
天津,耀华中学,2006,理,NA,703,含加分10裸分693;录取清华建筑
天津,宝坻一中,2006,文,M,627,男(原文'他');录取北大
天津,天津实验中学,2007,理,NA,696,含加分20裸分676;总分状元;录取清华电子
天津,耀华中学,2007,理,NA,683,裸分状元;录取北大生科
天津,新华中学,2007,文,F,660,含加分10裸分650;录取北大光华；性别=初筛确认(2026-08-09)
天津,天津实验中学,2008,理,NA,716,含加分20裸分696;总分状元;录取清华经管
天津,天津南开中学,2008,理,NA,703,裸分状元;录取清华信科
天津,天津南开中学,2008,文,F,709,含加分20裸分689;录取北大光华；性别=初筛确认(2026-08-09)
天津,耀华中学,2009,理,NA,703,语131数136英145综291
天津,天津七中,2009,文,NA,681,含加分20裸分661;语124数127英138综272
天津,天津四十二中,2010,理,F,695,女(原文'她');含加分20裸分675;总分状元;录取清华生命实验班
天津,天津一中,2010,理,F,693,女(原文'她');裸分状元;语127数142英140综284;录取清华电子
天津,耀华中学,2010,文,F,672,语120数143英144综265；性别=初筛确认(2026-08-09)
天津,蓟县一中,2011,理,M,704,男(原文'他');含加分20裸分684;总分状元;录取清华经管
天津,耀华中学,2011,理,M,699,男(原文'他');裸分状元;录取清华生科
天津,静海一中,2011,文,F,685,含加分20裸分665；性别=初筛确认(2026-08-09)
天津,静海一中,2012,理,M,730,男(原文'他');含加分20裸分710;录取清华工程物理
天津,天津一中,2012,文,M,724,男(原文'他');含加分20裸分704;录取清华
天津,天津南开中学,2013,理,M,716,男(原文'他');含加分20裸分696;语121数146英145综284;录取清华经金国际班
天津,静海一中,2013,文,F,679,含加分20裸分659;总分状元;并列；性别=初筛确认(2026-08-09)
天津,芦台一中,2013,文,NA,679,含加分20裸分659;总分状元;并列
天津,天津一中,2013,文,F,672,女(原文'她');裸分状元;语128数145英145综254;录取港大
天津,宝坻一中,2014,理,M,719,男(原文'他');含加分20裸分699;语126数137外143综293;录取北大
天津,杨村一中,2014,文,F,678,含加分20裸分658;总分状元；性别=初筛确认(2026-08-09)
天津,天津实验中学,2014,文,F,669,女(原文'她');含加分10裸分659;裸分状元;语135数124英144综256;录取北大光华
天津,大港油田实验中学,2015,理,M,706,语133数143外140综290；性别=初筛确认(2026-08-09)
天津,耀华中学,2015,文,NA,684,语132数142外145综265
天津,杨村一中,2016,理,NA,707,并列;语124数146英146综291
天津,蓟州一中,2016,理,NA,707,并列;语131数144英145综287
天津,静海一中,2016,文,F,693,女(原文'她');语135数137英147综274;录取北大
天津,天津南开中学,2017,理,F,700,语122数144英144综290；性别=初筛确认(2026-08-09)
天津,杨村一中,2017,文,NA,666,语125数140英146综255
天津,天津南开中学,2018,理,M,712,男(原文'他');语130数148英146综288;录取北大光华
天津,汉沽一中,2018,文,F,701,女(原文'她');语129数148英147综277;录取北大经院
天津,塘沽一中,2019,理,F,718,女(原文'她');语128数149英146综295;录取清华经管(国际班)
天津,杨村一中,2019,文,NA,667,录取北大中文
天津,武清英华国际学校,2020,不分,F,723,女(原文'她');3+3新高考;语134数146英146史100政100地97;录取清华新雅PPE
天津,石家庄二中,2021,不分,F,738,女(原文'她');3+3;学校疑为原文笔误;语144数149英148化100生100史97;录取清华新雅法学
天津,耀华中学,2022,不分,M,728,男(原文'他');3+3;语135数150英143物100化100生100;录取清华交叉信息
天津,天津南开中学,2023,不分,F,716,3+3;并列;语138数134英144物100化100生100;录取清华交叉信息；性别=初筛确认(2026-08-09)
天津,天津南开中学,2023,不分,M,716,男(原文'他');3+3;并列;语130数142英144物100化100生100;录取清华经管
天津,天津南开中学,2024,不分,NA,716,3+3;语124数145外147;录取清华交叉信息
天津,杨村一中,2025,不分,F,711,3+3;录取清华；性别=初筛确认(2026-08-09)
天津,杨村一中,2026,不分,NA,703,3+3;并列;匿名化处理
天津,天津南开中学,2026,不分,NA,703,3+3;并列;匿名化处理
吉林,辽源五中,1963,理,M,,各科平均98.6分(满分100);录取清华无线电;即FAST天眼之父；性别=初筛确认(2026-08-09)
吉林,东北师大附中,1977,文,NA,,录取东北师大地理
吉林,吉林一中,1978,理,NA,,
吉林,长春外国语学校,1979,文,NA,,
吉林,吉林一中,1980,理,F,,性别=初筛确认(2026-08-09)
吉林,长春外国语学校,1980,文,NA,,
吉林,白山二中,1981,理,M,,性别=初筛确认(2026-08-09)
吉林,长春外国语学校,1981,文,NA,,并列
吉林,东北师大附中,1981,文,NA,,并列;录取北大经济系
吉林,长春外国语学校,1982,文,F,,性别=初筛确认(2026-08-09)
吉林,梅河口五中,1983,理,M,,性别=初筛确认(2026-08-09)
吉林,东北师大附中,1984,文,M,567,录取北大历史；性别=初筛确认(2026-08-09)
吉林,长春外国语学校,1985,文,M,,并列；性别=初筛确认(2026-08-09)
吉林,东北师大附中,1985,文,M,,并列；性别=初筛确认(2026-08-09)
吉林,长春外国语学校,1987,文,NA,,并列
吉林,毓文中学,1987,文,NA,,并列
吉林,东北师大附中,1988,文,NA,,
吉林,吉林一中,1989,理,NA,,
吉林,长春外国语学校,1989,文,NA,,
吉林,长春外国语学校,1990,文,F,,性别=初筛确认(2026-08-09)
吉林,通化县七中,1991,理,F,,性别=初筛确认(2026-08-09)
吉林,梅河口五中,1991,文,M,,性别=初筛确认(2026-08-09)
吉林,长春外国语学校,1992,文,NA,,并列
吉林,东北师大附中,1992,文,NA,,并列;录取北大
吉林,长春市实验中学,1993,理,NA,,
吉林,梅河口十一中,1993,文,NA,,
吉林,集安一中,1994,理,M,,并列；性别=初筛确认(2026-08-09)
吉林,珲春三中,1994,理,M,,并列;录取清华电机；性别=初筛确认(2026-08-09)
吉林,集安一中,1994,文,NA,,
吉林,公主岭一中,1996,理,M,,录取北大；性别=初筛确认(2026-08-09)
吉林,九台一中,1996,文,M,,录取北大；性别=初筛确认(2026-08-09)
吉林,长春外国语学校,1997,文,NA,,录取北大
吉林,辉南六中,1998,理,M,687,并列;录取清华；性别=初筛确认(2026-08-09)
吉林,吉林省实验中学,1998,理,NA,,并列;录取北大
吉林,珲春二中,1999,理,NA,,东北三省理科状元;录取清华
吉林,长春外国语学校,1999,文,NA,,录取北大
吉林,吉林省实验中学,2000,理,M,654,男(原文'他');语129数141英135综249;录取清华电子信息
吉林,东北师大附中,2000,文,M,610,男(原文'他');语120数147外129综214;录取北大经院
吉林,东北师大附中,2001,理,NA,,录取清华
吉林,延边一中,2001,文,F,639,并列;录取北大工商管理；性别=初筛确认(2026-08-09)
吉林,东北师大附中,2001,文,NA,,并列;录取北大新闻
吉林,梨树一中,2002,理,M,699,男(原文'他');语139数142英123综295;录取清华
吉林,长春外国语学校,2002,文,NA,641,语123数134外139综245;录取北大法学
吉林,吉林一中,2003,理,NA,675,并列;录取清华电子信息
吉林,农安实验中学,2003,理,NA,675,并列;录取北大生科
吉林,吉林一中,2003,文,F,619,女(原文'她');语128;录取北大光华工商管理
吉林,东北师大附中,2004,理,NA,715,录取北大
吉林,东北师大附中,2004,文,F,629,女(原文'她');语127数144外134综224;录取北大光华
吉林,东北师大附中,2005,理,F,705,女(原文'她');语131数148英137综289;录取清华工商管理
吉林,东北师大附中,2005,文,F,682,女(原文'她');语132数142英138综270;录取北大光华
吉林,吉林一中,2006,理,M,711,录取上海交大
吉林,毓文中学,2006,文,NA,678,录取北大光华
吉林,松原油田高中,2007,理,NA,709,录取港科大
吉林,长春朝鲜族中学,2007,文,F,674,女(原文'她');语142数134英136综262;录取北大外院法语
吉林,延边一中,2007,文,NA,674,含加分10裸分664;总分状元;录取复旦
吉林,东北师大附中,2007,文,NA,666,汉语言文科状元;语134数148英142综242
吉林,北师大宁江附中,2008,理,F,706,女(原文'她');语131数143英143综289;录取北大
吉林,延边一中,2008,文,F,682,女(原文'她');含加分10裸分672;语140数142英135综255;录取北大
吉林,白城一中,2009,理,F,706,女(原文'她');含加分3裸分703;语131数146英143综283;录取清华
吉林,四平一中,2009,理,NA,706,含加分5裸分701;总分状元;录取清华
吉林,延边一中,2009,文,NA,667,含加分10裸分657;录取清华
吉林,吉林一中,2010,理,F,702,并列;录取清华；性别=初筛确认(2026-08-09)
吉林,吉林一中,2010,理,NA,702,含加分5裸分697;总分状元;录取清华
吉林,延边一中,2010,文,F,653,女(原文'她');含加分10裸分643;语135数129外135综244;录取清华经管经金国际
吉林,东北师大附中,2010,文,NA,642,汉语言文科状元
吉林,梅河口五中,2011,理,M,705,含加分8裸分697;总分状元;录取清华；性别=初筛确认(2026-08-09)
吉林,松原实验高中,2011,理,M,701,男(原文'他');裸分状元;语135数147英142综277;录取北大
吉林,延边一中,2011,文,F,681,含加分10裸分671;总分状元;录取清华；性别=初筛确认(2026-08-09)
吉林,通钢一中,2011,文,F,673,女(原文'她');裸分状元;语128数150英145综250;录取北大
吉林,松原油田高中,2012,理,M,706,男(原文'他');语129数149英143综285;录取清华电子
吉林,延边一中,2012,文,F,672,女(原文'她');含加分10裸分662;总分状元;录取清华经管
吉林,东北师大附中,2012,文,F,664,女(原文'她');裸分状元;语134数142英145综243;录取北大光华
吉林,吉林一中,2013,理,F,708,含加分8裸分700;总分状元;录取清华；性别=初筛确认(2026-08-09)
吉林,吉林一中,2013,理,F,704,女(原文'她');裸分状元;录取清华
吉林,延边一中,2013,文,NA,661,含加分10裸分651;总分状元;录取清华
吉林,吉大附中,2013,文,NA,657,含加分5裸分652;裸分状元;录取清华
吉林,东北师大附中,2014,理,M,717,男(原文'他');含加分5裸分712;英150;总分状元;并列;录取清华
吉林,东北师大附中,2014,理,M,717,男(原文'他');含加分8裸分709;总分状元;并列;语126数149英141综293;录取清华
吉林,东北师大附中,2014,理,F,716,女(原文'她');裸分状元;录取清华
吉林,延边一中,2014,文,F,687,女(原文'她');含加分10裸分677;录取北大
吉林,东北师大附中,2014,文,NA,674,汉语言文科状元
吉林,松原油田高中,2015,理,F,708,女(原文'她');语137数141英145综285;录取清华
吉林,吉林一中,2015,理,F,708,含加分5裸分703;总分状元;录取清华电子；性别=初筛确认(2026-08-09)
吉林,珲春二中,2015,文,F,675,女(原文'她');含加分10裸分665;语139数140外141综245;录取清华
吉林,吉大附中,2015,文,NA,661,汉语言;并列;语122数147英149综243
吉林,吉大附中,2015,文,NA,661,汉语言;并列;语121数150英145综245
吉林,吉林市朝鲜族中学,2016,理,NA,712,含加分10裸分702;总分状元;录取清华
吉林,东北师大附中,2016,理,F,708,女(原文'她');裸分状元;复读生(2015=657考入同济);语127数148英147综286;录取北大
吉林,延边一中,2016,文,F,692,女(原文'她');含加分10裸分682;录取清华经金国际班
吉林,吉大附中,2016,文,M,660,汉语言文科状元；性别=初筛确认(2026-08-09)
吉林,东北师大附中,2017,理,F,712,女(原文'她');语137数145英147综283;录取清华
吉林,吉林市朝鲜族中学,2017,文,F,689,女(原文'她');含加分10裸分679;语142数142英144综251;录取清华
吉林,吉大附中实验学校,2017,文,F,672,女(原文'她');汉语言文科状元;录取北大
吉林,吉大附中,2018,理,NA,716,语132数148英143综293;录取清华
吉林,珲春二中,2018,文,NA,689,语149数141英138综261;录取清华
吉林,白山二中,2018,文,NA,670,汉语言文科状元;语130数145外144综251
吉林,珲春二中,2019,理,NA,721,含加分10裸分711;总分状元;语148数147外140综276;录取清华
吉林,吉林一中,2019,理,F,714,女(原文'她');裸分状元;综294;录取北大
吉林,延边一中,2019,文,F,676,女(原文'她');语141数145外144综246;录取清华经管
吉林,东北师大附中,2019,文,NA,656,汉语言文科状元;录取北大光华
吉林,吉林一中,2020,理,NA,727,高二(2019)已考708全省第5(数学150);语135数148英148综296;录取清华交叉信息
吉林,东北师大附中,2020,文,F,666,女(原文'她');语133数134英147综252;录取北大中文
吉林,吉林一中,2021,理,M,709,男(原文'他');语136数148外143综282;录取清华计算机与金融双学位
吉林,舒兰一中,2021,文,F,670,女(原文'她');语135数148英143综244;录取北大光华
吉林,吉林一中,2022,理,M,705,男(原文'他');语132数137外143综293;录取北大数学
吉林,通钢一中,2022,文,F,647,女(原文'她');语123数146外137综241;录取北大哲学
吉林,东北师大附中,2023,理,NA,705,录取清华协和临床医学八年制
吉林,东北师大附中,2023,文,NA,656,录取北大法学
吉林,东北师大附中,2024,物理类,M,718,男(原文'他');3+1+2;语133数144英145物100化99生97;录取北大元培
吉林,东北师大附中,2024,历史类,F,702,女(原文'她');3+1+2;语136数138外142史91政95地100;录取北大光华
吉林,吉林一中,2025,物理类,M,725,男(原文'他');3+1+2;语132数150外145物100化99生99;录取清华计算机
吉林,长春十一高中,2025,历史类,M,697,男(原文'他');3+1+2;语135数140外141史92政96地93;录取北大经院
吉林,东北师大附中,2026,物理类,F,718,3+1+2;并列;语136数145外145物100化95生97；性别=初筛确认(2026-08-09)
吉林,东北师大附中,2026,物理类,NA,718,3+1+2;并列;语144数139外147物98化93生97
吉林,东北师大附中,2026,历史类,NA,697,3+1+2;语141数130英142史97政94地93
四川,内江一中,1959,文,NA,,录取北大
四川,树德中学,1960,理,NA,,录取清华
四川,重庆田家炳中学,1963,理,NA,,录取北大;后为中科院院士(数学家)
四川,成都列五中,1977,理,M,,男(原文'他');31岁参加高考;录取清华
四川,南充高中,1977,文,NA,,录取北大中文新闻
四川,重庆二十九中,1978,理,NA,,录取重大应用数学
四川,字水中学,1978,文,NA,,录取人大新闻
四川,盐道街中学,1979,理,NA,,录取北大数学
四川,重庆一中,1980,理,NA,,录取中科大
四川,蜀光中学,1981,文,NA,,姓名未公开
四川,重庆十八中,1982,文,NA,,录取北大
四川,隆昌一中,1983,理,NA,,录取中科大
四川,万源中学,1983,文,M,,录取北大中文；性别=初筛确认(2026-08-09)
四川,重庆一中,1984,理,M,,录取北大数学；性别=初筛确认(2026-08-09)
四川,西南交大附中,1985,理,NA,,
四川,资中二中,1985,文,NA,,
四川,资阳中学,1986,理,M,,录取中科大；性别=初筛确认(2026-08-09)
四川,平武中学,1986,文,NA,,录取北大
四川,乐至中学,1987,理,NA,,
四川,乐至中学,1987,文,NA,,录取复旦
四川,西南交大附中,1988,理,NA,,
四川,自贡蜀光中学,1988,文,NA,,录取北大
四川,重庆南开中学,1989,理,F,,录取复旦；性别=初筛确认(2026-08-09)
四川,重庆八中,1990,理,NA,,录取清华
四川,西南师大附中,1991,理,NA,,
四川,延风中学,1992,理,NA,645,
四川,开县中学,1993,文,M,,录取北师大；性别=初筛确认(2026-08-09)
四川,重庆十八中,1994,理,F,684,录取清华计算机；性别=初筛确认(2026-08-09)
四川,重庆一中,1994,文,NA,620,录取人大国际经贸
四川,绵阳科学城一中,1995,理,NA,676,
四川,成都外国语学校,1995,文,M,,录取北大经院；性别=初筛确认(2026-08-09)
四川,铜梁中学,1996,理,F,,女(原文'她');化学单科全省第一;录取北大
四川,成都外国语学校,1996,文,NA,,
四川,德阳三中,1997,理,NA,,并列;物理150
四川,重庆一中,1997,理,NA,,并列
四川,重庆外国语学校,1997,文,F,624,女(原文'她');语96数132俄146(俄语考生);录取北大国关
四川,成都玉林中学,1998,理,NA,695,录取清华
四川,资阳中学,1998,文,NA,626,语138;录取北大国关国际政治
四川,树德中学,1999,理,NA,688,录取北大生科
四川,成都实验外国语学校,1999,文,NA,649,录取北大光华金融
四川,成都七中,2000,理,F,687,语129数130英142物139化147;录取清华生物；性别=初筛确认(2026-08-09)
四川,成都实验外国语学校,2000,文,F,635,女(原文'她');英语单科全省第1;语118数124英143政122史128;录取北大光华金融
四川,石室中学,2001,理,F,703,女(原文'她');语131数145英137综290;录取北大光华金融
四川,内江六中,2001,文,M,656,男(原文'他');语125数148英139综244;录取北大光华金融
四川,自贡蜀光中学,2002,理,F,702,女(原文'她');并列;语133数137英142综290;录取北大
四川,树德中学,2002,理,NA,702,并列
四川,屏山中学,2002,文,NA,658,语125数136英125综272
四川,富顺二中,2003,理,M,674,男(原文'他');语121数137外136综280;录取清华生科
四川,成都实验外国语学校,2003,文,NA,664,语121数134外142综267
四川,成都外国语学校,2004,理,M,692,男(原文'他');并列;语124数145外136综287;录取清华
四川,什邡中学,2004,理,M,692,男(原文'他');并列;语124数138外135综295;录取清华
四川,成都实验外国语学校,2004,文,F,643,女(原文'她');语145数129外139综230;录取北大法学
四川,内江六中,2005,理,M,716,男(原文'他');语128数148英142综298;录取清华土木经济双学位
四川,内江六中,2005,文,F,677,女(原文'她');语134数144英148综251;录取北大光华
四川,树德中学,2006,理,NA,701,语126数143外142综290;录取港科大
四川,攀枝花七中,2006,文,F,655,女(原文'她');录取北大元培(会计)
四川,双流中学,2007,理,M,690,男(原文'他');语121数148外131综290;录取清华数理基础
四川,成都外国语学校,2007,文,M,677,语130数146外141综260；性别=初筛确认(2026-08-09)
四川,石室中学,2008,理,F,717,女(原文'她');语130数148英148综291;录取北大光华
四川,石室中学,2008,文,F,688,女(原文'她');语133数150英147综258;录取清华经管
四川,巴中中学,2009,理,M,655,男(原文'他');语106数142外137综270;录取清华材料
四川,成都实验外国语学校,2009,文,F,634,语121数133英141综239；性别=初筛确认(2026-08-09)
四川,绵阳中学,2010,理,M,676,男(原文'他');复读生;语117数141英139综279;录取清华
四川,成都实验外国语学校,2010,文,M,654,男(原文'他');语107数137英142综268;录取北大光华
四川,成都外国语学校,2011,理,M,691,男(原文'他');语121数144外135综291;录取清华物理
四川,绵阳南山中学,2011,文,M,649,男(原文'他');语118数134英138综259;录取清华经管
四川,成都外国语学校,2012,理,F,682,女(原文'她');语119数137英136综290;录取清华材料
四川,成都外国语学校,2012,文,F,636,女(原文'她');语英单科均全省文科第1;语131数143外143综219;录取清华
四川,锦江嘉祥外国语学校,2013,理,M,707,男(原文'他');语120数150外147综290;录取清华数学
四川,江油一中,2013,文,M,669,男(原文'他');语125数149英145综250;录取北大光华
四川,成都七中,2014,理,M,687,男(原文'他');语122数143英140综282;录取北大化学
四川,绵阳东辰国际学校,2014,文,F,650,女(原文'她');语127数145英142综236;录取清华金融
四川,绵阳中学,2015,理,M,689,男(原文'他');语123数142英142综282;录取清华
四川,成都外国语学校,2015,文,F,681,女(原文'她');比全省第2名高21分;模考两次700+;语132数137外143综269
四川,什邡中学,2016,理,M,709,男(原文'他');语125数148英140综296;录取清华新雅
四川,绵阳中学,2016,文,F,663,女(原文'她');语130数148英143综242;录取清华经管
四川,树德中学,2017,理,F,720,女(原文'她');语136数150外144综290;录取清华
四川,成都实验外国语学校,2017,文,NA,668,语133数145英148综242
四川,遂宁安居育才中学,2018,理,M,718,男(原文'他');语133数148英146综291;录取北大
四川,成都七中,2018,文,F,663,女(原文'她');录取北大中文
四川,石室中学,2019,理,M,718,男(原文'他');并列;语133数150英148综287;录取清华计算机
四川,成都七中,2019,理,F,718,女(原文'她');并列;语128数150外147综293;录取清华新雅(钱学森力学班)
四川,南充高中,2019,文,NA,681,语134数150外144综253
四川,成都七中,2020,理,M,710,男(原文'他');语125数141英148综296;录取北大
四川,树德中学,2020,文,F,676,女(原文'她');语123数150英144综259;录取北大光华
四川,绵阳东辰国际学校,2021,理,M,722,"男(原文'他');复读生(原成都外国语,2020=663);语132数149外146综295;录取清华"
四川,成都七中,2021,文,F,666,女(原文'她');语130数148外147综241;录取北大光华
四川,成都七中,2022,理,M,710,男(原文'他');并列;数150;眉山市中考状元;录取清华计算机
四川,成都七中,2022,理,F,710,女(原文'她');并列;语127数150英149综284;录取北大元培
四川,棠湖外国语学校,2022,文,F,672,女(原文'她');语127数143外147综255;录取北大元培(光华)
四川,成都七中,2023,理,F,712,女(原文'她');自贡市中考状元;语127数148外145综292;录取清华临床医学
四川,绵阳中学,2023,文,F,654,女(原文'她');语122数137外145综250;录取北大中文
四川,成都七中,2024,理,NA,715,语126数150外144综295;录取清华新雅
四川,成都七中,2024,文,F,657,女(原文'她');语125数149外145综238;录取北大元培
四川,成都实验外国语学校,2025,物理类,NA,712,新高考3+1+2首届;据称;语127数150外141物97化97生100
四川,成都七中,2025,历史类,NA,677,据称
辽宁,大连八中,1994,理,NA,679,
辽宁,辽宁北镇高中,1995,理,NA,681,
辽宁,鞍山一中,1996,理,M,,数学143；性别=初筛确认(2026-08-09)
辽宁,沈阳朝鲜族一中,1996,文,F,,录取北大；性别=初筛确认(2026-08-09)
辽宁,沈阳八十三中,1997,理,NA,,录取清华土木
辽宁,沈阳朝鲜族一中,1997,文,F,,录取北大；性别=初筛确认(2026-08-09)
辽宁,辽宁省实验中学,1998,理,NA,686,录取清华自动化
辽宁,辽宁师大附中,1998,文,M,,性别=初筛确认(2026-08-09)
辽宁,康平高中,1999,理,M,693,男(原文'他');录取清华
辽宁,鞍山一中,1999,文,NA,,并列;录取北大经院
辽宁,大连二十三中,1999,文,F,638,女(原文'她');并列;数学150;录取北大经院
辽宁,大连育明高中,2000,理,M,680,男(原文'他');语127数134英131物143化145;录取清华生物
辽宁,鞍山朝鲜族中学,2000,文,F,648,女(原文'她');日语考生:语131数117日语140政135史125;录取北大法学
辽宁,沈阳朝鲜族一中,2001,理,M,704,并列；性别=初筛确认(2026-08-09)
辽宁,大连八中,2001,理,NA,,并列
辽宁,鞍山一中,2001,文,F,649,女(原文'她');并列;语123数150英134综242;录取北大光华
辽宁,沈阳二十七中,2001,文,NA,,并列;录取人大
辽宁,阜新高中,2002,理,M,707,男(原文'他');语125数148英139综295;录取清华
辽宁,桓仁朝鲜族中学,2002,文,F,689,女(原文'她');日语128;语139数139日语128综283;录取北大
辽宁,本溪高中,2003,不分,M,692,男(原文'他');3+X大综合;含加分10裸分682;语117数148英130综287;录取清华电子
辽宁,大连育明高中,2004,不分,F,704,女(原文'她');3+X大综合;含加分10裸分694;总分状元;语126数149英131综288;录取北大数学
辽宁,庄河高中,2004,不分,NA,697,3+X大综合;裸分状元
辽宁,朝阳二高,2005,不分,F,682,女(原文'她');3+X大综合;含加分;总分状元;数133;录取清华
辽宁,辽宁省实验中学,2005,不分,NA,680,3+X大综合;裸分状元;并列
辽宁,盘锦市高级中学,2005,不分,M,680,3+X大综合;裸分状元;并列；性别=初筛确认(2026-08-09)
辽宁,阜新实验中学,2006,理,M,687,男(原文'他');含加分;总分状元;综290;录取清华土木
辽宁,盘锦市高级中学,2006,理,NA,677,裸分状元
辽宁,沈阳朝鲜族一中,2006,文,F,668,女(原文'她');数学150;录取北大新闻
辽宁,大连二十四中,2007,理,M,692,含加分10裸分682;总分状元;语124数139英133综286；性别=初筛确认(2026-08-09)
辽宁,锦州中学,2007,理,NA,689,裸分状元;语123数135外146综285
辽宁,本溪高中,2007,文,F,665,女(原文'她');语126数137英143综259;录取港大金融
辽宁,阜新实验中学,2008,理,M,692,男(原文'他');复读生(2007=649);语123数137英141综291;录取北大光华
辽宁,沈阳朝鲜族一中,2008,文,F,695,女(原文'她');含加分10裸分685;录取北大
辽宁,辽宁省实验中学,2009,理,F,718,女(原文'她');含加分10裸分708;语136数145外141综286;录取北大光华金融
辽宁,沈阳朝鲜族一中,2009,文,F,674,女(原文'她');含加分10裸分664;语130数136英139综259;录取北大光华
辽宁,辽宁省实验中学,2009,文,F,659,汉语言文科状元;含加分10裸分649；性别=初筛确认(2026-08-09)
辽宁,本溪高中,2010,理,NA,712,含加分10裸分702;总分状元
辽宁,阜新实验中学,2010,理,F,705,裸分状元;语126数150外131综298；性别=初筛确认(2026-08-09)
辽宁,抚顺二中,2010,文,M,650,男(原文'他');含加分10裸分640;总分状元;录取港中文
辽宁,本溪高中,2010,文,F,646,女(原文'她');裸分状元;语134数143英143综226;录取北大经院
辽宁,东北育才学校,2011,理,M,718,男(原文'他');语129数147英145综297;录取清华经管
辽宁,朝阳一高,2011,文,NA,656,含加分10裸分646;语142数136英140综228
辽宁,辽宁省实验中学,2012,理,NA,706,含加分10裸分696;总分状元;语121数139英138综288
辽宁,鞍山一中,2012,理,M,702,男(原文'他');裸分状元;复读生;录取清华环境
辽宁,沈阳朝鲜族一中,2012,文,F,680,语137数141英135综267；性别=初筛确认(2026-08-09)
辽宁,本溪高中,2012,文,NA,657,汉语言文科状元;录取港大经金
辽宁,本溪高中,2013,理,M,709,男(原文'他');含加分10裸分699;总分状元;语126数147英136综290;录取清华计算机
辽宁,东北育才学校,2013,理,M,700,男(原文'他');裸分状元;语126数150外142综282;录取北大
辽宁,本溪高中,2013,文,F,668,女(原文'她');含加分10裸分658;录取港大
辽宁,本溪高中,2014,理,NA,710,含加分10裸分700;总分状元
辽宁,盘锦市高级中学,2014,理,NA,705,裸分状元
辽宁,大连朝鲜族学校,2014,文,F,671,女(原文'她');含加分10裸分661;总分状元;语133数134英133综261;录取北大
辽宁,本溪高中,2014,文,F,666,女(原文'她');裸分状元;2013文科状元从港大退学复读;语126数141外147综252;录取北大中文
辽宁,抚顺二中,2015,理,NA,709,录取清华经管
辽宁,盘锦市高级中学,2015,文,NA,666,录取清华社科学院
辽宁,朝阳一高,2016,理,M,716,男(原文'他');含加分5裸分711;语137数147英139综288;录取清华交叉信息
辽宁,沈阳朝鲜族一中,2016,文,M,665,录取清华经管经金国际班；性别=初筛确认(2026-08-09)
辽宁,鞍山一中,2016,文,F,649,汉语言文科状元;录取清华新雅；性别=初筛确认(2026-08-09)
辽宁,喀左一中,2017,理,NA,714,语141数146英143综284
辽宁,大连二十四中,2017,文,F,653,女(原文'她');录取北大外院英语
辽宁,喀左一中,2018,理,NA,711,录取清华计算机
辽宁,盘锦市高级中学,2018,理,NA,710,汉语言理科状元;数150综290;录取北大光华
辽宁,盘锦市高级中学,2018,文,M,666,男(原文'他');语129;录取清华经管
辽宁,盘锦市高级中学,2019,理,NA,707,语130数144英148综285;录取清华
辽宁,丹东二中,2019,文,NA,679,语133数143英143综260;录取北大光华
辽宁,朝阳一高,2020,理,M,722,"男(原文'他');含加分5裸分717;复读生(原朝阳二高,2019=683);语139数150外142综286"
辽宁,本溪高中,2020,理,NA,712,汉语言理科状元;录取清华数理
辽宁,东港二中,2020,文,F,683,女(原文'她');语132数149英144综258;录取北大元培
辽宁,盘锦市高级中学,2021,物理类,M,711,男(原文'他');3+1+2;并列;语138数148英136物93化98生98;录取清华计算机
辽宁,盘锦市高级中学,2021,物理类,M,711,男(原文'他');3+1+2;并列;语128数148英141物100化98生96;录取清华交叉信息
辽宁,丹东二中,2021,历史类,F,691,女(原文'她');3+1+2;选科史政地;录取清华经管经金
辽宁,凌源市实验中学,2022,物理类,F,706,女(原文'她');3+1+2;含加分5裸分701;总分状元;录取清华计算机
辽宁,锦州中学,2022,物理类,M,703,男(原文'他');3+1+2;裸分状元;录取清华交叉信息
辽宁,沈阳朝鲜族一中,2022,历史类,F,682,女(原文'她');3+1+2;含加分5裸分677;语132数126外135史88政97地99;录取北大元培(心理学)
辽宁,鞍山一中,2022,历史类,F,676,3+1+2;汉语言历史类状元;语128数131外138史87政94地98;录取北大元培；性别=初筛确认(2026-08-09)
辽宁,朝阳二高,2023,物理类,M,719,男(原文'他');3+1+2;语145数148英136物95化97生98;录取清华电子信息
辽宁,大连二十四中,2023,物理类,M,715,男(原文'他');3+1+2;汉语言物理类;并列;语133数146外143物100化97生96;录取清华电子(人工智能)
辽宁,大连二十四中,2023,物理类,NA,715,3+1+2;汉语言物理类;并列;录取北大物理
辽宁,盘锦市高级中学,2023,历史类,F,683,女(原文'她');3+1+2;语131数144英137史85政92地94;录取北大元培
辽宁,营口开发区一高,2023,历史类,M,683,男(原文'他');3+1+2;语130数147英137史88政92地89;录取北大元培PPE
辽宁,大连育明高中,2024,物理类,NA,718,3+1+2;并列;语133数150英143物96化100生96;录取北大光华
辽宁,辽宁省实验中学,2024,物理类,F,718,3+1+2;并列;语130数148英144物100化98生98；性别=初筛确认(2026-08-09)
辽宁,营口高中,2024,历史类,F,688,女(原文'她');3+1+2;语134数131英145史83政100地95;录取北大元培PPE
辽宁,大连育明高中,2025,物理类,M,715,3+1+2;并列;语137数149外144物95化98生92;录取清华计算机；性别=初筛确认(2026-08-09)
辽宁,大连二十四中,2025,物理类,NA,715,3+1+2;并列;语125数150外145物99化100生96
辽宁,东北育才学校,2025,物理类,NA,715,3+1+2;并列;语134数142外143物98化99生99
辽宁,本溪高中,2025,历史类,M,702,"男(原文'他');3+1+2;比全省第2名高20分,语文全省第1;语141数143英140史84生98政96;录取北大元培"
辽宁,大连二十四中,2026,物理类,F,717,3+1+2;并列；性别=初筛确认(2026-08-09)
辽宁,大连二十四中,2026,物理类,NA,717,3+1+2;并列
辽宁,本溪高中,2026,历史类,NA,694,3+1+2;匿名化
上海,上海市三女中,1956,理,F,,女;数理化三科全满分;录取清华电机;后为数学家
上海,上海五十四中,1977,理,NA,,录取复旦
上海,华东师大二附中,1979,理,M,454,据称全国理科最高分;录取北大物理；性别=初筛确认(2026-08-09)
上海,华东师大二附中,1980,理,NA,,录取复旦
上海,控江中学,1981,文,NA,,录取复旦
上海,上海建设中学,1983,理,M,,录取复旦物理；性别=初筛确认(2026-08-09)
上海,北虹中学,1983,文,F,,性别=初筛确认(2026-08-09)
上海,华东师大二附中,1984,理,NA,,
上海,华东师大二附中,1984,文,NA,,
上海,华东师大二附中,1984,外,NA,,文科外语类状元
上海,上海二中,1986,理,NA,,并列;录取复旦
上海,华东师大二附中,1986,理,NA,,并列
上海,曹杨中学,1987,理,NA,,录取同济
上海,奉贤中学,1989,理,NA,547,
上海,上海理工附中,1990,理,M,,录取上海交大；性别=初筛确认(2026-08-09)
上海,松江二中,1993,文,F,535,女(原文'她');语128数147英133政127;录取复旦
上海,高桥中学,1994,理,M,550,性别=初筛确认(2026-08-09)
上海,上南中学,1994,文,NA,,录取复旦
上海,上海二中,1995,理,NA,,
上海,松江二中,1995,文,NA,,录取复旦
上海,行知中学,1996,理,F,542,录取复旦；性别=初筛确认(2026-08-09)
上海,复旦附中,1996,文,NA,532,录取复旦
上海,上海中学,1997,理,NA,,录取清华计算机
上海,哈尔滨三中,1998,理,NA,,学校存疑(哈尔滨三中属黑龙江)
上海,罗店中学,1999,理,F,557,女(原文'她');录取清华计算机
上海,上海延安中学,1999,文,NA,,录取北大经院国贸
上海,市西中学,2000,理,M,562,男(原文'他');语130数146英137物149;录取清华电子
上海,华东师大一附中,2000,文,NA,,录取北大
上海,华东师大二附中,2001,理,NA,,录取清华金融
上海,市西中学,2001,文,M,529,男(原文'他');语120数143英133政133;录取北大光华
上海,重庆一中,2002,理,NA,,学校存疑(重庆一中属重庆);录取清华
上海,控江中学,2002,理,M,575,男(原文'他');语127数139英137化144综合28;录取北大
上海,曹杨二中,2002,文,NA,565,录取北大
上海,上海大同中学,2003,理,F,600,含加分20裸分580;录取复旦应用数学；性别=初筛确认(2026-08-09)
上海,市西中学,2003,文,M,567,性别=初筛确认(2026-08-09)
上海,控江中学,2004,理,F,600,女(原文'她');含加分10裸分590;语132数145外143化144综合26;录取北大光华
上海,宜川中学,2004,文,NA,584,
上海,杨浦高中,2005,理,F,583,性别=初筛确认(2026-08-09)
上海,彭浦中学,2005,文,F,582,女(原文'她');含加分20裸分562;总分状元;选科政治;录取北大
上海,松江二中,2005,文,NA,566,裸分状元
上海,格致中学,2006,理,NA,585,
上海,曹杨二中,2006,文,NA,575,
上海,上海中学,2007,理,M,589,性别=初筛确认(2026-08-09)
上海,控江中学,2007,文,NA,561,
上海,上海中学,2008,理,NA,582,语125数138英144化148综合27
上海,上海中学,2008,文,F,576,女(原文'她');含加分20裸分556;总分状元;语118数132英145政135综合26;录取港大
上海,上海中学,2008,文,NA,565,裸分状元
上海,上海中学,2009,理,NA,575,含加分10裸分565;选科物理;SAT满分+AST全国第一;录取剑桥大学
上海,上海中学,2009,文,F,582,语133数144英145史133综合27；性别=初筛确认(2026-08-09)
上海,进才中学,2010,理,NA,592,含加分20裸分572;语120数143英138物147综合24
上海,上海中学,2010,文,NA,566,语118数146英137政137综合28
上海,上海中学,2011,理,M,584,男(原文'他');并列;语127数138英145物147综合27;录取港大
上海,上海中学,2011,理,NA,584,并列;录取清华
上海,上海中学,2011,文,NA,582,语128数150英140史137综合27
上海,上海中学,2012,理,F,576,女(原文'她');含加分20裸分556;总分状元;录取清华
上海,上海中学,2012,理,M,557,裸分状元;语128数147英142物140；性别=初筛确认(2026-08-09)
上海,上海中学,2012,文,NA,542,语120数142英144政136
上海,上海中学,2013,理,M,539,并列;语114数144英144物137；性别=初筛确认(2026-08-09)
上海,上海中学,2013,理,M,539,男(原文'他');并列;语111数142英137物149;录取港大
上海,上海中学,2013,文,NA,537,语126数134英144政133
上海,上海复兴高中,2014,理,M,558,男(原文'他');语127数147英139物145;录取港大
上海,上外浦东外校,2014,文,F,561,女(原文'她');含加分;总分状元;录取清华法学(国际班)
上海,上海中学,2014,文,F,556,女(原文'她');裸分状元;语128数148外139政141;录取港大
上海,上海中学,2015,理,M,557,男(原文'他');语123数149外138化147;录取北大数学
上海,复旦附中,2015,文,NA,526,语112数147英140政127
上海,复旦附中,2016,理,F,557,女(原文'她');2013上海中考状元;语132数142英141化142;录取北大
上海,上海中学,2016,文,F,550,女(原文'她');语134数145英139史132;录取清华法学
上海,上海中学,2017,不分,F,627,女(原文'她');3+3首届;语133数144外140物70化70地70(赋分);录取北大元培
上海,复旦附中,2018,不分,M,626,男(原文'他');3+3;语131数143英142物70化70生70;录取清华电子信息
上海,上海中学,2019,不分,F,636,女(原文'她');3+3;语135数150英144物70化67生70;录取北大光华
上海,七宝中学,2020,不分,NA,624,3+3;并列;语130
上海,七宝中学,2020,不分,M,624,男(原文'他');3+3;并列;语133数145英139物70生70地67;录取北大光华
上海,上海中学,2020,不分,NA,624,3+3;并列
上海,上海中学,2021,不分,M,633,男(原文'他');3+3;语132数150外141物70化70地70;录取北大光华
上海,上海交大附中,2022,不分,F,631,女(原文'她');3+3;语130数149英142物70化70生70;录取北大光华
上海,华东师大二附中,2023,不分,M,633,男(原文'他');3+3;录取清华电子
上海,华东师大二附中,2024,不分,F,634,女(原文'她');3+3;语133数148外143;录取清华电子信息
上海,华东师大二附中,2025,不分,M,632,男(原文'他');3+3;并列;语136;录取清华电子
上海,上海中学,2025,不分,F,632,3+3;并列；性别=初筛确认(2026-08-09)
上海,复旦附中,2026,不分,NA,631,3+3;语131数150英140物70化70生70
浙江,鄞县中学,1995,理,NA,678,语124数136英126物145化147
浙江,海宁高级中学,1995,文,NA,620,语117数148英122政124史109
浙江,义乌中学,1996,理,F,687,性别=初筛确认(2026-08-09)
浙江,武义一中,1996,文,NA,,
浙江,兰溪一中,1997,理,NA,669,
浙江,桐乡高级中学,1997,文,F,,录取外交学院；性别=初筛确认(2026-08-09)
浙江,慈溪中学,1998,理,NA,695,录取清华计算机
浙江,桐乡高级中学,1998,文,M,617,男(原文'他');录取北大法学
浙江,景宁中学,1999,理,M,694,语130物150化148；性别=初筛确认(2026-08-09)
浙江,东阳中学,1999,文,NA,,并列;录取协和医大(清华八年制)
浙江,义乌中学,1999,文,NA,,并列;录取北大外院
浙江,嘉善高中,2000,理,F,655,女(原文'她');并列;语134数135英135综251;录取北大生科
浙江,桐乡高级中学,2000,理,M,655,男(原文'他');并列;语130数139英130综256;录取北大生科
浙江,诸暨中学,2000,文,F,632,女(原文'她');语132数137英139综224;录取清华法学
浙江,温州十五中,2001,理,F,696,并列;录取清华电子；性别=初筛确认(2026-08-09)
浙江,嵊州二中,2001,理,NA,696,并列;录取清华生物
浙江,嵊州一中,2001,文,NA,656,录取北大经院
浙江,余姚中学,2002,理,F,708,女(原文'她');并列;语127数140英141综300;录取清华建筑
浙江,宁波镇海中学,2002,理,M,708,男(原文'他');并列;语130数144英137综297;录取北大光华
浙江,象山中学,2002,文,F,684,女(原文'她');语137数134英133综280;录取北大光华
浙江,杭州外国语学校,2003,理,F,698,语125数142英143综288；性别=初筛确认(2026-08-09)
浙江,浦江中学,2003,文,F,661,女(原文'她');语133数131英142综255;录取北大
浙江,绍兴鲁迅中学,2004,理,M,731,男(原文'他');含加分20裸分711;语126数149英137综299;录取北大元培
浙江,海宁宏达高中,2004,文,F,682,女(原文'她');语130数150英143综259;录取北大元培
浙江,瑞安中学,2005,理,F,709,女(原文'她');语127数144外144综294;录取清华
浙江,衢州二中,2005,文,F,666,女(原文'她');语120数149英141综256;录取北大元培
浙江,杭州二中,2006,理,M,705,男(原文'他');语128数150英140综287;录取北大
浙江,舟山中学,2006,文,M,678,男(原文'他');语123数145英141综269;录取北大
浙江,新昌中学,2007,理,F,708,含加分;总分状元；性别=初筛确认(2026-08-09)
浙江,湖州中学,2007,理,NA,699,裸分状元;语134数145英143综277
浙江,杭州学军中学,2007,理,F,699,女(原文'她');裸分状元并列;语126数144英145综284;录取港大金融
浙江,新昌中学,2007,文,F,644,女(原文'她');语129数144英133综238;录取北大元培(历史)
浙江,宁波镇海中学,2008,理,M,703,男(原文'他');语124数142外143综294;录取北大光华金融
浙江,杭州高级中学,2008,文,F,654,女(原文'她');建德中考状元;语131数135英145综243;录取北大光华会计
浙江,杭州外国语学校,2009,理,M,768,男(原文'他');810分制;含加分20裸分748;总分状元;录取清华电子
浙江,台州一中,2009,理,NA,752,810分制;裸分状元
浙江,绍兴鲁迅中学,2009,文,M,709,男(原文'他');810分制;含加分20裸分689;总分状元;语116数143英139综240自选51;录取北大光华
浙江,绍兴鲁迅中学,2009,文,NA,703,810分制;裸分状元
浙江,新昌中学,2009,文,F,703,女(原文'她');810分制;裸分状元并列;数147;录取清华法学
浙江,宁波镇海中学,2010,理,NA,740,810分制;含加分20裸分720;语118数145英135综262自选60;录取清华建筑
浙江,海盐元济高中,2010,文,F,725,女(原文'她');810分制;语129数148英139综253自选56;录取北大光华
浙江,温州中学,2011,理,NA,738,810分制;语121数144外130综289自选54;录取北大光华
浙江,杭州二中,2011,文,NA,687,810分制;并列;语111数144英138综242自选52
浙江,舟山中学,2011,文,F,687,810分制;并列;语121数144英135综235自选52;录取北大；性别=初筛确认(2026-08-09)
浙江,宁波镇海中学,2012,理,M,757,810分制;语124数145英142综288自选58；性别=初筛确认(2026-08-09)
浙江,长兴中学,2012,文,F,733,女(原文'她');810分制;含加分10裸分723;总分状元;语121数145英142综260自选55;录取北大光华
浙江,杭州高级中学,2012,文,NA,728,810分制;裸分状元;录取北大光华
浙江,宁波镇海中学,2013,理,M,770,810分制;嘉兴中考状元;语128数150英142综290自选60；性别=初筛确认(2026-08-09)
浙江,海宁宏达高中,2013,文,NA,731,810分制
浙江,宁波镇海中学,2014,理,M,759,810分制;含加分10裸分749;总分状元;语118数146英137综288自选60；性别=初筛确认(2026-08-09)
浙江,宁波镇海中学,2014,理,F,758,810分制;裸分状元;语127数145英142综284自选60；性别=初筛确认(2026-08-09)
浙江,宁波镇海中学,2014,文,F,745,810分制;语118数150英145综273自选59；性别=初筛确认(2026-08-09)
浙江,宁波镇海中学,2015,理,M,760,男(原文'他');810分制;语132数144英142综282自选60;录取北大元培(中文)
浙江,宁波镇海中学,2015,文,F,745,女(原文'她');810分制;语131数144英146综266自选58;录取北大法学
浙江,宁波镇海中学,2016,理,NA,750,810分制;含加分5裸分745;总分状元;语110数149英139综287自选60
浙江,长兴中学,2016,理,NA,749,810分制;裸分状元;语111数150英142综286自选60
浙江,宁波镇海中学,2016,文,F,733,810分制;语128数150英136综259自选60；性别=初筛确认(2026-08-09)
浙江,诸暨中学,2017,不分,NA,723,3+3首届;语132数147英144物100化100生100;录取清华新雅
浙江,瑞安新纪元高中,2018,不分,F,718,女(原文'她');3+3;语131数147外140物100化100生100;录取清华新雅(经金)
浙江,宁波镇海中学,2019,不分,M,720,男(原文'他');3+3;语131数147外142物100化100生100;录取北大数学
浙江,温州中学,2020,不分,M,721,男(原文'他');3+3;语137数147外140物100化97生100;录取清华计算机金融双学位
浙江,桐乡高级中学,2021,不分,F,716,女(原文'她');3+3;复读生(首考清华化学因专业不满复读);语133数142外141物100生100地100;录取北大光华
浙江,温州永嘉中学,2022,不分,M,710,男(原文'他');3+3;并列;语133数144外142政97史96地98;录取清华经管
浙江,温州育英实验学校,2022,不分,M,710,3+3;并列;语126数148外142物99化98生97;录取北大元培；性别=初筛确认(2026-08-09)
浙江,杭州二中,2023,不分,M,717,男(原文'他');3+3;语133数146英141物100化99生98;录取北大元培(通用人工智能)
浙江,宁波镇海中学,2024,不分,F,726,女(原文'她');3+3;温州中考状元;语137数149外143物100化98生99;录取北大元培(通用人工智能)
浙江,宁波镇海中学,2025,不分,M,722,男(原文'他');3+3;语135数150外140物99化99生99;录取清华
浙江,宁波镇海中学,2026,不分,NA,723,3+3;语134数148外144物100化98生99
新疆,奎屯一中,1986,理,NA,,
新疆,奎屯一中,1987,理,M,,西北五省理科状元；性别=初筛确认(2026-08-09)
新疆,塔城一中,1988,理,NA,,录取北大
新疆,石河子五中,1993,理,M,,性别=初筛确认(2026-08-09)
新疆,奎屯一中,1995,理,NA,,
新疆,哈密二中,1997,文,F,,录取北大；性别=初筛确认(2026-08-09)
新疆,巴州二中,1998,文,F,,性别=初筛确认(2026-08-09)
新疆,新疆实验中学,2000,理,M,663,男(原文'他');语113数130英130物145化145;录取清华理科基础科学班
新疆,克拉玛依六中,2000,文,M,584,并列;录取北大光华；性别=初筛确认(2026-08-09)
新疆,乌鲁木齐一中,2000,文,F,584,女(原文'她');并列;语119数105英129政117史114;录取北大光华
新疆,新疆实验中学,2001,理,M,674,录取清华生科；性别=初筛确认(2026-08-09)
新疆,克拉玛依十三中,2001,文,NA,609,录取复旦
新疆,农三师中学,2002,理,F,687,女(原文'她');录取清华
新疆,农二师华山中学,2002,文,F,637,女(原文'她');普通类;语127数140英133综237;录取北大
新疆,乌鲁木齐一中,2002,文,F,591,女(原文'她');单列类;语126数121英116综225;录取北大
新疆,乌鲁木齐一中,2003,理,F,679,录取清华；性别=初筛确认(2026-08-09)
新疆,哈密二中,2003,文,M,654,男(原文'他');录取北大经院
新疆,奎屯一中,2004,理,M,727,男(原文'他');含加分10裸分717;语124数150英146综297;录取清华
新疆,农二师华山中学,2004,文,F,704,女(原文'她');含加分10裸分694;语140数140英140综274;录取北大经济类
新疆,新疆实验中学,2005,理,M,727,男(原文'他');含加分20裸分707;总分状元;语139数143外136综289;录取清华
新疆,阿勒泰二中,2005,理,F,711,裸分状元;录取北大；性别=初筛确认(2026-08-09)
新疆,哈密二中,2005,文,F,675,女(原文'她');含加分10裸分665;语129数136外141综259;录取北大
新疆,乌鲁木齐一中,2006,理,F,726,女(原文'她');含加分20裸分706;录取清华化学生物基础
新疆,哈密二中,2006,文,F,674,女(原文'她');含加分10裸分664;录取北大政府管理学院
新疆,乌鲁木齐高级中学,2007,理,NA,723,普通类;含加分10裸分713;语135数147外141综290;录取清华
新疆,乌鲁木齐一中,2007,理,M,723,普通类总分状元;含加分20裸分703;语132数148外138综285;录取清华；性别=初筛确认(2026-08-09)
新疆,新疆实验中学,2007,理,NA,716,单列类
新疆,哈密二中,2007,文,F,657,女(原文'她');普通类;录取上财
新疆,哈密二中,2007,文,F,645,女(原文'她');单列类;录取北大
新疆,乌鲁木齐一中,2008,理,NA,713,普通类;录取北大
新疆,乌鲁木齐实验中学,2008,理,NA,714,单列类
新疆,昌吉市一中,2008,文,NA,654,普通类;语132数137英136综249;录取北大
新疆,乌鲁木齐一中,2008,文,NA,685,单列类
新疆,兵团二中,2009,理,NA,711,普通类总分状元;含加分20裸分691;语123数143外139综286;录取清华
新疆,乌鲁木齐一中,2009,理,NA,694,普通类裸分状元
新疆,乌鲁木齐一中,2009,文,F,645,女(原文'她');普通类;含加分10裸分635;语126数150外138综221;录取清华
新疆,石河子二中,2010,理,NA,701,普通类;录取北大
新疆,乌鲁木齐一中,2010,理,M,738,单列类;含加分60裸分678;语126数134外142综276；性别=初筛确认(2026-08-09)
新疆,兵团二中,2010,文,M,628,录取北大；性别=初筛确认(2026-08-09)
新疆,乌鲁木齐一中,2011,理,M,706,普通类总分状元;含加分20裸分686;录取清华；性别=初筛确认(2026-08-09)
新疆,农二师华山中学,2011,理,NA,689,普通类裸分状元;录取清华
新疆,乌鲁木齐高级中学,2011,理,F,711,女(原文'她');单列类;含加分10裸分701;数学150;录取北大医学部双语班
新疆,哈密二中,2011,文,F,650,录取清华；性别=初筛确认(2026-08-09)
新疆,乌鲁木齐一中,2012,理,M,688,录取清华；性别=初筛确认(2026-08-09)
新疆,乌鲁木齐一零一中学,2012,文,NA,649,普通类总分状元;含加分20裸分629;录取北大
新疆,哈密二中,2012,文,F,645,女(原文'她');普通类裸分状元;录取北大
新疆,哈密二中,2012,文,F,645,女(原文'她');单列类;录取清华
新疆,乌鲁木齐一中,2013,理,F,696,普通类;含加分10裸分686;录取清华；性别=初筛确认(2026-08-09)
新疆,乌鲁木齐八一中学,2013,理,M,,单列类；性别=初筛确认(2026-08-09)
新疆,乌鲁木齐八一中学,2013,文,F,651,录取清华；性别=初筛确认(2026-08-09)
新疆,乌鲁木齐一中,2014,理,M,700,男(原文'他');普通类总分状元;含加分10裸分690;语132数140英144综274;录取清华
新疆,乌鲁木齐八一中学,2014,理,NA,693,普通类裸分状元
新疆,乌鲁木齐一中,2014,理,NA,731,单列类;含加分60裸分671;语120;录取清华电子信息
新疆,哈密二中,2014,文,NA,669,录取北大
新疆,乌鲁木齐一中,2015,理,M,704,普通类;录取清华；性别=初筛确认(2026-08-09)
新疆,伊宁三中,2015,理,M,710,男(原文'他');单列类;含加分50裸分660;录取清华
新疆,兵团二中,2015,文,NA,657,录取北大
新疆,乌鲁木齐一中,2016,理,NA,715,普通类;含加分5裸分710;英145;录取清华
新疆,乌鲁木齐一中,2016,理,F,710,普通类裸分状元；性别=初筛确认(2026-08-09)
新疆,乌鲁木齐一中,2016,理,M,721,男(原文'他');单列类;含加分;录取北大
新疆,石河子一中,2016,文,NA,659,普通类;录取北大
新疆,兵团二中,2016,文,F,680,女(原文'她');单列类;含加分50裸分630;语127数132英143综228;录取北大
新疆,乌鲁木齐一中,2017,理,NA,693,普通类;录取清华
新疆,伊宁三中,2017,理,F,719,女(原文'她');单列类;录取北大元培
新疆,哈密二中,2017,文,F,665,女(原文'她');普通类;录取清华经管
新疆,兵团二中,2017,文,NA,669,单列类
新疆,乌鲁木齐八一中学,2018,理,M,698,男(原文'他');普通类;语124数149英142综283;录取清华
新疆,兵团二中,2018,理,NA,719,单列类
新疆,兵团二中,2018,文,NA,659,普通类;语130数150英137综242;录取北大
新疆,乌鲁木齐八一中学,2018,文,NA,683,单列类
新疆,乌鲁木齐一中,2019,理,F,709,女(原文'她');普通类;录取清华新雅
新疆,兵团二中,2019,理,F,664,女(原文'她');单列类;含加分15裸分649;语120数125英142综262;录取北大
新疆,石河子一中,2019,文,NA,668,普通类;语129数150外142综247;录取北大元培
新疆,乌鲁木齐八一中学,2019,文,NA,655,单列类;含加分15裸分640;语114数145英134综247;录取北大
新疆,乌鲁木齐一中,2020,理,NA,708,普通类;录取清华
新疆,乌鲁木齐一中,2020,理,NA,,单列类;并列
新疆,乌鲁木齐一中,2020,理,NA,,单列类;并列
新疆,乌鲁木齐八一中学,2020,理,NA,,单列类;并列
新疆,乌鲁木齐一中,2020,文,NA,662,普通类;录取北大元培
新疆,乌鲁木齐八一中学,2020,文,NA,,单列类
新疆,乌鲁木齐一中,2021,理,NA,712,普通类;录取清华新雅
新疆,乌鲁木齐一中,2021,理,NA,,单列类
新疆,乌鲁木齐一中,2021,文,M,653,男(原文'他');普通类;语127数150外143综233;录取北大元培(光华)
新疆,乌鲁木齐一中,2021,文,NA,658,单列类;含加分15裸分643
新疆,兵团二中,2022,理,M,685,普通类;录取清华数理；性别=初筛确认(2026-08-09)
新疆,兵团二中,2022,理,NA,657,单列类;录取清华计算机
新疆,乌鲁木齐一中,2022,文,NA,619,录取北大元培
新疆,巴州二中,2023,理,NA,696,普通类;语137数140外141综278;录取北大
新疆,兵团二中,2023,理,NA,679,单列类
新疆,农二师华山中学,2023,文,M,648,男(原文'他');普通类;录取北大
新疆,乌鲁木齐八一中学,2023,文,M,636,男(原文'他');单列类;含加分15裸分621;录取北大元培
新疆,乌鲁木齐一中,2024,理,M,701,男(原文'他');普通类;语131数148英144综278;录取清华
新疆,乌鲁木齐一中,2024,理,F,678,单列类；性别=初筛确认(2026-08-09)
新疆,乌鲁木齐一中,2024,文,NA,641,普通类;录取北大
新疆,哈密二中,2024,文,F,624,女(原文'她');单列类;匿名化;录取北大法学
新疆,兵团二中,2025,理,NA,698,普通类
新疆,乌鲁木齐一中,2025,理,NA,672,单列类;匿名化
新疆,乌鲁木齐一中,2025,文,NA,648,普通类总分状元;含加分5裸分643;匿名化
新疆,兵团二中,2025,文,M,644,普通类裸分状元；性别=初筛确认(2026-08-09)
新疆,乌鲁木齐一中,2025,文,NA,648,单列类;匿名化
新疆,乌鲁木齐一中,2026,理,NA,724,部分匿名化
新疆,兵团二中,2026,文,NA,658,匿名化
青海,江苏省栟茶中学,1985,理,M,,外省籍贯；性别=初筛确认(2026-08-09)
青海,青海油田一中,1996,理,NA,,录取清华建筑
青海,西宁五中,1999,理,F,,录取北大物理；性别=初筛确认(2026-08-09)
青海,青海油田一中,2000,理,NA,627,语114数121英117物136化139;录取清华电子信息
青海,湟川中学,2000,文,M,591,男(原文'他');语114数114英110政140史113;录取北大法学
青海,湟川中学,2001,理,NA,667,
青海,湟川中学,2001,文,NA,605,录取北大经院
青海,河北省霸州一中,2002,理,F,677,女(原文'她');外省籍贯;语123数141英133综280;录取清华
青海,山东省青岛二中,2002,文,F,624,女(原文'她');外省籍贯;语122数130英122综250;录取北大新闻
青海,湟川中学,2003,理,F,628,录取北大；性别=初筛确认(2026-08-09)
青海,湟川中学,2003,文,NA,600,录取北大
青海,大通县,2004,理,F,671,录取清华；性别=初筛确认(2026-08-09)
青海,互助一中,2004,文,NA,,录取北大
青海,湟川中学,2005,理,M,686,录取北大生科；性别=初筛确认(2026-08-09)
青海,湟川中学,2005,文,NA,,录取北大经院
青海,湖北省沙市中学,2006,理,NA,689,外省籍贯;语129数136英137综287;录取北大
青海,西宁二中,2007,理,NA,696,语129数137外141综289;录取清华
青海,西宁二中,2007,文,NA,652,语137数136外132综247;录取北大
青海,青海油田一中,2008,理,F,679,女(原文'她');数学全省单科第1;录取清华经管
青海,尖扎县中学,2008,文,NA,655,含加分35裸分620;因高考移民被取消录取资格
青海,辽宁省北镇高中,2009,理,M,682,男(原文'他');外省籍贯;含加分20裸分662;语119数138英117综288;录取清华
青海,湟川中学,2009,理,M,662,裸分状元;录取北大；性别=初筛确认(2026-08-09)
青海,湟川中学,2009,文,F,593,录取北大；性别=初筛确认(2026-08-09)
青海,湟川中学,2010,理,F,668,女(原文'她');语125数139英132综272;录取清华
青海,湟川中学,2010,文,F,586,录取北大；性别=初筛确认(2026-08-09)
青海,湟川中学,2011,理,M,646,在江苏省苏州中学借读;录取清华；性别=初筛确认(2026-08-09)
青海,湟川中学,2011,文,F,610,在江苏省苏州中学借读;录取北大中文；性别=初筛确认(2026-08-09)
青海,大通六中,2012,理,M,671,男(原文'他');语126数129英138综278;录取北大光华
青海,辽宁省北镇高中,2012,文,NA,626,外省籍贯;含加分20裸分606;语127数133英127综219;录取北大工商管理
青海,辽宁省北镇高中,2013,理,NA,685,外省籍贯;录取清华自动化
青海,四川省双流中学,2013,文,F,628,外省籍贯;录取北大工商管理；性别=初筛确认(2026-08-09)
青海,湟川中学,2014,理,M,685,录取清华医学实验班；性别=初筛确认(2026-08-09)
青海,江苏省某中学,2014,文,NA,645,外省籍贯;含加分;总分状元;录取清华
青海,辽宁省北镇高中,2014,文,NA,643,外省籍贯;裸分状元;录取北大
青海,河北省三河一中,2015,理,M,709,外省籍贯;录取北大；性别=初筛确认(2026-08-09)
青海,辽宁省北镇高中,2015,文,M,650,外省籍贯;含加分20裸分630;总分状元;录取北大；性别=初筛确认(2026-08-09)
青海,湟川中学,2015,文,NA,638,裸分状元;录取北大
青海,湟川中学,2016,理,M,719,男(原文'他');含加分20裸分699;语120数149英137综293;录取清华
青海,青海师大附中,2016,文,F,638,女(原文'她');高三才转文科;录取清华新雅
青海,青海油田一中,2017,理,M,668,男(原文'他');语121数141英146综260;录取清华
青海,辽宁省北镇高中,2017,文,NA,629,外省籍贯;语131数137英132综229;录取北大中文
青海,青海油田一中,2018,理,NA,682,匿名化;录取北大
青海,北京市中央民大附中,2018,文,M,636,男(原文'他');外省籍贯;语105数137英140综234;录取北大
青海,大通朔山中学,2019,理,NA,690,大通县中考状元;录取清华计算机
青海,陕西省某中学,2019,文,F,653,外省籍贯;语122数135英149综247;录取清华经管；性别=初筛确认(2026-08-09)
青海,湟川中学,2020,理,M,681,男(原文'他');录取清华计算机
青海,湟川中学,2020,文,F,656,女(原文'她');录取清华新雅(英语)
青海,湟川中学,2021,理,M,665,男(原文'他');录取清华计算机
青海,福建省厦门双十中学,2021,文,NA,650,外省籍贯;录取北大法学
青海,湟川中学,2022,理,M,663,男(原文'他');含加分;总分状元;录取清华新雅
青海,青海油田一中,2022,理,F,647,女(原文'她');裸分状元;录取清华临床医学(八年制)
青海,湟川中学,2022,文,F,624,女(原文'她');含加分;总分状元;录取北大光华
青海,湟川中学,2022,文,F,615,女(原文'她');裸分状元;录取清华新雅
青海,湟川中学,2023,理,M,666,男(原文'他');录取清华计算机
青海,大通二中,2023,文,M,632,男(原文'他');含加分;总分状元;录取北大光华
青海,大通二中,2023,文,M,621,男(原文'他');裸分状元;录取清华新雅
青海,青海油田一中,2024,理,NA,689,一模705(第二名仅604);语123数149英141综276;录取清华新雅
青海,湟川中学,2024,文,M,681,男(原文'他');比全省第2名高43分;语133数148外141综259;录取清华新雅
青海,西宁第一私立高级中学,2025,物理类,NA,691,3+1+2首届
青海,湟川中学,2025,历史类,F,670,女(原文'她');匿名化;录取北大光华
青海,湟川中学,2026,物理类,NA,690,匿名化
青海,湟川中学,2026,历史类,NA,656,匿名化
山东,青州一中,1978,理,NA,,
山东,青州二中,1981,文,M,,男(原文'他');复读生且理科转文科
山东,莱州一中,1983,理,NA,,物理全省单科第一
山东,莱阳一中,1984,文,NA,,录取南开
山东,邹平一中,1985,理,NA,619,
山东,莱芜一中,1986,理,NA,685,录取清华
山东,五莲一中,1987,理,NA,,录取中科大
山东,宁阳一中,1988,理,M,,男(原文'他');录取清华建筑
山东,北镇中学,1988,文,M,575,性别=初筛确认(2026-08-09)
山东,宁阳一中,1989,理,NA,,录取北大生物
山东,日照一中,1989,文,M,,性别=初筛确认(2026-08-09)
山东,北镇中学,1991,理,NA,658,
山东,即墨一中,1991,文,F,553,性别=初筛确认(2026-08-09)
山东,枣庄三中,1992,文,NA,,录取北大英语
山东,莱阳一中,1995,理,F,,录取北大；性别=初筛确认(2026-08-09)
山东,东平高级中学,1995,文,NA,,录取北大经院
山东,五莲一中,1996,理,M,900,标准分900制;并列；性别=初筛确认(2026-08-09)
山东,沂水二中,1996,理,M,900,标准分900制;并列；性别=初筛确认(2026-08-09)
山东,平度九中,1996,理,M,900,标准分900制;并列；性别=初筛确认(2026-08-09)
山东,昌邑文山中学,1996,理,M,900,标准分900制;并列；性别=初筛确认(2026-08-09)
山东,荣成二中,1996,文,F,900,标准分900制;并列；性别=初筛确认(2026-08-09)
山东,五莲一中,1996,文,M,900,标准分900制;并列；性别=初筛确认(2026-08-09)
山东,莱阳一中,1997,理,M,900,标准分900制;录取清华;并列；性别=初筛确认(2026-08-09)
山东,武城二中,1997,理,NA,900,标准分900制;并列
山东,莱芜一中,1997,文,F,900,标准分900制；性别=初筛确认(2026-08-09)
山东,莱阳一中,1998,理,M,900,标准分900制;录取北大;并列；性别=初筛确认(2026-08-09)
山东,莱阳一中,1998,理,NA,900,标准分900制;录取北大;并列
山东,平度一中,1998,理,NA,900,标准分900制;并列
山东,胶南二中,1998,理,NA,900,标准分900制;录取清华电子;并列
山东,胶南二中,1998,理,NA,900,标准分900制;录取清华生物;并列
山东,淄博一中,1998,理,NA,900,标准分900制;录取北大;并列
山东,沂源一中,1998,理,M,900,标准分900制;并列；性别=初筛确认(2026-08-09)
山东,高密一中,1998,文,NA,900,标准分900制;并列
山东,淄博实验中学,1998,文,F,900,标准分900制;并列；性别=初筛确认(2026-08-09)
山东,平度九中,1998,文,M,900,标准分900制;并列；性别=初筛确认(2026-08-09)
山东,龙口一中,2000,理,M,900,标准分900制;录取北大生科;并列；性别=初筛确认(2026-08-09)
山东,东平高级中学,2000,理,NA,900,标准分900制;并列
山东,日照一中,2000,理,M,900,标准分900制;录取北大生科;并列；性别=初筛确认(2026-08-09)
山东,菏泽一中,2000,理,NA,900,标准分900制;录取清华电子;并列
山东,即墨四中,2000,文,NA,900,标准分900制;录取北大法学
山东,枣庄一中,2000,文,F,900,标准分900制；性别=初筛确认(2026-08-09)
山东,德州二中,2001,理,M,720,男(原文'他');含加分20裸分700;录取清华
山东,文登二中,2001,文,F,674,女(原文'她');录取北大金融
山东,肥城泰西中学,2002,理,F,707,女(原文'她');语133数135英140综299;录取北大生科
山东,曲阜师大附中,2002,文,NA,674,含加分10裸分664;总分状元
山东,五莲一中,2002,文,M,673,男(原文'他');裸分状元;综268;录取北大经院
山东,济宁育才中学,2003,理,M,685,男(原文'他');含加分10裸分675;语115数144英141综275;录取清华电子
山东,高密一中,2003,文,F,662,女(原文'她');含加分10裸分652;总分状元;语129数121外137综265
山东,临沂双月园学校,2003,文,NA,653,裸分状元;复读生(2002=613)
山东,烟台二中,2004,理,M,749,含加分20裸分729;语138数149英142综300(满分);；性别=初筛确认(2026-08-09)
山东,莱州一中,2004,文,F,687,女(原文'她');语132数147外142综266;录取北大元培
山东,枣庄八中,2005,理,M,717,男(原文'他');含加分20裸分697;总分状元;语125数133英146综293;录取清华数理基础
山东,烟台二中,2005,理,NA,711,裸分状元;并列
山东,莱州一中,2005,理,NA,711,裸分状元;并列;语130数144英146综291
山东,莱州一中,2005,文,NA,658,语135数144英142综237
山东,淄博七中,2006,理,M,708,男(原文'他');含加分20裸分688;总分状元;语107数150英136综295;录取北大元培
山东,泰安一中,2006,理,F,696,女(原文'她');裸分状元;录取港中文
山东,淄博实验中学,2006,文,F,679,女(原文'她');模考曾710;录取北大
山东,平度一中,2007,理,NA,714,含加分20裸分694;总分状元;语133数144外137综227基本能力53
山东,章丘四中,2007,理,F,696,女(原文'她');裸分状元;语125数147外141综228基本能力55;录取清华
山东,潍坊一中,2007,文,F,675,女(原文'她');含加分20裸分655;总分状元;语126数150外125综197基本能力57
山东,东营一中,2007,文,NA,674,裸分状元
山东,泰安一中,2008,理,M,711,含加分20裸分691;总分状元；性别=初筛确认(2026-08-09)
山东,烟台一中,2008,理,M,702,裸分状元;语124数149英140综234基本能力55；性别=初筛确认(2026-08-09)
山东,寿光二中,2008,文,NA,675,英145
山东,东营一中,2009,理,NA,723,含加分20裸分703
山东,淄博实验中学,2009,文,NA,701,含加分20裸分681;语129数147英136综211基本能力58
山东,昌邑一中,2010,理,M,723,含加分20裸分703;总分状元;语133数142英144综227基本能力57；性别=初筛确认(2026-08-09)
山东,烟台中英文学校,2010,理,NA,706,裸分状元;语135数147英144综224基本能力56
山东,桓台一中,2010,文,NA,694,含加分20裸分674;总分状元;语128数139英142综209基本能力56
山东,莱州一中,2010,文,NA,691,裸分状元;语132数140英143综221基本能力55
山东,平度一中,2011,理,F,719,女(原文'她');含加分20裸分699;总分状元;录取清华经管
山东,烟台一中,2011,理,NA,701,裸分状元;语133数135英143综232基本能力58;录取清华
山东,东营一中,2011,文,NA,677,
山东,临朐实验中学,2012,理,NA,728,含加分20裸分708;总分状元;语138数145英141综230基本能力54
山东,德州一中,2012,理,M,713,男(原文'他');裸分状元;录取清华经管
山东,寿光一中,2012,文,F,686,女(原文'她');含加分20裸分666;总分状元;录取清华
山东,莘县实验高中,2012,文,M,676,男(原文'他');裸分状元;语135数137英143综209基本能力42;录取北大光华
山东,青岛开发区一中,2013,理,NA,724,含加分20裸分704;总分状元;语125数150英138综235基本能力56
山东,烟台开发区高中,2013,理,NA,714,裸分状元;并列
山东,滕州一中,2013,理,M,714,男(原文'他');裸分状元;并列;语127数150外147综235基本能力55;录取清华材料
山东,青州一中,2013,文,F,684,女(原文'她');语132数148英147综199基本能力58;录取北大光华
山东,滕州一中,2014,理,M,734,含加分20裸分714;语127数149外145综293；性别=初筛确认(2026-08-09)
山东,莱州一中,2014,文,F,695,女(原文'她');语137数139英143综276;录取北大光华
山东,嘉祥一中,2015,理,NA,731,含加分5裸分726;语138数149英142综297
山东,青州一中,2015,文,F,681,并列;语131数144英140综266；性别=初筛确认(2026-08-09)
山东,胶州一中,2015,文,F,681,并列;语130数138英144综269；性别=初筛确认(2026-08-09)
山东,平阴一中,2016,理,M,718,男(原文'他');语136数149英142综291;录取国科大物理
山东,诸城一中,2016,文,NA,658,语135数141英147综235
山东,临沂十八中,2017,理,M,713,男(原文'他');语134数150外147综282;录取清华经管经金
山东,青岛五十八中,2017,文,NA,670,语137数145英144综244
山东,淄博实验中学,2018,理,NA,716,语126数150英149综291
山东,淄博四中,2018,文,F,680,女(原文'她');语137数150英142综251;录取北大中文
山东,肥城一中,2019,理,NA,713,语130数146英148综289
山东,淄博实验中学,2019,文,M,687,男(原文'他');语141数149英145综252;录取北大元培
山东,潍坊一中,2020,不分,M,711,男(原文'他');3+3;语125数150英145物98化97地96;录取清华计算机
山东,莱州一中,2021,不分,M,704,男(原文'他');3+3;语128数141外141物98化99生97;录取清华计算机与金融双学位
山东,枣庄三中,2022,不分,M,703,男(原文'他');3+3;语132数133英145物97化98生98;录取清华计算机
山东,文登新一中,2023,不分,M,713,男(原文'他');3+3;语141数142英140物97化95生98;录取北大
山东,肥城一中,2024,不分,M,712,男(原文'他');3+3;语138数141英139物99化98生97;录取清华新雅
山东,东营胜利一中,2025,不分,M,715,男(原文'他');3+3;语135数139外146物99化97生99;录取清华
山东,嘉祥一中,2026,不分,F,711,3+3；性别=初筛确认(2026-08-09)
贵州,遵义四中,1980,理,NA,,
贵州,天柱民族中学,1980,文,NA,,
贵州,凯里一中,1982,文,NA,,
贵州,贵阳一中,1983,理,NA,,
贵州,遵义四中,1983,文,NA,,
贵州,贵阳一中,1983,外,M,,外语类状元；性别=初筛确认(2026-08-09)
贵州,遵义南白中学,1984,理,M,604,男(原文'他');录取上海第一医学院
贵州,遵义南白中学,1984,文,F,,女(原文'她');录取湘潭大学历史
贵州,凯里一中,1985,理,NA,,
贵州,六盘水二中,1986,理,NA,,
贵州,凯里一中,1987,理,NA,,
贵州,遵义南白中学,1988,文,NA,,并列;录取北大
贵州,都匀二中,1988,文,NA,,并列
贵州,凤岗一中,1989,理,NA,,录取北大
贵州,遵义振华民族高中,1989,文,NA,,
贵州,遵义四中,1991,理,NA,,
贵州,思南中学,1991,文,NA,545,
贵州,遵义南白中学,1992,文,NA,,
贵州,贵阳一中,1993,理,NA,,匿名
贵州,贵阳一中,1993,文,NA,,匿名
贵州,平水学校,1993,外,NA,,外语类状元;总分超文科状元
贵州,白云七中,1994,理,NA,,
贵州,织金二中,1995,文,NA,614,
贵州,贵阳六中,1996,理,NA,,录取北大生科
贵州,安顺二中,1997,文,M,624,男(原文'他');录取北大中文
贵州,凯里一中,1998,理,M,,性别=初筛确认(2026-08-09)
贵州,水城矿一中,1998,文,NA,,
贵州,贵阳清华中学,1999,理,NA,,
贵州,贵阳六中,2000,理,F,694,女(原文'她');语137数142英132物140化143;录取北大生科
贵州,贵阳一中,2000,文,NA,607,并列;录取南开金融
贵州,遵义一中,2000,文,F,607,女(原文'她');并列;语124数119英122政122史120;录取北大法学
贵州,贵阳一中,2001,理,M,700,男(原文'他');含加分20裸分680;录取清华计算机
贵州,凯里一中,2001,文,F,645,政治全省单科第1;录取北大国贸；性别=初筛确认(2026-08-09)
贵州,贵阳一中,2001,文,NA,,并列;录取北大金融
贵州,贵阳德芬补习学校,2002,理,F,709,"复读生(原师大附中,2001=625);语136数143英138综292；性别=初筛确认(2026-08-09)"
贵州,凯里一中,2002,文,M,652,男(原文'他');语126数121英121综284;录取北大外院
贵州,贵阳六中,2003,理,NA,666,录取北大生科
贵州,贵阳一中,2003,文,F,656,录取北大；性别=初筛确认(2026-08-09)
贵州,安顺二中,2004,理,M,702,男(原文'他');语129数141英139综293;录取清华
贵州,贵阳一中,2004,文,M,636,男(原文'他');语128数136英123综249;录取北大
贵州,兴义一中,2005,理,M,719,男(原文'他');含加分20裸分699;语132数140英137综290;录取清华经管
贵州,桐梓一中,2005,文,F,660,女(原文'她');语126数136英130综268;录取复旦
贵州,贵州师大附中,2006,理,F,712,女(原文'她');含加分20裸分692;总分状元;语136数134英144综278;录取清华
贵州,贵阳清华中学,2006,理,F,703,女(原文'她');裸分状元;复读生(2005=640+);语124数147英140综292;录取清华建筑
贵州,贵阳一中,2006,文,F,662,女(原文'她');含加分10裸分652;总分状元;语121数133英138综260;录取北大
贵州,水城二中,2006,文,M,655,男(原文'他');裸分状元;三次高考复读生;语124数122英136综273;录取北大
贵州,贵阳一中,2007,理,M,722,男(原文'他');含加分20裸分702;总分状元;语136数141英138综287;录取北大
贵州,遵义南白中学,2007,理,M,714,男(原文'他');裸分状元;语136数149英137综292;录取清华经管
贵州,遵义四中,2007,文,F,703,含加分20裸分683;录取北大经院；性别=初筛确认(2026-08-09)
贵州,都匀一中,2008,理,M,708,男(原文'他');含加分20裸分688;语121数143英135综289;录取清华
贵州,兴义八中,2008,文,NA,681,含加分20裸分661;总分状元;录取北大
贵州,遵义航天中学,2008,文,F,673,裸分状元;录取北大；性别=初筛确认(2026-08-09)
贵州,遵义航天中学,2009,理,NA,691,含加分20裸分671;总分状元;录取清华
贵州,贵阳一中,2009,理,NA,676,裸分状元;语116数143英137综280;录取清华
贵州,贵阳清华中学,2009,文,M,653,男(原文'他');语124数150英128综251;录取北大
贵州,遵义南白中学,2010,理,M,718,男(原文'他');含加分20裸分698;语134数129英143综292;录取港大
贵州,贵阳一中,2010,文,NA,660,含加分20裸分640;语133数109英143综255;录取港大
贵州,贵阳实验三中,2011,理,F,682,含加分20裸分662;语115数145英143综259;录取清华；性别=初筛确认(2026-08-09)
贵州,贵阳一中,2011,文,F,667,女(原文'她');含加分20裸分647;总分状元;语136数126英135综250;录取北大
贵州,遵义航天中学,2011,文,NA,654,裸分状元;录取北大
贵州,遵义南白中学,2012,理,M,711,男(原文'他');含加分20裸分691;语117数140英135综299;录取北大生科
贵州,贵阳清华中学,2012,文,M,691,男(原文'他');含加分20裸分671;语120数136英142综273;录取清华建筑
贵州,六盘水二中,2013,理,M,698,男(原文'他');含加分20裸分678;语127数136英142综273;录取清华
贵州,兴义八中,2013,文,F,685,女(原文'她');含加分20裸分665;总分状元;语117数143英141综264;录取北大
贵州,贵阳一中,2013,文,F,678,女(原文'她');裸分状元;并列;语125数147外136综270;录取北大
贵州,贵阳一中,2013,文,F,678,女(原文'她');裸分状元;并列;语132数138外139综269;录取北大
贵州,贵阳一中,2014,理,F,705,女(原文'她');含加分20裸分685;总分状元;语133数133英144综275;录取清华建筑
贵州,遵义四中,2014,理,M,693,男(原文'他');裸分状元;语132数142英136综283;录取清华
贵州,遵义航天中学,2014,文,M,704,男(原文'他');含加分20裸分684;总分状元;语122数143英140综279;录取清华
贵州,贵阳清华中学,2014,文,F,685,女(原文'她');裸分状元;语127数132英144综282;录取清华
贵州,兴义八中,2015,理,F,695,女(原文'她');含加分20裸分675;总分状元;并列;语124数140英141综270;录取清华
贵州,兴义八中,2015,理,NA,695,含加分20裸分675;总分状元;并列;语122数135英144综274;录取清华
贵州,贵阳一中,2015,理,M,687,男(原文'他');裸分状元;语112数144外144综287;录取清华
贵州,兴义八中,2015,文,NA,714,含加分20裸分694;语124数147英145综278;录取北大
贵州,贵阳一中,2016,理,M,717,男(原文'他');含加分20裸分697;总分状元;语126数140英148综283;录取北大
贵州,贵阳一中,2016,理,M,707,男(原文'他');裸分状元;语133数138英148综288;录取清华
贵州,兴义八中,2016,文,M,709,男(原文'他');含加分20裸分689;总分状元;语128数136英142综283;录取北大
贵州,贵阳一中,2016,文,NA,704,裸分状元;语138数137英143综286;录取清华经管
贵州,贵阳一中,2017,理,M,700,并列;语133数137外145综285;录取清华经管；性别=初筛确认(2026-08-09)
贵州,贵阳一中,2017,理,F,700,女(原文'她');并列;16岁;语132数147外143综278;录取清华
贵州,都匀一中,2017,文,F,720,女(原文'她');含加分20裸分700;语134数150英140综276;录取北大元培(哲学)
贵州,贵阳一中,2018,理,NA,708,语131数143外142综292;录取清华交叉信息
贵州,贵阳一中,2018,文,F,714,女(原文'她');含加分20裸分694;总分状元;清镇中考状元;语123数147外145综279;录取北大
贵州,贵阳一中,2018,文,NA,695,裸分状元;并列;录取北大外院
贵州,贵阳一中,2018,文,NA,695,裸分状元;并列;录取北大国关
贵州,贵阳一中,2018,文,NA,695,裸分状元;并列;录取港大
贵州,锦屏中学,2019,理,M,709,"男(原文'他');含加分20裸分689;总分状元;2016考入清华机械系,2019.1退学复读再考清华;语129数141英146综273"
贵州,四川省广元外国语学校,2019,理,F,697,外省籍贯;裸分状元;语131数146外140综280；性别=初筛确认(2026-08-09)
贵州,石阡二中,2019,文,F,716,女(原文'她');含加分20裸分696;语120数146外145综285;录取北大
贵州,贵阳一中,2020,理,M,712,男(原文'他');含加分10裸分702;总分状元;语127数137外147综291;录取北大元培
贵州,贵阳一中,2020,理,F,706,女(原文'她');裸分状元;语127数146外147综286;录取清华生科
贵州,兴义一中,2020,文,M,694,男(原文'他');含加分20裸分674;总分状元;语121数143外143综267;录取清华
贵州,遵义南白中学,2020,文,NA,679,裸分状元;并列;语130数140英145综264
贵州,贵阳一中,2020,文,NA,679,裸分状元;并列
贵州,贵阳一中,2021,理,M,706,男(原文'他');语129数149外144综284;录取北大光华
贵州,贵阳一中,2021,文,F,710,女(原文'她');含加分10裸分700;语139数140外138综283;录取清华经管
贵州,兴义八中,2022,理,M,699,男(原文'他');含加分10裸分689;语118数142外142综287;录取北大元培
贵州,兴义八中,2022,文,M,685,男(原文'他');语122数144外143综276;录取北大
贵州,贵阳一中,2023,理,NA,707,并列;录取清华新雅
贵州,凯里一中,2023,理,NA,707,含加分10裸分697;总分状元;并列;录取清华新雅
贵州,兴义八中,2023,文,F,699,女(原文'她');含加分10裸分689;总分状元;语128数138英139综284;录取清华经管
贵州,贵阳一中,2023,文,F,694,女(原文'她');裸分状元;录取北大元培(历史)
贵州,锦屏中学,2024,物理类,M,715,男(原文'他');含加分10裸分705;总分状元;语124数149外137物100化98生97;录取清华协和
贵州,兴义八中,2024,物理类,M,713,男(原文'他');含加分5裸分708;裸分状元;并列;语125数144外143物100化98生98;录取北大元培
贵州,贵阳一中,2024,物理类,M,708,裸分状元;并列;选科物化生;录取北大元培；性别=初筛确认(2026-08-09)
贵州,遵义南白中学,2024,历史类,M,687,男(原文'他');语134数129外142史93政97地92;录取北大元培
贵州,凯里一中,2025,物理类,NA,719,含加分5裸分714;语137数140外146物95化100生96
贵州,凯里一中,2025,历史类,F,695,性别=初筛确认(2026-08-09)
贵州,毕节梁才学校,2026,物理类,F,710,女(原文'图中戴眼镜女生');语136数142外141物97化98生96
贵州,兴义八中,2026,历史类,F,683,语133数139外142史76政96地97；性别=初筛确认(2026-08-09)
河北,张家口一中,1977,理,NA,,数100物100化99(满分100制);录取清华
河北,石家庄八十一中,1979,理,F,,性别=初筛确认(2026-08-09)
河北,石家庄二中,1980,理,M,,性别=初筛确认(2026-08-09)
河北,石家庄二中,1980,文,M,,性别=初筛确认(2026-08-09)
河北,沧州一中,1981,文,NA,,
河北,辛集中学,1982,理,NA,,录取中科大
河北,任县一中,1984,理,NA,603.2,半分制;录取清华
河北,抚宁一中,1985,理,NA,602,录取北大
河北,石家庄一中,1985,文,F,,并列；性别=初筛确认(2026-08-09)
河北,南和一中,1985,文,NA,,并列;历史89.5邢台单科第1
河北,宁晋二中,1985,文,F,,并列;数学117；性别=初筛确认(2026-08-09)
河北,石家庄一中,1986,理,M,,性别=初筛确认(2026-08-09)
河北,张家口一中,1988,理,NA,,
河北,石家庄一中,1988,文,NA,,并列
河北,鸡泽一中,1988,文,NA,549,并列;录取人大
河北,石家庄一中,1989,理,NA,,
河北,石家庄一中,1989,文,NA,,
河北,石家庄一中,1990,理,NA,,
河北,石家庄一中,1990,文,F,,并列；性别=初筛确认(2026-08-09)
河北,石家庄一中,1990,文,M,,并列；性别=初筛确认(2026-08-09)
河北,满城中学,1991,理,NA,,并列;录取清华电子
河北,石家庄十七中,1991,理,F,,并列；性别=初筛确认(2026-08-09)
河北,阜平中学,1991,文,NA,544,
河北,石家庄一中,1992,理,NA,,
河北,石家庄一中,1992,文,M,,并列；性别=初筛确认(2026-08-09)
河北,石家庄二中,1992,文,F,,并列；性别=初筛确认(2026-08-09)
河北,石家庄二中,1993,理,F,,性别=初筛确认(2026-08-09)
河北,石家庄二中,1993,文,NA,,
河北,石家庄二中,1994,理,M,,性别=初筛确认(2026-08-09)
河北,石家庄二中,1994,文,NA,,
河北,石家庄一中,1995,理,NA,,录取清华
河北,石家庄十七中,1995,文,NA,,
河北,石家庄一中,1996,理,NA,,录取清华
河北,辛集中学,1996,文,NA,,录取北大
河北,张家口一中,1997,理,NA,663,录取清华
河北,秦皇岛一中,1997,文,M,,性别=初筛确认(2026-08-09)
河北,衡水中学,1998,理,NA,692,含加分;总分状元;录取清华环境
河北,石家庄二中,1998,理,F,,裸分状元;录取清华；性别=初筛确认(2026-08-09)
河北,邯郸一中,1998,文,NA,,录取北大
河北,故城郑口中学,1999,理,NA,686,录取清华计算机
河北,石家庄一中,1999,文,NA,625,录取北大国贸
河北,沧州一中,2000,理,F,692,含加分10裸分682;总分状元;录取清华；性别=初筛确认(2026-08-09)
河北,石家庄一中,2000,理,M,684,男(原文'他');裸分状元;语121数137英129物150化147;录取北大生科
河北,保定十七中,2000,文,F,651,女(原文'她');含加分10裸分641;语121数137英142政124史117;录取北大国贸
河北,遵化一中,2001,理,M,696,男(原文'他');语127数139英140物146化144;录取清华生物
河北,秦皇岛私立渤海中学,2001,文,NA,656,含加分5裸分651;录取北大国贸
河北,深州中学,2002,理,F,700,女(原文'她');含加分10裸分690;总分状元;综300;录取清华计算机
河北,涞源一中,2002,理,M,699,男(原文'他');裸分状元;语124数136英142综297;录取清华
河北,保定十七中,2002,文,F,663,女(原文'她');含加分10裸分653;语116数131英139综267;录取北大国贸
河北,石家庄一中,2003,理,F,681,女(原文'她');含加分10裸分671;语108数144英137综282;录取清华电子
河北,遵化一中,2003,文,M,667,含加分10裸分657;录取北大元培；性别=初筛确认(2026-08-09)
河北,石家庄一中,2004,理,F,725,女(原文'她');含加分10裸分715;石家庄中考状元;语129数150英136综300;录取北大生科
河北,正定中学,2004,文,F,673,女(原文'她');语131数143英129综270;录取北大光华
河北,邯郸一中,2005,理,M,680,男(原文'他');含加分10裸分670;语118数138英138综276;录取清华
河北,石家庄二中,2005,文,F,639,女(原文'她');语112数129英142综256;录取北大
河北,衡水中学,2006,理,M,693,男(原文'他');含加分10裸分683;衡水中考第2;语98数148英139综298;录取清华
河北,邢台一中,2006,文,F,661,女(原文'她');含加分10裸分651;语107数150英144综250;录取北大
河北,保定一中,2007,理,F,708,含加分10裸分698;总分状元;录取清华；性别=初筛确认(2026-08-09)
河北,衡水中学,2007,理,F,700,女(原文'她');裸分状元;语119数147英140综294;录取清华
河北,石家庄二中,2007,文,F,663,女(原文'她');语136数150英142综235;录取港中文
河北,张家口一中,2008,理,NA,695,含加分10裸分685;语135数135英138综277;录取清华
河北,衡水中学,2008,文,F,653,含加分10裸分643;总分状元；性别=初筛确认(2026-08-09)
河北,衡水中学,2008,文,NA,645,裸分状元;语126数144英141综234;录取北大
河北,定州中学,2009,理,M,704,男(原文'他');含加分10裸分694;语124数142英133综295;录取清华计算机
河北,石家庄二中,2009,理,NA,694,裸分状元;语122数142英145综285;录取清华
河北,遵化一中,2009,文,F,630,女(原文'她');含加分10裸分620;语126数143外136综215;录取北大
河北,沧州一中,2010,理,M,708,男(原文'他');含加分10裸分698;语126数141英139综292;录取北大
河北,衡水中学,2010,文,M,646,男(原文'他');含加分10裸分636;语116数142英146综232;录取北大
河北,清苑中学,2011,理,NA,713,并列;语122数149英145综297
河北,衡水中学,2011,理,F,713,女(原文'她');并列;语129数150英145综289;录取清华
河北,衡水中学,2011,文,F,660,女(原文'她');含加分5裸分655;语126数147英144综238;录取北大光华
河北,滦南一中,2012,理,M,712,男(原文'他');语131数148外137综296;录取清华物理
河北,衡水中学,2012,文,M,686,含加分10裸分676;总分状元;录取清华；性别=初筛确认(2026-08-09)
河北,石家庄二中,2012,文,F,677,女(原文'她');裸分状元;语133数144外143综257;录取北大光华
河北,衡水中学,2013,理,M,713,含加分10裸分703;语124数150英146综283；性别=初筛确认(2026-08-09)
河北,衡水中学,2013,文,NA,676,语133数141英142综260
河北,正定中学,2014,理,M,717,含加分10裸分707;总分状元;语135数142英141综289；性别=初筛确认(2026-08-09)
河北,衡水中学,2014,理,NA,715,裸分状元;语138数148英146综283
河北,衡水中学,2014,文,NA,680,含加分5裸分675;总分状元
河北,衡水中学,2014,文,F,676,裸分状元;语139数145英144综248；性别=初筛确认(2026-08-09)
河北,唐山一中,2015,理,F,728,女(原文'她');含加分20裸分708;总分状元;语135数150外143综280;录取北大
河北,满城中学,2015,理,NA,717,裸分状元;语128数147英144综298
河北,石家庄二中,2015,文,NA,675,语132数143英143综257
河北,衡水中学,2016,理,NA,724,语134数148英146综296;录取北大
河北,衡水中学,2016,文,M,706,语130数149英147综280;录取清华；性别=初筛确认(2026-08-09)
河北,衡水中学,2017,理,F,715,女(原文'她');语127数149英146综293;录取清华电气
河北,石家庄二中,2017,文,F,681,语119数150英147综265；性别=初筛确认(2026-08-09)
河北,石家庄二中,2018,理,NA,734,语141数149英149综295;录取清华经管
河北,石家庄精英中学,2018,文,F,707,女(原文'她');语135数145英147综280;录取北大光华
河北,衡水中学,2019,理,M,717,语138数150英148综281;录取清华；性别=初筛确认(2026-08-09)
河北,石家庄一中,2019,文,F,689,女(原文'她');语139数141英147综262;录取清华经管
河北,承德一中,2020,理,F,721,女(原文'她');语140数143英147综291;录取北大
河北,衡水中学,2020,文,NA,689,语140数148英142综259;录取北大光华
河北,衡水中学,2021,物理类,M,704,男(原文'他');3+1+2;并列;石家庄中考状元;语119数148外147物97化96生97;录取清华电子信息
河北,衡水中学,2021,物理类,M,704,男(原文'他');3+1+2;并列;复读生(2016年以721分获全省第2后退学复读);语125数149英146物89化98生97;录取清华自动化
河北,衡水中学,2021,历史类,F,695,女(原文'她');3+1+2;语135数138英145史87生96政94;录取北大光华
河北,石家庄二中实验学校,2022,物理类,NA,704,3+1+2;数学全省单科第1(新高考一卷最高);语125数149英144物93化98生95;录取清华计算机
河北,衡水中学,2022,历史类,M,683,3+1+2;语131数127英146史87政95地97;录取北大光华；性别=初筛确认(2026-08-09)
河北,衡水中学,2023,物理类,F,707,女(原文'她');3+1+2;语129数144英145物93化98生98;录取北大光华
河北,武邑中学,2023,历史类,NA,690,3+1+2;语131数138英145史81政96地99;录取北大光华
河北,衡水中学,2024,物理类,M,710,男(原文'他');3+1+2;并列;语135数139英141物97化99生99;录取清华电子信息
河北,石家庄精英中学,2024,物理类,M,710,男(原文'他');3+1+2;并列;语133数145英144物99化95生94;录取清华求真书院
河北,石家庄二中实验学校,2024,历史类,F,694,女(原文'她');3+1+2;语143数124英140史96生97政94;录取北大光华
河北,衡水二中,2025,物理类,NA,705,3+1+2;语131数138英143物97化99生97
河北,衡水中学,2025,历史类,M,695,男(原文'他');3+1+2;语130数135英143史95政98地94;录取北大
河北,衡水二中,2026,物理类,NA,710,3+1+2;并列;语138数135英143物100化96生98
河北,石家庄二中,2026,物理类,NA,710,3+1+2;并列;语137数141英146物96化97生93
河北,石家庄一中,2026,历史类,F,698,3+1+2;语135数135英145史94政95地94；性别=初筛确认(2026-08-09)
内蒙古,天山一中,1998,文,NA,579,
内蒙古,通辽实验中学,1999,理,NA,,
内蒙古,通辽实验中学,1999,文,F,,性别=初筛确认(2026-08-09)
内蒙古,通辽一中,2000,理,NA,675,语122数132英134物147化140;录取清华物理;总分疑标错
内蒙古,呼和浩特二中,2000,文,F,596,女(原文'她');语130数98英133政120史115;录取北大光华
内蒙古,赤峰平煤高中,2001,理,M,698,性别=初筛确认(2026-08-09)
内蒙古,呼和浩特二中,2001,文,NA,635,
内蒙古,包钢一中,2002,理,NA,701,语141数137英136.3综287
内蒙古,呼和浩特二中,2002,文,F,668,女(原文'她');语143数125英145综255;录取北大
内蒙古,北重三中,2003,理,NA,649,录取清华电子
内蒙古,乌兰浩特朝鲜族中学,2003,文,NA,604,录取北大
内蒙古,包钢一中,2004,理,M,701,男(原文'他');语123数142外141.5综294;录取清华基础科学班
内蒙古,呼和浩特二中,2004,文,F,647,女(原文'她');语121数144英138综244;录取北大光华
内蒙古,包钢一中,2005,理,M,701,语132数136英137.5综295；性别=初筛确认(2026-08-09)
内蒙古,海拉尔二中,2005,文,M,656,语123数138英140综255；性别=初筛确认(2026-08-09)
内蒙古,一机一中,2006,理,NA,718,含加分20裸分698;总分状元;语109数150英142综297
内蒙古,宁城高中,2006,理,F,703,女(原文'她');裸分状元;语133数141英141.5综287;录取清华建筑
内蒙古,呼和浩特二中,2006,文,F,656,录取北大光华；性别=初筛确认(2026-08-09)
内蒙古,呼和浩特二中,2007,理,M,702,语121数149英145.6综286；性别=初筛确认(2026-08-09)
内蒙古,呼和浩特二中,2007,文,NA,660,语124数141英144综251
内蒙古,赤峰红旗中学,2008,理,M,692,"男(原文'他');复读生(2007=673,含加分20裸分653)"
内蒙古,呼和浩特二中,2008,文,M,663,男(原文'他');自治区文科数学和综合单科第1;数146综255
内蒙古,通辽五中,2009,理,NA,715,含加分30裸分685;语121数142英144综278
内蒙古,呼和浩特二中,2009,文,NA,633,含加分20裸分613;总分状元;语122数137英136综218
内蒙古,乌兰浩特三中,2009,文,M,629,裸分状元；性别=初筛确认(2026-08-09)
内蒙古,包头九中,2010,理,F,720,女(原文'她');含加分20裸分700;总分状元;语139数133英141综287;录取清华
内蒙古,内蒙古师大附中,2010,理,NA,705,裸分状元;语137数136英138.8综293
内蒙古,呼和浩特二中,2010,文,NA,614,含加分;总分状元;录取港大
内蒙古,呼和浩特二中,2010,文,M,609,男(原文'他');裸分状元;并列;语138数101英137综233;录取北大中文
内蒙古,海拉尔二中,2010,文,NA,609,裸分状元;并列;语124数130英141综214
内蒙古,北重三中,2011,理,NA,710,含加分20裸分690;语114数145英146综285
内蒙古,包头九中,2011,文,F,654,含加分10裸分644;语127数134英143.1综240；性别=初筛确认(2026-08-09)
内蒙古,赤峰四中,2012,理,M,707,男(原文'他');含加分30裸分677;总分状元;语108数142英138综289;录取清华
内蒙古,天山一中,2012,理,M,683,裸分状元;录取清华；性别=初筛确认(2026-08-09)
内蒙古,呼和浩特二中,2012,文,F,641,女(原文'她');录取清华
内蒙古,赤峰平煤高中,2013,理,NA,716,含加分20裸分696;总分状元
内蒙古,赤峰二中,2013,理,NA,705,裸分状元
内蒙古,赤峰平煤高中,2013,文,F,634,女(原文'她');含加分20裸分614;总分状元;录取清华
内蒙古,包头一中,2013,文,M,615,男(原文'他');裸分状元;语131.5数148英134.4综201;录取北大光华
内蒙古,赤峰二中,2014,理,F,705,含加分;总分状元;录取北大元培；性别=初筛确认(2026-08-09)
内蒙古,鄂尔多斯一中,2014,理,M,687,男(原文'他');裸分状元;语129数142英141.3综275;录取清华
内蒙古,乌兰浩特一中,2014,文,F,668,含加分;总分状元;录取北大法学；性别=初筛确认(2026-08-09)
内蒙古,呼和浩特二中,2014,文,F,660,裸分状元;语138.5数142英145.5综234;录取清华经管；性别=初筛确认(2026-08-09)
内蒙古,赤峰平煤高中,2015,理,M,703,男(原文'他');含加分5裸分698;总分状元;语118数147英147.5综285.5;录取清华
内蒙古,赤峰田家炳中学,2015,理,NA,699,裸分状元;数137;录取清华
内蒙古,呼和浩特二中,2015,文,F,654,女(原文'她');语125数145英147综237;录取北大
内蒙古,林东一中,2016,理,M,718,男(原文'他');含加分10裸分708;语127数140.5英148.8综291.5;录取清华
内蒙古,呼和浩特二中,2016,文,NA,646,含加分;总分状元;录取清华经管
内蒙古,鄂尔多斯一中,2016,文,F,643,裸分状元;语126数147.5英149.5综220;录取清华；性别=初筛确认(2026-08-09)
内蒙古,新惠中学,2017,理,M,705,男(原文'他');含加分10裸分695;总分状元;并列;综287;录取清华电机
内蒙古,林西一中,2017,理,M,705,男(原文'他');含加分10裸分695;总分状元;并列;录取清华新雅
内蒙古,呼和浩特二中,2017,理,F,699,女(原文'她');裸分状元;录取清华
内蒙古,鄂尔多斯一中,2017,文,F,633,女(原文'她');语133.5数141.5英142.5综215;录取清华
内蒙古,鄂尔多斯一中,2018,理,NA,705,语124.5数147英138.1综295.5;录取清华计算机
内蒙古,呼和浩特二中,2018,文,M,661,男(原文'他');录取北大元培
内蒙古,赤峰二中,2019,理,M,711,男(原文'他');含加分10裸分701;总分状元;语129.5数142英144.4综285;录取清华
内蒙古,赤峰二中,2019,理,NA,705,裸分状元;录取清华
内蒙古,鄂尔多斯一中,2019,文,F,677,录取清华经管；性别=初筛确认(2026-08-09)
内蒙古,新惠中学,2020,理,NA,717,含加分10裸分707;总分状元;录取清华计算机与金融双学位
内蒙古,呼和浩特二中,2020,理,M,715,裸分状元;综297;录取清华计算机与金融双学位；性别=初筛确认(2026-08-09)
内蒙古,呼和浩特二中,2020,文,F,685,录取清华经管；性别=初筛确认(2026-08-09)
内蒙古,呼和浩特二中,2021,理,M,702,男(原文'他');含加分10裸分692;总分状元;录取清华计算机与金融双学位
内蒙古,呼和浩特二中,2021,理,M,694,男(原文'他');裸分状元;录取清华计算机与金融双学位
内蒙古,呼和浩特二中,2021,文,NA,668,语132数145.5英146.9综243.5;录取北大光华
内蒙古,呼和浩特二中,2022,理,F,695,女(原文'她');含加分10裸分685;总分状元;录取清华电子信息
内蒙古,呼和浩特二中,2022,理,M,692,男(原文'他');裸分状元;语133.5数132英148.1综278;录取清华计算机金融双学位
内蒙古,通辽五中,2022,文,M,645,男(原文'他');含加分10裸分635;总分状元;录取北大光华
内蒙古,包头九中,2022,文,M,635,男(原文'他');裸分状元;并列;语136数139.5英140.6综219;录取北大光华
内蒙古,呼和浩特二中,2022,文,NA,635,裸分状元;并列;录取北大中文
内蒙古,乌兰浩特一中,2023,理,M,709,男(原文'他');含加分10裸分699;总分状元;语132数138外147.5综281;录取清华计算机
内蒙古,赤峰二中,2023,理,NA,706,裸分状元;语133数149.5英138.8综284;录取北大元培
内蒙古,林东一中,2023,文,F,665,女(原文'她');含加分10裸分655;总分状元;语134.5数132.5英141.9综246.5;录取北大法学
内蒙古,鄂尔多斯一中,2023,文,NA,657,裸分状元;匿名化
内蒙古,内蒙古师大附中,2024,理,M,719,男(原文'他');并列;语140.5数148英146.3综284;录取清华新雅
内蒙古,鄂尔多斯一中,2024,理,M,719,男(原文'他');并列;语136数149.5英145综288;录取清华生科
内蒙古,包头九中,2024,文,F,649,含加分5裸分644;总分状元;录取北大；性别=初筛确认(2026-08-09)
内蒙古,鄂尔多斯一中,2024,文,F,649,女(原文'她');并列;语133.5数144.5英145.6综225.5;录取清华经管
内蒙古,赤峰红旗中学,2025,物理类,M,714,男(原文'他');3+1+2;语137数138英144物98化99生98;录取清华计算机
内蒙古,呼和浩特二中,2025,历史类,M,690,男(原文'他');3+1+2;语139数133.5英138史90政92地97;录取北大元培
内蒙古,包头一中,2026,物理类,NA,715,3+1+2;语131.5数149英139.5物99化99生97
内蒙古,包头景开中学,2026,历史类,NA,682,3+1+2
云南,玉溪一中,1994,理,NA,,
云南,云南师大附中,1996,理,NA,640,录取北大生科
云南,开远一中,1996,文,F,632,录取人大国际会计；性别=初筛确认(2026-08-09)
云南,昆明三中,1997,理,NA,,
云南,下关一中,1998,文,NA,622,
云南,玉溪一中,2000,理,M,667,男(原文'他');语124数127英129物145化142;录取清华电子信息
云南,楚雄一中,2000,文,NA,,录取复旦
云南,云南师大附中,2001,理,NA,,
云南,个旧一中,2001,文,NA,683,语133数149外133史134政134
云南,楚雄一中,2002,理,NA,677,
云南,云南师大附中,2002,文,NA,637,语121数134英130综252;录取北大
云南,昆明三中,2003,理,M,633,男(原文'他');录取清华
云南,曲靖一中,2003,文,NA,645,语126数121英130综268
云南,玉溪一中,2004,理,NA,667,
云南,云天化中学,2004,文,M,642,男(原文'他');语128数127英137综250;录取北大元培
云南,曲靖一中,2005,理,NA,714,语125数144英145综300(满分);录取清华经管
云南,昆明一中,2005,文,F,682,女(原文'她');语142数127英147综266;录取北大光华
云南,玉溪一中,2006,理,NA,717,语139数148英145综285
云南,曲靖一中,2006,文,NA,696,含加分20裸分676;总分状元;语140数138英138综260
云南,云南师大附中,2006,文,F,686,女(原文'她');含加分10裸分676;裸分状元;文综277全省最高;楚雄中考状元;录取港大
云南,昆明三中,2007,理,F,724,女(原文'她');含加分20裸分704;语128数144英146综286;录取清华数理基础(物理)
云南,云南师大附中,2007,理,NA,704,裸分状元;并列
云南,昆明光华学校,2007,理,M,704,裸分状元;并列；性别=初筛确认(2026-08-09)
云南,云南师大附中,2007,文,F,688,女(原文'她');含加分10裸分678;语126数139英141综272;录取港大
云南,云南师大附中,2008,理,M,699,语122数142英146综289；性别=初筛确认(2026-08-09)
云南,昆明一中,2008,文,NA,662,语129数136英146综251
云南,云南师大附中,2009,理,F,729,女(原文'她');含加分20裸分709;语138数136英145综290;录取港大医学部
云南,云南师大附中,2009,文,NA,676,含加分20裸分656;总分状元
云南,云南师大附中,2009,文,NA,657,裸分状元
云南,昆明一中,2010,理,NA,708,含加分20裸分688;总分状元
云南,云南师大附中,2010,理,NA,697,裸分状元
云南,下关一中,2010,文,NA,671,含加分20裸分651
云南,昭通一中,2011,理,NA,703,含加分20裸分683;总分状元
云南,云南师大附中,2011,理,F,686,裸分状元；性别=初筛确认(2026-08-09)
云南,建水一中,2011,文,NA,649,含加分20裸分629;总分状元
云南,云南师大附中,2011,文,M,637,男(原文'他');裸分状元;录取港大国际商业及环球管理
云南,云南师大附中,2012,理,NA,706,含加分20裸分686;总分状元
云南,玉溪一中,2012,理,F,706,并列；性别=初筛确认(2026-08-09)
云南,云师大附中,2012,文,NA,692,含加分20裸分672;总分状元
云南,云南师大附中,2012,文,NA,689,裸分状元
云南,云南师大附中,2013,理,NA,734,含加分20裸分714
云南,昆明一中,2013,文,NA,690,含加分20裸分670;总分状元
云南,云南师大附中,2013,文,NA,671,裸分状元
云南,安宁中学,2014,理,NA,727,含加分20裸分707
云南,曲靖一中,2014,理,F,707,裸分状元；性别=初筛确认(2026-08-09)
云南,云南师大附中,2014,文,NA,708,含加分20裸分688
云南,曲靖一中,2015,理,NA,725,
云南,德宏民族一中,2015,文,NA,698,含加分20裸分678;总分状元
云南,曲靖一中,2015,文,NA,691,裸分状元;录取北大光华
云南,云南师大附中,2016,理,NA,713,并列
云南,曲靖一中,2016,理,F,713,并列；性别=初筛确认(2026-08-09)
云南,临沧一中,2016,理,M,713,含加分10裸分703;总分状元;并列；性别=初筛确认(2026-08-09)
云南,曲靖一中,2016,文,M,713,男(原文'他');文科713与理科同分;录取北大光华
云南,曲靖一中,2017,理,NA,725,含加分10裸分715;总分状元
云南,云南师大附中,2017,理,NA,724,裸分状元
云南,云南师大附中,2017,文,NA,696,含加分10裸分686;总分状元
云南,曲靖一中,2017,文,M,691,男(原文'他');裸分状元;录取清华经管
云南,云南师大附中,2018,理,NA,725,
云南,玉溪一中,2018,文,F,708,女(原文'她');录取北大中文
云南,红河州一中,2019,理,F,737,女(原文'她');含加分10裸分727;总分状元;语129数147外142综287量化22;录取清华临床医学
云南,红河州一中,2019,理,F,729,女(原文'她');裸分状元;理综289全省单科第1;语129数144外145综289量化22;录取清华电子信息
云南,临沧一中,2019,文,NA,711,语135数148外146综260量化22;录取北大光华
云南,德宏州民族一中,2020,理,NA,729,含加分20裸分709;总分状元
云南,昭通一中,2020,理,M,725,男(原文'他');裸分状元;语127数147英147综282量化22;录取清华人工智能学堂班
云南,云南师大附中,2020,文,F,701,女(原文'她');语124数150英139综266量化22;录取北大元培
云南,长水实验中学,2021,理,M,725,男(原文'他');含加分20裸分705;总分状元;复读生;语135数140外137综271量化22;录取清华医学
云南,昆明八中,2021,理,M,723,男(原文'他');裸分状元;语135数145外145综276量化22;录取清华计算机
云南,云南师大附中,2021,文,F,703,女(原文'她');含加分10裸分693;总分状元;综251;录取清华经管
云南,云南师大附中,2021,文,F,695,女(原文'她');裸分状元;语132数145外145综251量化22;录取清华经管
云南,曲靖一中,2022,理,M,744,语136数146英148综292量化22;录取清华交叉信息;744全国前列；性别=初筛确认(2026-08-09)
云南,云南师大附中,2022,文,M,715,男(原文'他');语127数149外148综269量化22;录取北大光华
云南,德宏州民族一中,2023,理,NA,730,含加分20裸分710;总分状元;数150;录取清华为先书院生物医学工程
云南,临沧一中,2023,理,F,722,女(原文'她');裸分状元;语123数149外142综286量化22;录取清华新雅
云南,云南师大附中,2023,文,F,705,女(原文'她');含加分20裸分685;总分状元;综264;录取北大光华
云南,曲靖一中,2023,文,F,686,女(原文'她');裸分状元;语134数140外141综249量化22;录取北大元培(哲学)
云南,云南师大附中,2024,理,M,731,含加分5裸分726;语129数146外147综282量化22;录取清华；性别=初筛确认(2026-08-09)
云南,云南师大附中,2024,文,M,702,男(原文'他');语128数143外139综270量化22;录取北大法学
云南,红河州一中,2025,物理类,M,704,3+1+2;语139数140外138物91化97生99;录取清华新雅；性别=初筛确认(2026-08-09)
云南,云大附中星耀学校,2025,历史类,NA,681,3+1+2;语135数133外138史85政96地94
安徽,屯溪一中,1994,理,M,637,并列；性别=初筛确认(2026-08-09)
安徽,霍山中学,1994,理,F,,并列；性别=初筛确认(2026-08-09)
安徽,蚌埠三中,1994,文,M,,性别=初筛确认(2026-08-09)
安徽,铜陵一中,1995,理,F,,性别=初筛确认(2026-08-09)
安徽,淮南二中,1995,文,F,,性别=初筛确认(2026-08-09)
安徽,合肥一中,1996,理,NA,697,并列
安徽,芜湖一中,1996,理,M,697,男(原文'他');并列;录取清华
安徽,歙县中学,1996,文,NA,639,录取北大
安徽,铜陵一中,1997,理,NA,,
安徽,六安一中,1997,文,NA,,并列
安徽,马鞍山二中,1997,文,F,,并列；性别=初筛确认(2026-08-09)
安徽,东至三中,1998,理,NA,681,
安徽,当涂一中,1998,文,M,614,性别=初筛确认(2026-08-09)
安徽,当涂一中,1999,理,NA,,并列
安徽,六安二中,1999,理,NA,694,并列;录取北大
安徽,枞阳浮山中学,1999,文,NA,637,数学147全省最高
安徽,马鞍山二中,2000,理,M,705,男(原文'他');语120数140英142物150化148;录取清华电子
安徽,庐江中学,2000,文,NA,653,并列;语130数140英123政126史134;录取北大经院
安徽,金寨一中,2000,文,NA,653,并列
安徽,肥东一中,2001,理,NA,690,
安徽,淮北一中,2001,文,NA,669,
安徽,安徽师大附中,2002,理,F,710,女(原文'她');语132;录取清华
安徽,安徽师大附中,2002,文,F,656,女(原文'她');语119数139英140综258;录取北大
安徽,安庆一中,2003,理,M,684,男(原文'他');录取清华
安徽,六安一中,2003,文,M,632,男(原文'他');语120数129英135综248;录取北大
安徽,合肥一中,2004,理,M,720,男(原文'他');含加分10裸分710;总分状元;并列;语127数149外143综291;录取中科大物理
安徽,蚌埠二中,2004,理,M,720,男(原文'他');含加分10裸分710;总分状元;并列;语137数146英135综292;录取清华数理基础
安徽,合肥一中,2004,理,NA,714,裸分状元;录取清华临床医学
安徽,南陵中学,2004,文,M,681,男(原文'他');语129数148英139综265;录取北大
安徽,灵璧一中,2005,理,NA,688,含加分10裸分678;语122数134英138综284
安徽,淮南一中,2005,文,F,651,女(原文'她');含加分10裸分641;总分状元;语117数140外141综243;录取北大法学
安徽,贵池一中,2005,文,NA,651,并列;语121数134英142综254
安徽,六安一中,2006,理,M,703,语128数147英141综287；性别=初筛确认(2026-08-09)
安徽,合肥一中,2006,文,F,678,语134数136英142综266；性别=初筛确认(2026-08-09)
安徽,休宁中学,2007,理,F,709,女(原文'她');含加分10裸分699;语123数148英136综292;录取清华
安徽,合肥一中,2007,文,F,667,女(原文'她');语135数149英141综242;录取港中文会计
安徽,铜陵一中,2008,理,NA,708,编外状元(保送清华经管不参与排名);含加分10裸分698
安徽,滁州中学,2008,理,M,697,正式状元；性别=初筛确认(2026-08-09)
安徽,太和一中,2008,文,M,653,男(原文'他');语127数150英142综234;录取清华经管
安徽,合肥一中,2009,理,NA,712,编外状元(保送清华生物);含加分10裸分702
安徽,合肥一六八中学,2009,理,NA,706,含加分10裸分696;总分状元;语124数146英140综286
安徽,合肥八中,2009,理,NA,699,裸分状元
安徽,合肥八中,2009,文,NA,638,并列;语122数131英141综244
安徽,淮南二中,2009,文,M,638,含加分10裸分628;总分状元;并列;语115数131英148综234；性别=初筛确认(2026-08-09)
安徽,安庆一中,2010,理,F,704,女(原文'她');编外总分状元(保送清华化学);含加分10裸分694;语111数148英146综289
安徽,泗县二中,2010,理,M,701,正式状元;语116数149外142综294;录取清华信息学院；性别=初筛确认(2026-08-09)
安徽,和县一中,2010,理,NA,701,含加分10裸分691;总分状元;并列
安徽,六安一中,2010,理,M,701,男(原文'他');编外总分状元(保送清华工业工程);含加分10裸分691;并列;语117数149英137综288
安徽,寿县一中,2010,文,NA,666,语126数141英144综255
安徽,安庆一中,2011,理,M,705,男(原文'他');编外总分状元(保送清华电子);含加分10裸分695;语120数148英141综286
安徽,蚌埠二中,2011,理,M,699,含加分5裸分694;总分状元;录取清华钱学森力学班；性别=初筛确认(2026-08-09)
安徽,淮南二中,2011,理,M,698,男(原文'他');裸分状元;复读生(2010=641);语127数139英143综289;录取清华建筑
安徽,淮北一中,2011,文,F,646,女(原文'她');语125数139英141综241;录取港大商学院会计金融
安徽,芜湖一中,2012,理,NA,704,含加分10裸分694;语124数135英144综291
安徽,淮北一中,2012,文,F,671,女(原文'她');语123数150英138综260;录取北大光华
安徽,合肥一中,2013,理,M,675,男(原文'他');含加分10裸分665;总分状元;语115数135英137综278;录取清华交叉信息
安徽,灵璧一中,2013,理,F,673,女(原文'她');裸分状元;复读生(2012=619);语117数133英143综280
安徽,铜陵一中,2013,文,F,662,语113数142英143综264；性别=初筛确认(2026-08-09)
安徽,合肥一中,2014,理,F,675,女(原文'她');含加分10裸分665;总分状元;语115数142英139综269;录取北大光华
安徽,六安一中,2014,理,F,674,女(原文'她');裸分状元;并列;录取北大元培
安徽,宿城一中,2014,理,NA,674,裸分状元;并列
安徽,合肥一六八中学,2014,文,M,650,男(原文'他');并列;语120数146英145综239;录取北大元培
安徽,南陵中学,2014,文,F,650,并列;语112数147外138综253；性别=初筛确认(2026-08-09)
安徽,马鞍山二中,2015,理,F,708,并列;语119数148英149综292；性别=初筛确认(2026-08-09)
安徽,合肥八中,2015,理,NA,708,并列;语121数149英149综289
安徽,蚌埠二中,2015,文,F,689,语119数150英144综276；性别=初筛确认(2026-08-09)
安徽,太和一中,2016,理,F,703,并列;语123数140英144综296；性别=初筛确认(2026-08-09)
安徽,无为中学,2016,理,M,703,男(原文'他');并列;语126数136外145综296;录取清华环境
安徽,合肥一六八中学,2016,文,NA,657,语118数138英137综264
安徽,太和中学,2017,理,NA,706,语126数145外145综290
安徽,合肥一六八中学,2017,文,M,662,男(原文'他');语121数140英148综253;录取清华
安徽,铜陵一中,2018,理,M,713,男(原文'他');语123数150英146综294;录取北大
安徽,合肥一中,2018,文,F,678,女(原文'她');语123数147外143综265;录取北大光华
安徽,合肥一中,2019,理,M,710,语127数148外141综294；性别=初筛确认(2026-08-09)
安徽,合肥一六八中学,2019,文,NA,681,语129数146外145综261
安徽,太和中学,2020,理,F,714,并列;语132数144外143综295;录取清华电子信息；性别=初筛确认(2026-08-09)
安徽,安庆一中,2020,理,M,714,并列;语129数149外148综288；性别=初筛确认(2026-08-09)
安徽,合肥一六八中学,2020,文,F,669,女(原文'她');语131数143外149综246;录取清华
安徽,合肥一六八中学,2021,理,M,716,男(原文'他');语135数146外146综289;录取北大数学
安徽,合肥一中,2021,文,M,694,男(原文'他');复读借读(原北师大蚌埠附校);语132数148外149综265;录取北大元培
安徽,无为中学,2022,理,NA,716,语130数144英145综297;录取清华经管
安徽,合肥一中,2022,文,F,663,女(原文'她');录取北大社会学
安徽,灵璧中学,2023,理,F,711,女(原文'她');宿州中考状元(748/760);语130数147英144综290;录取清华交叉信息
安徽,合肥一六八中学,2023,文,M,686,男(原文'他');录取北大元培
安徽,合肥一中,2024,物理类,M,715,男(原文'他');3+1+2;语135数146英142物98化95生99;录取清华
安徽,合肥一六八中学,2024,历史类,F,700,女(原文'她');3+1+2;语136数132外145史96政96地95;录取北大元培
安徽,池州一中,2025,物理类,M,706,男(原文'他');3+1+2;并列;录取北大计算机
安徽,合肥一六八中学,2025,物理类,NA,706,3+1+2;并列
安徽,巢湖一中,2025,物理类,M,706,3+1+2;并列；性别=初筛确认(2026-08-09)
安徽,合肥八中,2025,历史类,F,683,3+1+2；性别=初筛确认(2026-08-09)
安徽,安徽师大附中,2026,物理类,F,,3+1+2；性别=初筛确认(2026-08-09)
安徽,寿县一中,2026,历史类,NA,,3+1+2
广东,惠州一中,2007,理,M,697,男(原文'他');数140英141物139;录取清华数理基础
广东,高明一中,2007,文,F,691,女(原文'她');X科制:语131数142英142文基142史134;录取港中文
广东,珠海一中,2008,理,F,696,女(原文'她');语132数146英137理基140化141;录取北大
广东,潮阳实验学校,2008,文,M,681,男(原文'他');语124数143英132文基144政138;录取北大光华
广东,深圳外国语学校,2009,理,F,702,女(原文'她');选科物理;保送清华(自学历史过保送考试);录取清华经金国际班
广东,珠海一中,2009,文,F,701,女(原文'她');语130数142英139文基150史140(全省最高);录取北大
广东,华南师大附中,2010,理,F,727,含加分20裸分707;总分状元；性别=初筛确认(2026-08-09)
广东,仲元中学,2010,理,F,709,女(原文'她');裸分状元;并列;语125数143英145综296;录取清华建筑
广东,华南师大附中,2010,理,M,709,裸分状元;并列;语137数138英142综292；性别=初筛确认(2026-08-09)
广东,阳江一中,2010,文,F,687,含加分20裸分667;总分状元;语125数138英139综265；性别=初筛确认(2026-08-09)
广东,宝安中学,2010,文,F,678,女(原文'她');裸分状元;并列;语135数140英141综262;录取北大
广东,华南师大附中,2010,文,F,678,女(原文'她');裸分状元;并列;录取北大光华
广东,广东实验中学,2011,理,M,706,含加分20裸分686;总分状元；性别=初筛确认(2026-08-09)
广东,深圳中学,2011,理,M,699,男(原文'他');裸分状元;语133数139英143综284;录取北大
广东,潮阳实验学校,2011,文,F,681,女(原文'她');含加分20裸分661;总分状元;录取北大
广东,执信中学,2011,文,NA,672,裸分状元;语141数124英137综270
广东,华南师大附中,2012,理,F,715,含加分20裸分695;总分状元;录取清华；性别=初筛确认(2026-08-09)
广东,佛山一中,2012,理,M,705,男(原文'他');裸分状元;语134数144英144综284;录取清华
广东,茂名一中,2012,文,F,682,女(原文'她');并列;语140数148英139综255;录取清华
广东,深圳中学,2012,文,NA,682,含加分20裸分662;总分状元;并列
广东,信宜中学,2013,理,M,717,男(原文'他');含加分20裸分697;总分状元;录取清华电子
广东,深圳高级中学,2013,理,NA,710,裸分状元;语136数147英145综282;录取清华电子
广东,佛山一中,2013,文,F,693,女(原文'她');含加分20裸分673;总分状元;录取北大
广东,汕头金山中学,2013,文,NA,681,裸分状元
广东,普宁市华美实验学校,2014,理,F,711,女(原文'她');语138数141英141综291;录取清华经管
广东,梅县东山中学,2014,文,F,687,女(原文'她');高二后19次大考16次年级第一;录取北大光华
广东,珠海一中,2015,理,M,710,男(原文'他');录取清华
广东,东莞东华高级中学,2015,文,F,676,女(原文'她');录取清华
广东,阳江一中,2016,理,M,701,"男(原文'他');并列;三次高考(2013/2014/2016,2014=677考入上交大);综288;录取清华经管"
广东,广东实验中学,2016,理,M,701,男(原文'他');并列;录取北大
广东,深圳外国语学校,2016,文,F,650,女(原文'她');并列;录取北大
广东,顺德一中,2016,文,F,650,女(原文'她');并列;录取北大葡萄牙语
广东,华中师大龙岗附中,2017,理,M,699,男(原文'他');含加分5裸分694;总分状元;录取港中文(深圳)理工
广东,华南师大附中,2017,理,M,695,裸分状元;并列;录取清华新雅(经金)；性别=初筛确认(2026-08-09)
广东,深圳高级中学,2017,理,M,695,裸分状元;并列;录取清华；性别=初筛确认(2026-08-09)
广东,石门中学,2017,文,F,671,女(原文'她');录取北大中文
广东,廉江实验学校,2018,理,NA,707,复读生;录取清华电子信息
广东,普宁市华美实验学校,2018,文,F,672,女(原文'她');揭阳中考状元;语127数144英145综256;录取北大光华
广东,东莞东华高级中学,2019,理,M,706,录取清华计算机；性别=初筛确认(2026-08-09)
广东,珠海一中,2019,文,M,672,男(原文'他');语142数148英143综239;录取北大光华
广东,广州六中,2020,理,M,716,男(原文'他');清华强基考试总分第1;语133数147外145综291;录取清华
广东,潮阳实验学校,2020,文,M,665,男(原文'他');录取清华法学
广东,广东实验中学,2021,物理类,M,707,3+1+2;语131数138外147物98化98生95;录取清华经管；性别=初筛确认(2026-08-09)
广东,廉江实验学校,2021,历史类,F,680,女(原文'她');3+1+2;选科史生政;录取北大光华
广东,广州二中,2022,物理类,M,709,男(原文'他');3+1+2;语131数135英148物98化97生100;录取清华
广东,深圳中学,2022,历史类,M,671,男(原文'他');3+1+2;选科史政地;录取北大元培
广东,珠海一中,2023,物理类,M,712,男(原文'他');3+1+2;珠海中考状元(600/605);语136数139英148物100化98生91;录取清华计算机
广东,潮阳实验学校,2023,历史类,M,695,男(原文'他');3+1+2;语131数138英146史93政92地95;录取北大光华
广东,化州一中附属实验学校,2024,物理类,NA,706,3+1+2;复读生;并列;语139数137外145物99化94生92;录取清华计算机
广东,广东实验中学,2024,物理类,M,706,3+1+2;并列;录取清华计算机；性别=初筛确认(2026-08-09)
广东,湛江一中,2024,历史类,M,695,男(原文'他');3+1+2;语137数135英143史90化97生93;录取北大
广东,潮阳实验学校,2025,物理类,M,716,男(原文'他');3+1+2;模考赋分721(原始713);语144数132英144物100化98生98;录取清华
广东,广州二中,2025,历史类,F,686,女(原文'她');3+1+2;录取北大考古文博
广东,深圳中学,2026,物理类,F,714,3+1+2;语132数147外143物98化97生97；性别=初筛确认(2026-08-09)
广东,汕头金山中学,2026,历史类,NA,684,3+1+2;并列
广东,潮阳实验学校,2026,历史类,NA,684,3+1+2;并列
广西,百色祈福高中,2005,理,NA,715,含加分;总分状元
广西,柳州高中,2005,理,F,708,裸分状元;语132数134英146综296;录取清华计算机；性别=初筛确认(2026-08-09)
广西,浔州高中,2005,文,F,673,含加分;总分状元；性别=初筛确认(2026-08-09)
广西,柳州高中,2005,文,M,666,裸分状元；性别=初筛确认(2026-08-09)
广西,柳州高中,2006,理,F,704,含加分20裸分684;并列；性别=初筛确认(2026-08-09)
广西,广西师大附属外校,2006,理,NA,,并列
广西,岑溪中学,2006,文,NA,672,语132数150外146综244;录取港中文工商管理
广西,桂林中学,2007,理,M,706,含加分20裸分686;数144；性别=初筛确认(2026-08-09)
广西,浦北中学,2007,文,NA,672,含加分20裸分652
广西,南宁二中,2008,理,M,704,男(原文'他');含加分20裸分684;数144全省最高;模考均700+
广西,南宁三中,2008,文,NA,667,含加分20裸分647
广西,南宁二中,2009,理,F,717,含加分20裸分697；性别=初筛确认(2026-08-09)
广西,南宁二中,2009,文,NA,649,含加分20裸分629
广西,兴安中学,2009,文,F,629,女(原文'她');裸分状元;文科数学全省单科第1;语124数146英144综215
广西,桂林中学,2010,理,NA,704,含加分20裸分684;语119数137英147综281
广西,柳州地区民族高中,2010,文,NA,633,含加分20裸分613;总分状元
广西,南宁二中,2010,文,M,630,男(原文'他');裸分状元;北海中考状元;语127数120英148综235
广西,南宁三中,2011,理,NA,709,含加分20裸分689;语122数146英143综278
广西,河池高中,2011,文,NA,650,含加分10裸分640
广西,百色高中,2012,理,NA,722,含加分20裸分702;语132数144外139综287
广西,武鸣高中,2012,文,F,679,含加分20裸分659;语141数129英143综246；性别=初筛确认(2026-08-09)
广西,南宁三中,2013,理,NA,682,含加分20裸分662;总分状元;并列
广西,南宁二中,2013,理,NA,682,含加分10裸分672;总分状元;并列
广西,广西师大附属外校,2013,理,M,675,裸分状元;数146英150；性别=初筛确认(2026-08-09)
广西,柳州铁一中,2013,文,NA,653,
广西,南宁三中,2014,理,NA,718,含加分10裸分708;语140数138英147综283
广西,柳州铁一中,2014,文,NA,672,含加分5裸分667;语128数146英149综244
广西,全州高中,2015,理,NA,721,含加分20裸分701;总分状元
广西,南宁三中,2015,理,M,704,裸分状元；性别=初筛确认(2026-08-09)
广西,柳州铁一中,2015,文,NA,672,含加分20裸分652;总分状元
广西,柳州高中,2015,文,F,671,女(原文'她');裸分状元;文综全省单科第1;录取北大
广西,柳州高中,2016,理,NA,708,含加分5裸分703;语137数135英148综283
广西,恭城中学,2016,文,NA,680,含加分20裸分660;总分状元
广西,柳州铁一中,2016,文,F,669,女(原文'她');裸分状元;语130数141外144综254;录取北大
广西,南宁三中,2017,理,NA,704,含加分20裸分684;总分状元;语133数143英149综259
广西,南宁二中,2017,理,NA,700,裸分状元
广西,南宁二中,2017,文,F,681,女(原文'她');语137数139英144综261;录取清华
广西,平果高中,2018,理,NA,709,含加分10裸分699;语131数139外147综282
广西,柳州高中,2018,理,NA,699,裸分状元
广西,广西师大附属外校,2018,文,NA,676,含加分20裸分656;总分状元
广西,南宁三中,2018,文,F,666,裸分状元;录取北大法学；性别=初筛确认(2026-08-09)
广西,南宁二中,2019,理,M,730,男(原文'他');语140数150英150综290;录取清华人工智能学堂班
广西,柳州高中,2019,文,F,689,女(原文'她');语142数148英144综255;录取北大法学
广西,玉林高中,2020,理,NA,719,含加分20裸分699;总分状元
广西,广西师大附属外校,2020,理,NA,712,裸分状元
广西,柳州高中,2020,文,F,675,女(原文'她');录取北大中文
广西,南宁三中,2021,理,NA,728,含加分5裸分723;语133数150外147综293
广西,柳州铁一中,2021,文,NA,687,含加分5裸分682
广西,南宁三中,2021,文,NA,682,裸分状元;录取北大光华
广西,北海民附学校,2022,理,M,715,含加分5裸分710;数150英149;录取清华交叉信息；性别=初筛确认(2026-08-09)
广西,南宁三中,2022,文,F,706,女(原文'她');含加分7裸分699;语134数143外147综275;录取北大元培
广西,桂林国龙外国语学校,2023,理,NA,712,语127数148英144综293;录取清华交叉信息
广西,北海民附学校,2023,理,NA,712,含加分7裸分705;总分状元;并列;录取清华交叉信息
广西,南宁二中,2023,文,F,689,女(原文'她');含加分3裸分686;语139数149外147综251;录取北大光华
广西,百色高中,2024,物理类,M,707,男(原文'他');3+1+2;含加分7裸分700;总分状元;语139数136外147物88化96政94;录取清华计算机
广西,武鸣高中,2024,物理类,M,702,男(原文'他');3+1+2;裸分状元;语143数133外147物83化97生99;录取北大
广西,河池高中,2024,历史类,F,698,3+1+2;含加分15裸分683;总分状元;录取北大；性别=初筛确认(2026-08-09)
广西,柳州高中,2024,历史类,F,696,女(原文'她');3+1+2;含加分3裸分693;裸分状元;语140数133外147史88政93地92;录取北大法学
广西,玉林高中,2025,物理类,M,704,男(原文'他');3+1+2;录取清华
广西,南宁三中,2025,历史类,F,675,3+1+2;含加分3裸分672;语136数133外144史73生91地95；性别=初筛确认(2026-08-09)
广西,南宁三中,2026,物理类,NA,717,3+1+2
广西,柳州高中,2026,历史类,NA,688,3+1+2
宁夏,吴忠中学,1962,文,NA,,录取北大历史
宁夏,银川一中,1980,文,NA,,录取北大法律
宁夏,银川一中,1981,文,NA,,匿名;录取北大中文
宁夏,银川九中,1986,理,M,,性别=初筛确认(2026-08-09)
宁夏,彭阳二中,1991,文,NA,,录取北大法律
宁夏,银川九中,1992,理,M,,性别=初筛确认(2026-08-09)
宁夏,银川九中,1994,理,NA,,
宁夏,银川九中,1995,理,NA,,
宁夏,恒力中学,1996,理,NA,,
宁夏,银川九中,1997,理,NA,,
宁夏,银川二中,1998,理,NA,,
宁夏,固原一中,1999,理,M,679,物理150;录取清华；性别=初筛确认(2026-08-09)
宁夏,固原一中,1999,文,F,,录取北大光华；性别=初筛确认(2026-08-09)
宁夏,银川二中,2000,理,F,656,女(原文'她');语127数124英127物130化148;录取清华计算机
宁夏,唐徕回民中学,2000,文,NA,614,录取北大
宁夏,银川二中,2001,理,M,,录取清华；性别=初筛确认(2026-08-09)
宁夏,唐徕回民中学,2001,文,NA,,录取北大光华
宁夏,银川九中,2002,理,F,682,女(原文'她');语136数139英140综267;录取清华
宁夏,银川二中,2002,理,M,,并列；性别=初筛确认(2026-08-09)
宁夏,唐徕回民中学,2002,文,F,611,女(原文'她');并列;录取北大
宁夏,石嘴山矿务局一中,2002,文,M,611,男(原文'他');并列;语121数129英125综236;录取北大
宁夏,银川九中,2003,理,M,624,并列;高考移民被取消录取资格；性别=初筛确认(2026-08-09)
宁夏,海原中学,2003,理,M,624,并列;录取清华电子；性别=初筛确认(2026-08-09)
宁夏,银川一中,2003,文,F,,女(原文'她');英139全区最高;录取北大
宁夏,银川二中,2004,理,M,707,语125数147英139综296;录取清华计算机；性别=初筛确认(2026-08-09)
宁夏,银川一中,2004,文,F,,录取北大；性别=初筛确认(2026-08-09)
宁夏,银川二中,2005,理,M,690,男(原文'他');语126数136英138综290;录取北大
宁夏,唐徕回民中学,2005,文,F,650,女(原文'她');语133数121英143综253;录取北大
宁夏,银川一中,2006,理,F,688,女(原文'她');语131数135英140综282;录取清华
宁夏,唐徕回民中学,2006,文,M,648,含加分20裸分628;总分状元;录取北大；性别=初筛确认(2026-08-09)
宁夏,银川一中,2006,文,F,643,女(原文'她');裸分状元;语127数120英138综258;录取北大
宁夏,银川一中,2007,理,M,682,男(原文'他');语133数144外138综267;录取北大
宁夏,银川二中,2007,文,F,662,女(原文'她');语122数131英135综274;录取北大光华
宁夏,石嘴山三中,2008,理,M,668,男(原文'他');语128数145英131综264;录取清华
宁夏,石嘴山一中,2008,文,M,632,男(原文'他');语125数115英143综249;录取北大
宁夏,银川一中,2009,理,M,656,男(原文'他');并列;语117数129英144综266;录取清华土木
宁夏,银川一中,2009,理,M,656,男(原文'他');并列;语109数137英138综272;录取北大元培
宁夏,银川二中,2009,文,F,639,女(原文'她');语119数143外141综236;录取北大光华
宁夏,银川一中,2010,理,M,667,男(原文'他');语130数139英141综257;录取清华
宁夏,银川一中,2010,文,F,620,女(原文'她');语117数129英136综238;录取北大
宁夏,银川一中,2011,理,M,680,男(原文'他');语121数140英139综280;录取北大物理
宁夏,银川一中,2011,文,NA,632,含加分10裸分622;总分状元
宁夏,中卫一中,2011,文,M,629,男(原文'他');裸分状元;语127数144英133综225;录取北大光华
宁夏,银川一中,2012,理,M,671,男(原文'他');语125数131英143综272;录取北大光华
宁夏,银川一中,2012,文,M,632,男(原文'他');语116数128英138综250;录取北大
宁夏,固原一中,2013,理,M,670,男(原文'他');语121数138外145综266;录取北大
宁夏,银川一中,2013,文,NA,649,含加分20裸分629;总分状元;录取清华法学
宁夏,银川一中,2013,文,F,642,女(原文'她');裸分状元;语122数146英140综234;录取清华
宁夏,银川一中,2014,理,NA,696,含加分20裸分676;总分状元;录取清华建筑
宁夏,银川一中,2014,理,M,678,男(原文'他');裸分状元;语120数136英143综279;录取北大光华
宁夏,唐徕回民中学,2014,文,NA,655,含加分20裸分635;总分状元;录取清华
宁夏,石嘴山三中,2014,文,NA,641,裸分状元;录取清华
宁夏,银川一中,2015,理,NA,691,录取清华
宁夏,银川二中,2015,文,F,682,女(原文'她');含加分20裸分662;银川中考状元;语113数150外140综259;录取北大
宁夏,银川二中,2016,理,F,696,女(原文'她');语121数140英149综286;录取清华
宁夏,银川二中,2016,文,F,669,女(原文'她');语118数144英145综262;录取清华
宁夏,银川一中,2017,理,NA,676,录取清华经管信管
宁夏,银川二中,2017,文,NA,683,含加分20裸分663;录取北大
宁夏,银川一中,2018,理,M,698,男(原文'他');并列;语126数144英143综285;录取北大元培
宁夏,银川一中,2018,理,F,698,并列;录取清华；性别=初筛确认(2026-08-09)
宁夏,银川一中,2018,文,F,661,含加分20裸分641;总分状元;录取北大；性别=初筛确认(2026-08-09)
宁夏,银川一中,2018,文,M,660,"男(原文'他');裸分状元;复读生(原中卫中学,2017=608);录取清华经管"
宁夏,银川一中,2019,理,M,697,男(原文'他');含加分10裸分687;语127数137英147综276;录取清华交叉信息
宁夏,固原一中,2019,文,F,688,女(原文'她');含加分20裸分668;语119数136外146综267;录取北大光华
宁夏,银川一中,2020,理,M,703,男(原文'他');语125数140英149综289;录取清华
宁夏,银川一中,2020,文,F,686,女(原文'她');含加分20裸分666;总分状元;语133数140英136综257;录取北大元培(中文)
宁夏,银川一中,2020,文,M,672,男(原文'他');裸分状元;语134数136英143综259;录取北大光华
宁夏,银川一中,2021,理,F,674,女(原文'她');语141;录取北大光华
宁夏,银川一中,2021,文,F,674,女(原文'她');含加分10裸分664;总分状元;语132数146英143综243;录取清华经管
宁夏,银川二中,2021,文,F,672,裸分状元;录取北大光华；性别=初筛确认(2026-08-09)
宁夏,银川一中,2022,理,NA,693,含加分10裸分683;录取北大元培
宁夏,银川一中,2022,文,F,637,女(原文'她');录取北大光华
宁夏,银川一中,2023,理,M,678,男(原文'他');并列;录取清华交叉信息
宁夏,石嘴山三中,2023,理,M,678,并列;语139全区单科第1;录取北大；性别=初筛确认(2026-08-09)
宁夏,银川一中,2023,文,M,655,性别=初筛确认(2026-08-09)
宁夏,银川一中,2024,理,NA,691,语118数141外139综293
宁夏,银川二中,2024,文,NA,662,语124数142外132综264;录取北大光华
宁夏,银川一中,2025,物理类,NA,704,3+1+2
宁夏,银川一中,2025,历史类,NA,670,3+1+2
宁夏,银川一中,2026,物理类,NA,710,3+1+2;匿名化;语142数138外144物92化99生95
宁夏,银川一中,2026,历史类,NA,667,3+1+2;匿名化;并列
宁夏,固原一中,2026,历史类,NA,667,3+1+2;并列
重庆,万州中学,1998,理,F,684,录取北大；性别=初筛确认(2026-08-09)
重庆,西南大学附中,1998,文,NA,665,录取北大经院
重庆,西南大学附中,1999,理,NA,695,录取北大数学
重庆,重庆一中,1999,文,NA,,并列;录取中国传媒大学
重庆,重庆外国语学校,1999,文,F,,并列;录取北大；性别=初筛确认(2026-08-09)
重庆,铜梁中学,2000,理,F,682,女(原文'她');语132数138英117物146化149;录取北大生物
重庆,重庆外国语学校,2000,文,M,652,男(原文'他');并列;复读生(1999=567);语132数130英138政128史124;录取北大经院
重庆,合川中学,2000,文,NA,,并列;录取上海交大
重庆,铜梁中学,2001,理,NA,694,录取北大物理
重庆,江津中学,2001,文,F,666,录取北大光华；性别=初筛确认(2026-08-09)
重庆,巴蜀中学,2002,理,F,706,女(原文'她');语130数144外136综296;录取清华工商管理
重庆,巴蜀中学,2002,文,F,680,女(原文'她');语140数144外139综257;录取北大光华
重庆,重庆南开中学,2003,理,M,688,男(原文'他');语130数148英136综274;录取北大数学
重庆,巴蜀中学,2003,文,F,656,女(原文'她');语127数140英132综257;录取北大光华
重庆,重庆南开中学,2004,理,F,719,女(原文'她');含加分20裸分699;语125数148英130综296;录取北大生科
重庆,重庆南开中学,2004,文,NA,651,铜梁中考状元;录取北大经院
重庆,重庆南开中学,2005,理,F,709,女(原文'她');语125数148英139综297;录取清华数理基础
重庆,巴蜀中学,2005,文,F,676,女(原文'她');语130数146外137综263;录取北大政府管理学院
重庆,重庆南开中学,2006,理,F,708,含加分;总分状元;录取北大；性别=初筛确认(2026-08-09)
重庆,重庆一中,2006,理,M,697,男(原文'他');裸分状元;并列;语123数149英140综285;录取北大元培
重庆,重庆十八中,2006,理,M,697,裸分状元;并列;语129数143英138综287;录取清华建筑；性别=初筛确认(2026-08-09)
重庆,巴蜀中学,2006,文,F,683,女(原文'她');含加分10裸分673;语126数146英136综265;录取北大光华
重庆,巴蜀中学,2007,理,M,703,男(原文'他');含加分20裸分683;总分状元;理综全市单科第1;语112数140英140综291;录取北大光华
重庆,重庆南开中学,2007,理,F,700,女(原文'她');裸分状元;语118数150英143综289;录取清华建筑
重庆,重庆外国语学校,2007,文,M,654,男(原文'他');语131数138外146综239;录取北大俄语
重庆,重庆南开中学,2008,理,NA,720,含加分20裸分700;总分状元;录取清华经管
重庆,重庆一中,2008,理,F,706,女(原文'她');裸分状元;复读生;语129数141英139综297;录取北大元培
重庆,重庆一中,2008,文,F,666,女(原文'她');并列;语120数142外139综265;录取北大光华
重庆,万州二中,2008,文,M,666,男(原文'他');并列;语117数144外142综263;录取清华经管
重庆,重庆一中,2009,理,NA,705,含加分20裸分685;总分状元
重庆,重庆南开中学,2009,理,M,693,男(原文'他');裸分状元;复读生(2008=659);语123数144英137综289;录取清华经管
重庆,巴蜀中学,2009,文,M,666,男(原文'他');含加分20裸分646;总分状元;并列;录取北大光华
重庆,巴蜀中学,2009,文,NA,666,含加分20裸分646;总分状元;并列;录取北大光华
重庆,巴蜀中学,2009,文,F,655,女(原文'她');裸分状元;并列;语127数130英136综262;录取北大光华
重庆,重庆十一中,2009,文,M,655,男(原文'他');裸分状元;并列;语120数140英137综258;录取北大元培(国发院)
重庆,重庆一中,2010,理,M,706,男(原文'他');含加分10裸分696;语134数140英139综283;录取清华临床医学
重庆,梁平中学,2010,文,M,693,男(原文'他');含加分10裸分683;总分状元;语128数145英139综271;录取北大光华
重庆,重庆八中,2010,文,M,688,男(原文'他');裸分状元;语122数146英142综278;录取北大光华
重庆,重庆十一中,2011,理,M,700,男(原文'他');含加分10裸分690;总分状元;语121数135英139综295;录取北大元培
重庆,重庆八中,2011,理,NA,699,裸分状元;语127数139外141综292;录取清华经管
重庆,巴蜀中学,2011,文,F,687,女(原文'她');语126数150英139综272;录取清华经管
重庆,涪陵五中,2012,理,M,719,男(原文'他');含加分10裸分709;语129数150英144综286;录取清华建筑
重庆,重庆南开中学,2012,文,M,681,男(原文'他');复读生(2011=638);语123数150英136综272;录取北大法学
重庆,重庆南开中学,2013,理,M,693,男(原文'他');语118数145英145综285;录取北大光华
重庆,重庆一中,2013,文,F,685,女(原文'她');语129数146英139综271;录取北大光华
重庆,巴蜀中学,2014,理,M,699,男(原文'他');含加分10裸分689;语123数150英136综280;录取北大光华
重庆,重庆南开中学,2014,文,NA,685,语128数146英142综269;录取北大中文
重庆,重庆南开中学,2015,理,F,719,女(原文'她');语140数146英142综291;录取清华建筑
重庆,巴蜀中学,2015,文,F,706,女(原文'她');含加分10裸分696;总分状元;语126数144英148综278;录取清华
重庆,巴蜀中学,2015,文,M,704,男(原文'他');裸分状元;语129数150英146综279;录取北大光华
重庆,重庆一中,2016,理,F,720,女(原文'她');语131数150英147综292;录取清华新雅
重庆,重庆一中,2016,文,F,661,女(原文'她');一诊698.5;语125数148外147综241;录取北大元培(国发院)
重庆,巴蜀中学,2017,理,M,716,男(原文'他');语131数146外147综292;录取清华钱学森力学班
重庆,巴蜀中学,2017,文,F,671,女(原文'她');语124数149英146综252;录取北大光华
重庆,巴蜀中学,2018,理,M,706,男(原文'他');语123数150英146综287;录取清华计算机
重庆,巴蜀中学,2018,文,F,659,"开州区,与谢恩泽小学同班;语121数145英141综252;录取北大中文；性别=初筛确认(2026-08-09)"
重庆,重庆南开中学,2019,理,M,714,男(原文'他');语130数149外149综286;录取清华计算机
重庆,巴蜀中学,2019,文,F,686,女(原文'她');语130数147外147综262;录取北大光华
重庆,重庆八中,2020,理,F,726,女(原文'她');中考状元727.5/750;语136数149外148综293;录取北大元培(心理学)
重庆,重庆南开中学,2020,文,F,686,女(原文'她');语136数148外144综258;录取北大元培(法学)
重庆,重庆八中,2021,物理类,F,722,女(原文'她');3+1+2;含加分10裸分712;总分状元;选科物化生;录取北大元培(法学)
重庆,重庆南开中学,2021,物理类,NA,714,3+1+2;裸分状元;选科物化生;录取清华计算机
重庆,重庆八中,2021,历史类,F,693,女(原文'她');3+1+2;中考状元727.5/750;选科史化地;录取北大元培
重庆,重庆南开中学,2021,历史类,M,693,男(原文'他');3+1+2;含加分10裸分683;总分状元;选科史化政;录取北大元培(历史学)
重庆,重庆南开中学,2022,物理类,F,694,3+1+2;合川中考状元;二诊717.5全市第一;选科物化生;录取清华电子信息；性别=初筛确认(2026-08-09)
重庆,重庆南开中学,2022,历史类,F,689,3+1+2;一诊690.5/二诊699.5全市第一;选科史生政;录取北大光华；性别=初筛确认(2026-08-09)
重庆,重庆八中,2023,物理类,NA,703,3+1+2;选科物化生;录取北大元培;2023情况存疑
重庆,巴蜀中学,2023,历史类,NA,679,3+1+2;录取北大;2023情况存疑
重庆,重庆南开中学,2024,物理类,NA,716,3+1+2;并列;录取北大;两人并列已确认
重庆,重庆南开中学,2024,物理类,NA,716,3+1+2;并列;录取北大;两人并列已确认
重庆,巴蜀中学,2024,历史类,NA,,3+1+2;姓名不详;存疑
重庆,重庆十一中,2025,历史类,NA,,3+1+2;部分匿名化
福建,福州八中,2002,理,F,697,女(原文'她');语131数144英139综283;录取北大
福建,福州一中,2002,文,F,662,女(原文'她');语115数137英135综275;录取北大
福建,南平一中,2003,理,F,670,女(原文'她');语132数138英143综257;录取清华计算机
福建,泉州五中,2003,文,F,651,女(原文'她');语132数121英140综258;录取北大
福建,厦门外国语学校,2004,理,F,720,女(原文'她');含加分20裸分700;总分状元;录取清华经管
福建,厦门双十中学,2004,理,F,704,女(原文'她');裸分状元;并列;语126数139英147综292;录取清华
福建,厦门英才学校,2004,理,M,704,男(原文'他');裸分状元;并列;复读生(2003=570+);语119数149英143综293;录取清华
福建,厦门外国语学校,2004,文,M,676,男(原文'他');含加分20裸分656;总分状元;语121数140英138综256;录取北大光华
福建,泉州五中,2004,文,F,674,女(原文'她');裸分状元;语128数148英144综254;录取复旦国贸
福建,晋江养正中学,2005,理,M,679,男(原文'他');语127数146英128综278;录取清华
福建,龙海一中,2005,文,M,643,男(原文'他');复读生(2004=630+);语118数142英131综252;录取北大元培
福建,福州一中,2006,理,F,688,女(原文'她');语131数141英139综277;录取北大
福建,泉州七中,2006,文,M,673,男(原文'他');复读生(2005=590+);语130数147英141综255;录取北大
福建,厦门一中,2007,理,F,715,含加分20裸分695;总分状元；性别=初筛确认(2026-08-09)
福建,漳州一中,2007,理,F,702,女(原文'她');裸分状元;语138数134英143综287;录取北大
福建,尤溪一中,2007,文,F,661,女(原文'她');语132数146英138综245;录取北大
福建,永定一中,2008,理,F,674,女(原文'她');语117数137英143综277;录取北大
福建,福州一中,2008,文,M,662,男(原文'他');语129数143英131综259;录取北大
福建,厦门外国语学校,2009,理,F,713,女(原文'她');含加分20裸分693;总分状元;语129数135英141综288;录取港大
福建,武平一中,2009,理,F,702,女(原文'她');裸分状元;语138数135英137综292;录取清华
福建,武平一中,2009,文,F,678,女(原文'她');含加分20裸分658;总分状元;语121数132英140综265;录取北大
福建,福建师大附中,2009,文,F,674,女(原文'她');裸分状元;语132数143英136综263;录取清华
福建,厦门一中,2010,理,F,691,女(原文'她');含加分10裸分681;总分状元;语137数139英136综269;录取港大
福建,泉州七中,2010,理,F,686,女(原文'她');裸分状元;语140数129英140综277;录取港大
福建,平潭一中,2010,文,F,659,女(原文'她');含加分10裸分649;总分状元;录取港中文
福建,厦门双十中学,2010,文,M,654,男(原文'他');裸分状元;语122数121英144综267;录取北大
福建,厦门外国语学校,2011,理,F,721,女(原文'她');语138数150英146综287;录取清华
福建,漳州一中,2011,文,F,678,女(原文'她');含加分10裸分668;语134数149外141综244;录取北大
福建,泉州五中,2012,理,F,701,女(原文'她');含加分10裸分691;总分状元;并列;语129数138英142综282;录取清华
福建,厦门外国语学校,2012,理,M,701,男(原文'他');含加分10裸分691;总分状元;并列;语125数135英147综284;录取清华
福建,厦门外国语学校,2012,理,M,691,裸分状元;并列;语118数137英144综292;录取清华；性别=初筛确认(2026-08-09)
福建,福州一中,2012,理,M,691,男(原文'他');裸分状元;并列;语124数139英140综288;录取清华
福建,泉州五中,2012,文,F,677,女(原文'她');含加分10裸分667;语120数147英139综261;录取北大
福建,龙岩一中,2013,理,M,701,男(原文'他');语125数146英141综289;录取清华
福建,厦门外国语学校,2013,文,F,660,女(原文'她');含加分10裸分650;总分状元;语121数130英142综257;录取清华
福建,福州一中,2013,文,F,653,女(原文'她');裸分状元;语125数135英143综250;录取清华
福建,泉州五中,2014,理,M,700,男(原文'他');含加分10裸分690;总分状元;录取北大
福建,福州一中,2014,理,M,692,男(原文'他');裸分状元;语122数144英144综282;录取清华
福建,泉州五中,2014,文,M,676,男(原文'他');含加分10裸分666;总分状元;并列;录取北大
福建,龙岩一中,2014,文,F,676,女(原文'她');含加分10裸分666;总分状元;并列;录取北大
福建,惠安一中,2014,文,NA,671,裸分状元;语131数146英144综250;录取北大光华
福建,永春一中,2015,理,NA,704,含加分10裸分694;总分状元
福建,厦门英才学校,2015,理,M,703,男(原文'他');裸分状元;语128数145英139综291;录取清华
福建,连江一中,2015,文,F,663,女(原文'她');语126数141外143综253;录取清华
福建,厦门外国语学校,2016,理,M,701,男(原文'他');语122数149英139综291;录取清华经金国际班
福建,福州一中,2016,文,F,651,女(原文'她');语133数138英143综237;录取北大
福建,厦门一中,2017,理,NA,692,语117数140外146综289;录取清华物理
福建,厦门外国语学校,2017,文,M,643,男(原文'他');语118数148外144综233;录取清华新雅
福建,漳州实验中学,2018,理,NA,708,语130数147英148综283;录取清华
福建,晋江养正中学,2018,文,NA,687,语134数148外150(满分)综255;录取北大
福建,三明一中,2019,理,M,701,男(原文'他');语131数143外144综283;录取北大数学
福建,永安一中,2019,文,F,674,女(原文'她');语133数143英147综251;录取北大中文
福建,永安一中,2020,理,NA,711,三明中考状元;高一高二就读厦门双十;语134数148英145综284;录取清华交叉信息
福建,厦门双十中学,2020,文,F,668,女(原文'她');语142数133英145综248;录取北大元培
福建,泉州实验中学,2021,物理类,NA,712,3+1+2;语133数143外146物100化96政94;录取北大元培(通用人工智能)
福建,泉州五中,2021,历史类,F,682,女(原文'她');3+1+2;语137数130英142史82政98地93;录取北大元培(社会学)
福建,福州一中,2022,物理类,M,703,3+1+2;数142;选科物化生;录取北大元培；性别=初筛确认(2026-08-09)
福建,泉州五中,2022,历史类,NA,696,3+1+2;泉州中考状元;语137数139外149史83政93地95;录取北大元培
福建,厦门双十中学,2023,物理类,NA,710,3+1+2;选科物化生;录取北大元培
福建,泉州五中,2023,历史类,F,693,女(原文'她');3+1+2;语137数130外148史86政98地94;录取北大元培
福建,厦门一中,2024,物理类,F,719,女(原文'她');3+1+2;语136数141外147物97化98生100;录取北大元培
福建,厦门英才学校,2024,历史类,NA,679,"3+1+2;复读生:原厦门一中物化生,复读时物理改历史;语132数133外143史78化95生98;录取北大元培"
福建,厦门外国语学校,2024,历史类,NA,679,3+1+2;并列;选科史生政;外语为法语;录取清华新雅
福建,厦门双十中学,2025,物理类,M,705,男(原文'他');3+1+2;英语全省第1;语132数138英149物97化94生95;录取北大元培
福建,泉州五中,2025,历史类,M,696,男(原文'他');3+1+2;语137数136英145史84化95政99;录取北大元培
福建,厦门一中,2026,物理类,NA,705,3+1+2;语134数140外145物93化96生97
福建,厦门英才学校,2026,历史类,NA,688,3+1+2;英语149全省最高;复读生(原厦门双十);选科史政地
陕西,陕西师大附中,2002,理,NA,704,语142数145英141综276;录取北大金融
陕西,宝鸡中学,2002,文,NA,645,语128数115英124综277;录取北大
陕西,西安交大附中,2003,理,M,685,男(原文'他');语128数139英138综280;录取清华
陕西,西安八十六中,2003,文,M,691,语131数138英140综282；性别=初筛确认(2026-08-09)
陕西,陕西师大附中,2003,外,NA,661,文科外语类状元;语130数130英140综261
陕西,西工大附中,2004,理,F,715,女(原文'她');语144数135英139综297;录取清华建筑
陕西,镇安中学,2004,文,F,689,语133数142英132综282；性别=初筛确认(2026-08-09)
陕西,铜川一中,2004,外,F,688,文科外语类状元;语132数140英139综277；性别=初筛确认(2026-08-09)
陕西,西安博迪中学,2005,理,M,729,男(原文'他');复读生(2004=675);语141数150英141综297;录取清华理学院
陕西,西工大附中,2005,文,F,686,女(原文'她');语136数149英132综269;录取北大
陕西,西安高新一中,2006,理,F,711,女(原文'她');语133数146英141综291;录取北大
陕西,西安高级中学,2006,文,F,685,女(原文'她');语129数145英146综265;录取北大
陕西,城固一中,2007,理,M,709,男(原文'他');语127数150英142综290;录取清华
陕西,西安高新一中,2007,文,F,672,语136数146英144综246；性别=初筛确认(2026-08-09)
陕西,西安高新一中,2008,理,M,702,男(原文'他');语137数149英128综288;录取清华
陕西,西工大附中,2008,文,F,693,语138数149英140综266；性别=初筛确认(2026-08-09)
陕西,西安高新一中,2009,理,NA,710,录取清华
陕西,西工大附中,2009,文,F,668,语137数148英143综240;录取北大；性别=初筛确认(2026-08-09)
陕西,西安高新一中,2010,理,F,712,女(原文'她');并列;语141数148英148综275;录取清华建筑
陕西,西安高新一中,2010,理,M,712,男(原文'他');并列;语139数148英144综281;录取清华
陕西,西安高新一中,2010,文,NA,681,语142数143英138综258
陕西,勉县一中,2011,理,F,709,女(原文'她');语134数149英135综291;录取北大元培
陕西,西安高新一中,2011,文,NA,687,语141数150英143综253
陕西,西工大附中,2012,理,F,712,女(原文'她');语137数150外145综280;录取清华
陕西,西安高新一中,2012,文,F,688,语132数150英142综264；性别=初筛确认(2026-08-09)
陕西,西安高新一中,2013,理,M,714,男(原文'他');语138数149英145综282;录取清华
陕西,西安高新一中,2013,文,F,671,女(原文'她');语131数145英147综248;录取北大
陕西,西安交大附中,2014,理,M,717,男(原文'他');语131数149外146综291;录取清华
陕西,延安中学,2014,文,F,684,女(原文'她');语134数145英144综261;录取北大光华工商管理
陕西,西安铁一中,2015,理,F,729,语140数150英146综293;录取清华经管；性别=初筛确认(2026-08-09)
陕西,西工大附中,2015,文,M,658,男(原文'他');语131数144英149综234;录取清华经管
陕西,西工大附中,2016,理,M,721,男(原文'他');并列;语129数144英149综299;录取清华
陕西,西工大附中,2016,理,F,721,女(原文'她');并列;语132数149英144综296;录取北大
陕西,西安铁一中,2016,文,NA,691,
陕西,西安高新一中,2017,理,M,719,语125数146英149综299;录取清华交叉信息；性别=初筛确认(2026-08-09)
陕西,西安高新一中,2017,文,NA,696,语138数142英147综269;录取清华
陕西,西安高新一中,2018,理,NA,712,并列;语125数148英144综295;录取清华
陕西,西安高新一中,2018,理,NA,712,并列;语119数150英145综298;录取北大物理
陕西,西安铁一中,2018,文,F,690,女(原文'她');语126数149英146综269;录取北大光华
陕西,西工大附中,2019,理,M,723,男(原文'他');语130数150英148综295;录取清华钱学森力学班
陕西,西安铁一中,2019,文,M,697,男(原文'他');语134数147外140综276;录取清华经管
陕西,西安高新一中,2020,理,M,725,语137数150外150综288;录取清华行健书院(理论与应用力学)；性别=初筛确认(2026-08-09)
陕西,西安高新一中,2020,文,NA,700,录取北大光华
陕西,西安高新一中,2021,理,M,727,男(原文'他');西安中考状元;语142数150外148综287;录取清华新雅
陕西,西安高新一中,2021,文,NA,698,录取北大元培
陕西,西安铁一中,2022,理,NA,723,语137数145外149综292;录取北大物理
陕西,西安高新一中,2022,文,NA,676,语133数145外146综252;录取清华新雅
陕西,西工大附中,2023,理,NA,721,并列;语141数141英143综296;录取北大元培(微电子)
陕西,西工大附中,2023,理,NA,721,并列;录取清华
陕西,西工大附中,2023,理,M,721,并列;语135数146英147综293;录取清华交叉信息；性别=初筛确认(2026-08-09)
陕西,西工大附中,2023,理,F,721,女(原文'她');并列;语133数150英142综296;录取清华新雅
陕西,西安高新一中,2023,文,F,688,女(原文'她');语134数148外140综266;录取清华经管
陕西,西安高新一中,2024,理,NA,724,语134数146外146综298;录取清华交叉信息
陕西,西安高新一中,2024,文,M,673,录取北大元培；性别=初筛确认(2026-08-09)
陕西,西工大附中,2025,物理类,NA,723,3+1+2
陕西,西安铁一中,2025,历史类,NA,697,3+1+2;分数存疑;录取北大元培
陕西,西工大附中,2026,物理类,NA,728,3+1+2;消息存疑;匿名化
陕西,西安高新一中,2026,历史类,NA,688,3+1+2;消息存疑;匿名化
海南,海南中学,2006,文,F,882,标准分900制;录取北大；性别=初筛确认(2026-08-09)
海南,海南中学,2006,理,NA,,标准分900制
海南,琼海嘉积中学,2007,文,NA,,标准分900制
海南,琼海嘉积中学,2007,理,NA,,标准分900制;录取清华建筑
海南,海南国科园实验学校,2008,理,NA,,标准分900制;录取清华(后保研清华)
海南,海南中学,2009,文,F,,标准分900制;录取北大元培；性别=初筛确认(2026-08-09)
海南,海南中学,2010,文,NA,889,标准分900制;录取北大光华
海南,澄迈中学,2010,理,NA,939,标准分制(2010年起含会考加成?)
海南,文昌中学,2011,文,NA,890,标准分900制
海南,海南中学,2011,理,F,900,标准分900制；性别=初筛确认(2026-08-09)
海南,文昌中学,2012,文,NA,891,标准分900制
海南,海南华侨中学,2012,理,NA,900,标准分900制
海南,海南华侨中学,2013,文,F,930,女(原文明确标注);标准分制含会考加成
海南,海南华侨中学,2013,理,F,938,女(原文明确标注);标准分制含会考加成
海南,海南华侨中学,2014,文,F,,标准分制；性别=初筛确认(2026-08-09)
海南,海南中学,2014,理,F,,标准分制；性别=初筛确认(2026-08-09)
海南,海南中学,2015,文,F,894,标准分制；性别=初筛确认(2026-08-09)
海南,海南中学,2015,理,NA,900,标准分制
海南,海南中学,2016,文,F,,女(原文明确标注);标准分制
海南,海南中学,2016,理,F,,女(原文明确标注);标准分制
海南,海南中学,2017,文,M,930,男(原文明确标注);标准分制
海南,海南中学,2017,理,F,939,女(原文明确标注);标准分制
海南,海南侨中,2018,理,M,,标准分制；性别=初筛确认(2026-08-09)
海南,农垦实验中学,2018,文,NA,,标准分制
海南,海南中学,2019,理,F,,标准分制；性别=初筛确认(2026-08-09)
海南,海南中学,2019,文,NA,,标准分制
海南,海南中学,2022,不分,NA,900,3+3新高考;满分并列;录取清华计算机
海南,海南中学,2022,不分,M,900,3+3新高考;满分并列;录取北大物理；性别=初筛确认(2026-08-09)
海南,海口一中,2022,不分,M,900,3+3新高考;满分并列;网传信息；性别=初筛确认(2026-08-09)
海南,海南中学,2023,不分,M,900,3+3新高考;满分;选科物化生;录取北大化学类；性别=初筛确认(2026-08-09)
海南,海南中学,2023,不分,NA,900,3+3新高考;满分;选科物化
海南,海口一中,2024,不分,NA,900,3+3;满分;标准分:语300数280英271物260化282生264;录取清华
海南,海口中学,2024,不分,NA,900,3+3;满分并列;录取清华
海南,海南中学,2024,不分,NA,900,3+3;满分并列;录取清华
海南,海南中学,2025,不分,NA,900,3+3;满分;录取北大数学
海南,海南中学,2025,不分,M,900,3+3;满分;录取清华计算机与金融双学位；性别=初筛确认(2026-08-09)
海南,海南中学,2025,不分,F,900,3+3;满分；性别=初筛确认(2026-08-09)
